global_index,row,connector,pin,muxword_hex,muxword_bin,muxword_dec,dg_sel,dg_bank,pix4052_sel,pix4051_sel,dac_sel_int,dac_sel_A0A1A2,dac_ch,notes
0,1,J1_JA1,3,0x170,101110000,368,0,0,3,5,1,100,0,"PIX4051=U1_4051R1@X5, PIX4052=U67_4052Mux1@S3B, DG4051=U49_DAC_LV1@X0 nEN=L, U52=LV1-pin7 FMC_A0A1A2=100"
1,1,J1_JA1,4,0x175,101110101,373,5,0,3,5,1,100,0,"PIX4051=U25_4051L1@X5, PIX4052=U65_4052Mux1@S3A, DG4051=U49_DAC_LV1@X5 nEN=L, U52=LV1-pin7 FMC_A0A1A2=100"
2,1,J1_JA1,5,0x1F0,111110000,496,0,0,3,7,1,100,0,"PIX4051=U1_4051R1@X7, PIX4052=U67_4052Mux1@S3B, DG4051=U49_DAC_LV1@X0 nEN=L, U52=LV1-pin7 FMC_A0A1A2=100"
3,1,J1_JA1,6,0x1F5,111110101,501,5,0,3,7,1,100,0,"PIX4051=U25_4051L1@X7, PIX4052=U65_4052Mux1@S3A, DG4051=U49_DAC_LV1@X5 nEN=L, U52=LV1-pin7 FMC_A0A1A2=100"
4,1,J1_JA1,7,0x130,100110000,304,0,0,3,4,1,100,0,"PIX4051=U1_4051R1@X4, PIX4052=U67_4052Mux1@S3B, DG4051=U49_DAC_LV1@X0 nEN=L, U52=LV1-pin7 FMC_A0A1A2=100"
5,1,J1_JA1,8,0x135,100110101,309,5,0,3,4,1,100,0,"PIX4051=U25_4051L1@X4, PIX4052=U65_4052Mux1@S3A, DG4051=U49_DAC_LV1@X5 nEN=L, U52=LV1-pin7 FMC_A0A1A2=100"
6,1,J1_JA1,9,0x1B0,110110000,432,0,0,3,6,1,100,0,"PIX4051=U1_4051R1@X6, PIX4052=U67_4052Mux1@S3B, DG4051=U49_DAC_LV1@X0 nEN=L, U52=LV1-pin7 FMC_A0A1A2=100"
7,1,J1_JA1,10,0x1B5,110110101,437,5,0,3,6,1,100,0,"PIX4051=U25_4051L1@X6, PIX4052=U65_4052Mux1@S3A, DG4051=U49_DAC_LV1@X5 nEN=L, U52=LV1-pin7 FMC_A0A1A2=100"
8,1,J1_JA1,11,0x070,001110000,112,0,0,3,1,1,100,0,"PIX4051=U1_4051R1@X1, PIX4052=U67_4052Mux1@S3B, DG4051=U49_DAC_LV1@X0 nEN=L, U52=LV1-pin7 FMC_A0A1A2=100"
9,1,J1_JA1,12,0x075,001110101,117,5,0,3,1,1,100,0,"PIX4051=U25_4051L1@X1, PIX4052=U65_4052Mux1@S3A, DG4051=U49_DAC_LV1@X5 nEN=L, U52=LV1-pin7 FMC_A0A1A2=100"
10,1,J1_JA1,13,0x0B0,010110000,176,0,0,3,2,1,100,0,"PIX4051=U1_4051R1@X2, PIX4052=U67_4052Mux1@S3B, DG4051=U49_DAC_LV1@X0 nEN=L, U52=LV1-pin7 FMC_A0A1A2=100"
11,1,J1_JA1,14,0x0B5,010110101,181,5,0,3,2,1,100,0,"PIX4051=U25_4051L1@X2, PIX4052=U65_4052Mux1@S3A, DG4051=U49_DAC_LV1@X5 nEN=L, U52=LV1-pin7 FMC_A0A1A2=100"
12,1,J1_JA1,15,0x030,000110000,48,0,0,3,0,1,100,0,"PIX4051=U1_4051R1@X0, PIX4052=U67_4052Mux1@S3B, DG4051=U49_DAC_LV1@X0 nEN=L, U52=LV1-pin7 FMC_A0A1A2=100"
13,1,J1_JA1,16,0x035,000110101,53,5,0,3,0,1,100,0,"PIX4051=U25_4051L1@X0, PIX4052=U65_4052Mux1@S3A, DG4051=U49_DAC_LV1@X5 nEN=L, U52=LV1-pin7 FMC_A0A1A2=100"
14,1,J1_JA1,17,0x0F0,011110000,240,0,0,3,3,1,100,0,"PIX4051=U1_4051R1@X3, PIX4052=U67_4052Mux1@S3B, DG4051=U49_DAC_LV1@X0 nEN=L, U52=LV1-pin7 FMC_A0A1A2=100"
15,1,J1_JA1,18,0x0F5,011110101,245,5,0,3,3,1,100,0,"PIX4051=U25_4051L1@X3, PIX4052=U65_4052Mux1@S3A, DG4051=U49_DAC_LV1@X5 nEN=L, U52=LV1-pin7 FMC_A0A1A2=100"
16,1,J1_JA1,19,0x160,101100000,352,0,0,2,5,1,100,0,"PIX4051=U2_4051R1@X5, PIX4052=U67_4052Mux1@S2B, DG4051=U49_DAC_LV1@X0 nEN=L, U52=LV1-pin7 FMC_A0A1A2=100"
17,1,J1_JA1,20,0x165,101100101,357,5,0,2,5,1,100,0,"PIX4051=U26_4051L1@X5, PIX4052=U65_4052Mux1@S2A, DG4051=U49_DAC_LV1@X5 nEN=L, U52=LV1-pin7 FMC_A0A1A2=100"
18,1,J1_JA1,21,0x1E0,111100000,480,0,0,2,7,1,100,0,"PIX4051=U2_4051R1@X7, PIX4052=U67_4052Mux1@S2B, DG4051=U49_DAC_LV1@X0 nEN=L, U52=LV1-pin7 FMC_A0A1A2=100"
19,1,J1_JA1,22,0x1E5,111100101,485,5,0,2,7,1,100,0,"PIX4051=U26_4051L1@X7, PIX4052=U65_4052Mux1@S2A, DG4051=U49_DAC_LV1@X5 nEN=L, U52=LV1-pin7 FMC_A0A1A2=100"
20,1,J1_JA1,23,0x120,100100000,288,0,0,2,4,1,100,0,"PIX4051=U2_4051R1@X4, PIX4052=U67_4052Mux1@S2B, DG4051=U49_DAC_LV1@X0 nEN=L, U52=LV1-pin7 FMC_A0A1A2=100"
21,1,J1_JA1,24,0x125,100100101,293,5,0,2,4,1,100,0,"PIX4051=U26_4051L1@X4, PIX4052=U65_4052Mux1@S2A, DG4051=U49_DAC_LV1@X5 nEN=L, U52=LV1-pin7 FMC_A0A1A2=100"
22,1,J1_JA1,25,0x1A0,110100000,416,0,0,2,6,1,100,0,"PIX4051=U2_4051R1@X6, PIX4052=U67_4052Mux1@S2B, DG4051=U49_DAC_LV1@X0 nEN=L, U52=LV1-pin7 FMC_A0A1A2=100"
23,1,J1_JA1,26,0x1A5,110100101,421,5,0,2,6,1,100,0,"PIX4051=U26_4051L1@X6, PIX4052=U65_4052Mux1@S2A, DG4051=U49_DAC_LV1@X5 nEN=L, U52=LV1-pin7 FMC_A0A1A2=100"
24,1,J1_JA1,27,0x060,001100000,96,0,0,2,1,1,100,0,"PIX4051=U2_4051R1@X1, PIX4052=U67_4052Mux1@S2B, DG4051=U49_DAC_LV1@X0 nEN=L, U52=LV1-pin7 FMC_A0A1A2=100"
25,1,J1_JA1,28,0x065,001100101,101,5,0,2,1,1,100,0,"PIX4051=U26_4051L1@X1, PIX4052=U65_4052Mux1@S2A, DG4051=U49_DAC_LV1@X5 nEN=L, U52=LV1-pin7 FMC_A0A1A2=100"
26,1,J1_JA1,29,0x0A0,010100000,160,0,0,2,2,1,100,0,"PIX4051=U2_4051R1@X2, PIX4052=U67_4052Mux1@S2B, DG4051=U49_DAC_LV1@X0 nEN=L, U52=LV1-pin7 FMC_A0A1A2=100"
27,1,J1_JA1,30,0x0A5,010100101,165,5,0,2,2,1,100,0,"PIX4051=U26_4051L1@X2, PIX4052=U65_4052Mux1@S2A, DG4051=U49_DAC_LV1@X5 nEN=L, U52=LV1-pin7 FMC_A0A1A2=100"
28,1,J1_JA1,31,0x020,000100000,32,0,0,2,0,1,100,0,"PIX4051=U2_4051R1@X0, PIX4052=U67_4052Mux1@S2B, DG4051=U49_DAC_LV1@X0 nEN=L, U52=LV1-pin7 FMC_A0A1A2=100"
29,1,J1_JA1,32,0x025,000100101,37,5,0,2,0,1,100,0,"PIX4051=U26_4051L1@X0, PIX4052=U65_4052Mux1@S2A, DG4051=U49_DAC_LV1@X5 nEN=L, U52=LV1-pin7 FMC_A0A1A2=100"
30,1,J1_JA1,33,0x0E0,011100000,224,0,0,2,3,1,100,0,"PIX4051=U2_4051R1@X3, PIX4052=U67_4052Mux1@S2B, DG4051=U49_DAC_LV1@X0 nEN=L, U52=LV1-pin7 FMC_A0A1A2=100"
31,1,J1_JA1,34,0x0E5,011100101,229,5,0,2,3,1,100,0,"PIX4051=U26_4051L1@X3, PIX4052=U65_4052Mux1@S2A, DG4051=U49_DAC_LV1@X5 nEN=L, U52=LV1-pin7 FMC_A0A1A2=100"
32,1,J1_JA1,35,0x163,101100011,355,3,0,2,5,1,100,0,"PIX4051=U3_4051R1@X5, PIX4052=U67_4052Mux1@S2A, DG4051=U49_DAC_LV1@X3 nEN=L, U52=LV1-pin7 FMC_A0A1A2=100"
33,1,J1_JA1,36,0x167,101100111,359,7,0,2,5,1,100,0,"PIX4051=U27_4051L1@X5, PIX4052=U65_4052Mux1@S2B, DG4051=U49_DAC_LV1@X7 nEN=L, U52=LV1-pin7 FMC_A0A1A2=100"
34,1,J1_JA1,37,0x1E3,111100011,483,3,0,2,7,1,100,0,"PIX4051=U3_4051R1@X7, PIX4052=U67_4052Mux1@S2A, DG4051=U49_DAC_LV1@X3 nEN=L, U52=LV1-pin7 FMC_A0A1A2=100"
35,1,J1_JA1,38,0x1E7,111100111,487,7,0,2,7,1,100,0,"PIX4051=U27_4051L1@X7, PIX4052=U65_4052Mux1@S2B, DG4051=U49_DAC_LV1@X7 nEN=L, U52=LV1-pin7 FMC_A0A1A2=100"
36,1,J1_JA1,39,0x123,100100011,291,3,0,2,4,1,100,0,"PIX4051=U3_4051R1@X4, PIX4052=U67_4052Mux1@S2A, DG4051=U49_DAC_LV1@X3 nEN=L, U52=LV1-pin7 FMC_A0A1A2=100"
37,1,J1_JA1,40,0x127,100100111,295,7,0,2,4,1,100,0,"PIX4051=U27_4051L1@X4, PIX4052=U65_4052Mux1@S2B, DG4051=U49_DAC_LV1@X7 nEN=L, U52=LV1-pin7 FMC_A0A1A2=100"
38,1,J1_JA1,41,0x1A3,110100011,419,3,0,2,6,1,100,0,"PIX4051=U3_4051R1@X6, PIX4052=U67_4052Mux1@S2A, DG4051=U49_DAC_LV1@X3 nEN=L, U52=LV1-pin7 FMC_A0A1A2=100"
39,1,J1_JA1,42,0x1A7,110100111,423,7,0,2,6,1,100,0,"PIX4051=U27_4051L1@X6, PIX4052=U65_4052Mux1@S2B, DG4051=U49_DAC_LV1@X7 nEN=L, U52=LV1-pin7 FMC_A0A1A2=100"
40,1,J1_JA1,43,0x063,001100011,99,3,0,2,1,1,100,0,"PIX4051=U3_4051R1@X1, PIX4052=U67_4052Mux1@S2A, DG4051=U49_DAC_LV1@X3 nEN=L, U52=LV1-pin7 FMC_A0A1A2=100"
41,1,J1_JA1,44,0x067,001100111,103,7,0,2,1,1,100,0,"PIX4051=U27_4051L1@X1, PIX4052=U65_4052Mux1@S2B, DG4051=U49_DAC_LV1@X7 nEN=L, U52=LV1-pin7 FMC_A0A1A2=100"
42,1,J1_JA1,45,0x0A3,010100011,163,3,0,2,2,1,100,0,"PIX4051=U3_4051R1@X2, PIX4052=U67_4052Mux1@S2A, DG4051=U49_DAC_LV1@X3 nEN=L, U52=LV1-pin7 FMC_A0A1A2=100"
43,1,J1_JA1,46,0x0A7,010100111,167,7,0,2,2,1,100,0,"PIX4051=U27_4051L1@X2, PIX4052=U65_4052Mux1@S2B, DG4051=U49_DAC_LV1@X7 nEN=L, U52=LV1-pin7 FMC_A0A1A2=100"
44,1,J1_JA1,47,0x023,000100011,35,3,0,2,0,1,100,0,"PIX4051=U3_4051R1@X0, PIX4052=U67_4052Mux1@S2A, DG4051=U49_DAC_LV1@X3 nEN=L, U52=LV1-pin7 FMC_A0A1A2=100"
45,1,J1_JA1,48,0x027,000100111,39,7,0,2,0,1,100,0,"PIX4051=U27_4051L1@X0, PIX4052=U65_4052Mux1@S2B, DG4051=U49_DAC_LV1@X7 nEN=L, U52=LV1-pin7 FMC_A0A1A2=100"
46,1,J1_JA1,49,0x0E3,011100011,227,3,0,2,3,1,100,0,"PIX4051=U3_4051R1@X3, PIX4052=U67_4052Mux1@S2A, DG4051=U49_DAC_LV1@X3 nEN=L, U52=LV1-pin7 FMC_A0A1A2=100"
47,1,J1_JA1,50,0x0E7,011100111,231,7,0,2,3,1,100,0,"PIX4051=U27_4051L1@X3, PIX4052=U65_4052Mux1@S2B, DG4051=U49_DAC_LV1@X7 nEN=L, U52=LV1-pin7 FMC_A0A1A2=100"
48,1,J1_JA1,51,0x173,101110011,371,3,0,3,5,1,100,0,"PIX4051=U4_4051R1@X5, PIX4052=U67_4052Mux1@S3A, DG4051=U49_DAC_LV1@X3 nEN=L, U52=LV1-pin7 FMC_A0A1A2=100"
49,1,J1_JA1,52,0x177,101110111,375,7,0,3,5,1,100,0,"PIX4051=U28_4051L1@X5, PIX4052=U65_4052Mux1@S3B, DG4051=U49_DAC_LV1@X7 nEN=L, U52=LV1-pin7 FMC_A0A1A2=100"
50,1,J1_JA1,53,0x1F3,111110011,499,3,0,3,7,1,100,0,"PIX4051=U4_4051R1@X7, PIX4052=U67_4052Mux1@S3A, DG4051=U49_DAC_LV1@X3 nEN=L, U52=LV1-pin7 FMC_A0A1A2=100"
51,1,J1_JA1,54,0x1F7,111110111,503,7,0,3,7,1,100,0,"PIX4051=U28_4051L1@X7, PIX4052=U65_4052Mux1@S3B, DG4051=U49_DAC_LV1@X7 nEN=L, U52=LV1-pin7 FMC_A0A1A2=100"
52,1,J1_JA1,55,0x133,100110011,307,3,0,3,4,1,100,0,"PIX4051=U4_4051R1@X4, PIX4052=U67_4052Mux1@S3A, DG4051=U49_DAC_LV1@X3 nEN=L, U52=LV1-pin7 FMC_A0A1A2=100"
53,1,J1_JA1,56,0x137,100110111,311,7,0,3,4,1,100,0,"PIX4051=U28_4051L1@X4, PIX4052=U65_4052Mux1@S3B, DG4051=U49_DAC_LV1@X7 nEN=L, U52=LV1-pin7 FMC_A0A1A2=100"
54,1,J1_JA1,57,0x1B3,110110011,435,3,0,3,6,1,100,0,"PIX4051=U4_4051R1@X6, PIX4052=U67_4052Mux1@S3A, DG4051=U49_DAC_LV1@X3 nEN=L, U52=LV1-pin7 FMC_A0A1A2=100"
55,1,J1_JA1,58,0x1B7,110110111,439,7,0,3,6,1,100,0,"PIX4051=U28_4051L1@X6, PIX4052=U65_4052Mux1@S3B, DG4051=U49_DAC_LV1@X7 nEN=L, U52=LV1-pin7 FMC_A0A1A2=100"
56,1,J1_JA1,59,0x073,001110011,115,3,0,3,1,1,100,0,"PIX4051=U4_4051R1@X1, PIX4052=U67_4052Mux1@S3A, DG4051=U49_DAC_LV1@X3 nEN=L, U52=LV1-pin7 FMC_A0A1A2=100"
57,1,J1_JA1,60,0x077,001110111,119,7,0,3,1,1,100,0,"PIX4051=U28_4051L1@X1, PIX4052=U65_4052Mux1@S3B, DG4051=U49_DAC_LV1@X7 nEN=L, U52=LV1-pin7 FMC_A0A1A2=100"
58,1,J1_JA1,61,0x0B3,010110011,179,3,0,3,2,1,100,0,"PIX4051=U4_4051R1@X2, PIX4052=U67_4052Mux1@S3A, DG4051=U49_DAC_LV1@X3 nEN=L, U52=LV1-pin7 FMC_A0A1A2=100"
59,1,J1_JA1,62,0x0B7,010110111,183,7,0,3,2,1,100,0,"PIX4051=U28_4051L1@X2, PIX4052=U65_4052Mux1@S3B, DG4051=U49_DAC_LV1@X7 nEN=L, U52=LV1-pin7 FMC_A0A1A2=100"
60,1,J1_JA1,63,0x033,000110011,51,3,0,3,0,1,100,0,"PIX4051=U4_4051R1@X0, PIX4052=U67_4052Mux1@S3A, DG4051=U49_DAC_LV1@X3 nEN=L, U52=LV1-pin7 FMC_A0A1A2=100"
61,1,J1_JA1,64,0x037,000110111,55,7,0,3,0,1,100,0,"PIX4051=U28_4051L1@X0, PIX4052=U65_4052Mux1@S3B, DG4051=U49_DAC_LV1@X7 nEN=L, U52=LV1-pin7 FMC_A0A1A2=100"
62,1,J1_JA1,65,0x0F3,011110011,243,3,0,3,3,1,100,0,"PIX4051=U4_4051R1@X3, PIX4052=U67_4052Mux1@S3A, DG4051=U49_DAC_LV1@X3 nEN=L, U52=LV1-pin7 FMC_A0A1A2=100"
63,1,J1_JA1,66,0x0F7,011110111,247,7,0,3,3,1,100,0,"PIX4051=U28_4051L1@X3, PIX4052=U65_4052Mux1@S3B, DG4051=U49_DAC_LV1@X7 nEN=L, U52=LV1-pin7 FMC_A0A1A2=100"
64,1,J1_JA1,67,0x174,101110100,372,4,0,3,5,1,100,0,"PIX4051=U5_4051R1@X5, PIX4052=U66_4052Mux1@S3B, DG4051=U49_DAC_LV1@X4 nEN=L, U52=LV1-pin7 FMC_A0A1A2=100"
65,1,J1_JA1,68,0x176,101110110,374,6,0,3,5,1,100,0,"PIX4051=U29_4051L1@X5, PIX4052=U66_4052Mux1@S3A, DG4051=U49_DAC_LV1@X6 nEN=L, U52=LV1-pin7 FMC_A0A1A2=100"
66,1,J1_JA1,69,0x1F4,111110100,500,4,0,3,7,1,100,0,"PIX4051=U5_4051R1@X7, PIX4052=U66_4052Mux1@S3B, DG4051=U49_DAC_LV1@X4 nEN=L, U52=LV1-pin7 FMC_A0A1A2=100"
67,1,J1_JA1,70,0x1F6,111110110,502,6,0,3,7,1,100,0,"PIX4051=U29_4051L1@X7, PIX4052=U66_4052Mux1@S3A, DG4051=U49_DAC_LV1@X6 nEN=L, U52=LV1-pin7 FMC_A0A1A2=100"
68,1,J1_JA1,71,0x134,100110100,308,4,0,3,4,1,100,0,"PIX4051=U5_4051R1@X4, PIX4052=U66_4052Mux1@S3B, DG4051=U49_DAC_LV1@X4 nEN=L, U52=LV1-pin7 FMC_A0A1A2=100"
69,1,J1_JA1,72,0x136,100110110,310,6,0,3,4,1,100,0,"PIX4051=U29_4051L1@X4, PIX4052=U66_4052Mux1@S3A, DG4051=U49_DAC_LV1@X6 nEN=L, U52=LV1-pin7 FMC_A0A1A2=100"
70,1,J1_JA1,73,0x1B4,110110100,436,4,0,3,6,1,100,0,"PIX4051=U5_4051R1@X6, PIX4052=U66_4052Mux1@S3B, DG4051=U49_DAC_LV1@X4 nEN=L, U52=LV1-pin7 FMC_A0A1A2=100"
71,1,J1_JA1,74,0x1B6,110110110,438,6,0,3,6,1,100,0,"PIX4051=U29_4051L1@X6, PIX4052=U66_4052Mux1@S3A, DG4051=U49_DAC_LV1@X6 nEN=L, U52=LV1-pin7 FMC_A0A1A2=100"
72,1,J1_JA1,75,0x074,001110100,116,4,0,3,1,1,100,0,"PIX4051=U5_4051R1@X1, PIX4052=U66_4052Mux1@S3B, DG4051=U49_DAC_LV1@X4 nEN=L, U52=LV1-pin7 FMC_A0A1A2=100"
73,1,J1_JA1,76,0x076,001110110,118,6,0,3,1,1,100,0,"PIX4051=U29_4051L1@X1, PIX4052=U66_4052Mux1@S3A, DG4051=U49_DAC_LV1@X6 nEN=L, U52=LV1-pin7 FMC_A0A1A2=100"
74,1,J1_JA1,77,0x0B4,010110100,180,4,0,3,2,1,100,0,"PIX4051=U5_4051R1@X2, PIX4052=U66_4052Mux1@S3B, DG4051=U49_DAC_LV1@X4 nEN=L, U52=LV1-pin7 FMC_A0A1A2=100"
75,1,J1_JA1,78,0x0B6,010110110,182,6,0,3,2,1,100,0,"PIX4051=U29_4051L1@X2, PIX4052=U66_4052Mux1@S3A, DG4051=U49_DAC_LV1@X6 nEN=L, U52=LV1-pin7 FMC_A0A1A2=100"
76,1,J1_JA1,79,0x034,000110100,52,4,0,3,0,1,100,0,"PIX4051=U5_4051R1@X0, PIX4052=U66_4052Mux1@S3B, DG4051=U49_DAC_LV1@X4 nEN=L, U52=LV1-pin7 FMC_A0A1A2=100"
77,1,J1_JA1,80,0x036,000110110,54,6,0,3,0,1,100,0,"PIX4051=U29_4051L1@X0, PIX4052=U66_4052Mux1@S3A, DG4051=U49_DAC_LV1@X6 nEN=L, U52=LV1-pin7 FMC_A0A1A2=100"
78,1,J2_JB1,1,0x0F4,011110100,244,4,0,3,3,1,100,0,"PIX4051=U5_4051R1@X3, PIX4052=U66_4052Mux1@S3B, DG4051=U49_DAC_LV1@X4 nEN=L, U52=LV1-pin7 FMC_A0A1A2=100"
79,1,J2_JB1,2,0x0F6,011110110,246,6,0,3,3,1,100,0,"PIX4051=U29_4051L1@X3, PIX4052=U66_4052Mux1@S3A, DG4051=U49_DAC_LV1@X6 nEN=L, U52=LV1-pin7 FMC_A0A1A2=100"
80,1,J2_JB1,3,0x164,101100100,356,4,0,2,5,1,100,0,"PIX4051=U6_4051R1@X5, PIX4052=U66_4052Mux1@S2B, DG4051=U49_DAC_LV1@X4 nEN=L, U52=LV1-pin7 FMC_A0A1A2=100"
81,1,J2_JB1,4,0x166,101100110,358,6,0,2,5,1,100,0,"PIX4051=U30_4051L1@X5, PIX4052=U66_4052Mux1@S2A, DG4051=U49_DAC_LV1@X6 nEN=L, U52=LV1-pin7 FMC_A0A1A2=100"
82,1,J2_JB1,5,0x1E4,111100100,484,4,0,2,7,1,100,0,"PIX4051=U6_4051R1@X7, PIX4052=U66_4052Mux1@S2B, DG4051=U49_DAC_LV1@X4 nEN=L, U52=LV1-pin7 FMC_A0A1A2=100"
83,1,J2_JB1,6,0x1E6,111100110,486,6,0,2,7,1,100,0,"PIX4051=U30_4051L1@X7, PIX4052=U66_4052Mux1@S2A, DG4051=U49_DAC_LV1@X6 nEN=L, U52=LV1-pin7 FMC_A0A1A2=100"
84,1,J2_JB1,7,0x124,100100100,292,4,0,2,4,1,100,0,"PIX4051=U6_4051R1@X4, PIX4052=U66_4052Mux1@S2B, DG4051=U49_DAC_LV1@X4 nEN=L, U52=LV1-pin7 FMC_A0A1A2=100"
85,1,J2_JB1,8,0x126,100100110,294,6,0,2,4,1,100,0,"PIX4051=U30_4051L1@X4, PIX4052=U66_4052Mux1@S2A, DG4051=U49_DAC_LV1@X6 nEN=L, U52=LV1-pin7 FMC_A0A1A2=100"
86,1,J2_JB1,9,0x1A4,110100100,420,4,0,2,6,1,100,0,"PIX4051=U6_4051R1@X6, PIX4052=U66_4052Mux1@S2B, DG4051=U49_DAC_LV1@X4 nEN=L, U52=LV1-pin7 FMC_A0A1A2=100"
87,1,J2_JB1,10,0x1A6,110100110,422,6,0,2,6,1,100,0,"PIX4051=U30_4051L1@X6, PIX4052=U66_4052Mux1@S2A, DG4051=U49_DAC_LV1@X6 nEN=L, U52=LV1-pin7 FMC_A0A1A2=100"
88,1,J2_JB1,11,0x064,001100100,100,4,0,2,1,1,100,0,"PIX4051=U6_4051R1@X1, PIX4052=U66_4052Mux1@S2B, DG4051=U49_DAC_LV1@X4 nEN=L, U52=LV1-pin7 FMC_A0A1A2=100"
89,1,J2_JB1,12,0x066,001100110,102,6,0,2,1,1,100,0,"PIX4051=U30_4051L1@X1, PIX4052=U66_4052Mux1@S2A, DG4051=U49_DAC_LV1@X6 nEN=L, U52=LV1-pin7 FMC_A0A1A2=100"
90,1,J2_JB1,13,0x0A4,010100100,164,4,0,2,2,1,100,0,"PIX4051=U6_4051R1@X2, PIX4052=U66_4052Mux1@S2B, DG4051=U49_DAC_LV1@X4 nEN=L, U52=LV1-pin7 FMC_A0A1A2=100"
91,1,J2_JB1,14,0x0A6,010100110,166,6,0,2,2,1,100,0,"PIX4051=U30_4051L1@X2, PIX4052=U66_4052Mux1@S2A, DG4051=U49_DAC_LV1@X6 nEN=L, U52=LV1-pin7 FMC_A0A1A2=100"
92,1,J2_JB1,15,0x024,000100100,36,4,0,2,0,1,100,0,"PIX4051=U6_4051R1@X0, PIX4052=U66_4052Mux1@S2B, DG4051=U49_DAC_LV1@X4 nEN=L, U52=LV1-pin7 FMC_A0A1A2=100"
93,1,J2_JB1,16,0x026,000100110,38,6,0,2,0,1,100,0,"PIX4051=U30_4051L1@X0, PIX4052=U66_4052Mux1@S2A, DG4051=U49_DAC_LV1@X6 nEN=L, U52=LV1-pin7 FMC_A0A1A2=100"
94,1,J2_JB1,17,0x0E4,011100100,228,4,0,2,3,1,100,0,"PIX4051=U6_4051R1@X3, PIX4052=U66_4052Mux1@S2B, DG4051=U49_DAC_LV1@X4 nEN=L, U52=LV1-pin7 FMC_A0A1A2=100"
95,1,J2_JB1,18,0x0E6,011100110,230,6,0,2,3,1,100,0,"PIX4051=U30_4051L1@X3, PIX4052=U66_4052Mux1@S2A, DG4051=U49_DAC_LV1@X6 nEN=L, U52=LV1-pin7 FMC_A0A1A2=100"
96,1,J2_JB1,19,0x150,101010000,336,0,0,1,5,1,100,0,"PIX4051=U7_4051R1@X5, PIX4052=U67_4052Mux1@S1B, DG4051=U49_DAC_LV1@X0 nEN=L, U52=LV1-pin7 FMC_A0A1A2=100"
97,1,J2_JB1,20,0x145,101000101,325,5,0,0,5,1,100,0,"PIX4051=U31_4051L1@X5, PIX4052=U65_4052Mux1@S0A, DG4051=U49_DAC_LV1@X5 nEN=L, U52=LV1-pin7 FMC_A0A1A2=100"
98,1,J2_JB1,21,0x1D0,111010000,464,0,0,1,7,1,100,0,"PIX4051=U7_4051R1@X7, PIX4052=U67_4052Mux1@S1B, DG4051=U49_DAC_LV1@X0 nEN=L, U52=LV1-pin7 FMC_A0A1A2=100"
99,1,J2_JB1,22,0x1C5,111000101,453,5,0,0,7,1,100,0,"PIX4051=U31_4051L1@X7, PIX4052=U65_4052Mux1@S0A, DG4051=U49_DAC_LV1@X5 nEN=L, U52=LV1-pin7 FMC_A0A1A2=100"
100,1,J2_JB1,23,0x110,100010000,272,0,0,1,4,1,100,0,"PIX4051=U7_4051R1@X4, PIX4052=U67_4052Mux1@S1B, DG4051=U49_DAC_LV1@X0 nEN=L, U52=LV1-pin7 FMC_A0A1A2=100"
101,1,J2_JB1,24,0x105,100000101,261,5,0,0,4,1,100,0,"PIX4051=U31_4051L1@X4, PIX4052=U65_4052Mux1@S0A, DG4051=U49_DAC_LV1@X5 nEN=L, U52=LV1-pin7 FMC_A0A1A2=100"
102,1,J2_JB1,25,0x190,110010000,400,0,0,1,6,1,100,0,"PIX4051=U7_4051R1@X6, PIX4052=U67_4052Mux1@S1B, DG4051=U49_DAC_LV1@X0 nEN=L, U52=LV1-pin7 FMC_A0A1A2=100"
103,1,J2_JB1,26,0x185,110000101,389,5,0,0,6,1,100,0,"PIX4051=U31_4051L1@X6, PIX4052=U65_4052Mux1@S0A, DG4051=U49_DAC_LV1@X5 nEN=L, U52=LV1-pin7 FMC_A0A1A2=100"
104,1,J2_JB1,27,0x050,001010000,80,0,0,1,1,1,100,0,"PIX4051=U7_4051R1@X1, PIX4052=U67_4052Mux1@S1B, DG4051=U49_DAC_LV1@X0 nEN=L, U52=LV1-pin7 FMC_A0A1A2=100"
105,1,J2_JB1,28,0x045,001000101,69,5,0,0,1,1,100,0,"PIX4051=U31_4051L1@X1, PIX4052=U65_4052Mux1@S0A, DG4051=U49_DAC_LV1@X5 nEN=L, U52=LV1-pin7 FMC_A0A1A2=100"
106,1,J2_JB1,29,0x090,010010000,144,0,0,1,2,1,100,0,"PIX4051=U7_4051R1@X2, PIX4052=U67_4052Mux1@S1B, DG4051=U49_DAC_LV1@X0 nEN=L, U52=LV1-pin7 FMC_A0A1A2=100"
107,1,J2_JB1,30,0x085,010000101,133,5,0,0,2,1,100,0,"PIX4051=U31_4051L1@X2, PIX4052=U65_4052Mux1@S0A, DG4051=U49_DAC_LV1@X5 nEN=L, U52=LV1-pin7 FMC_A0A1A2=100"
108,1,J2_JB1,31,0x010,000010000,16,0,0,1,0,1,100,0,"PIX4051=U7_4051R1@X0, PIX4052=U67_4052Mux1@S1B, DG4051=U49_DAC_LV1@X0 nEN=L, U52=LV1-pin7 FMC_A0A1A2=100"
109,1,J2_JB1,32,0x005,000000101,5,5,0,0,0,1,100,0,"PIX4051=U31_4051L1@X0, PIX4052=U65_4052Mux1@S0A, DG4051=U49_DAC_LV1@X5 nEN=L, U52=LV1-pin7 FMC_A0A1A2=100"
110,1,J2_JB1,33,0x0D0,011010000,208,0,0,1,3,1,100,0,"PIX4051=U7_4051R1@X3, PIX4052=U67_4052Mux1@S1B, DG4051=U49_DAC_LV1@X0 nEN=L, U52=LV1-pin7 FMC_A0A1A2=100"
111,1,J2_JB1,34,0x0C5,011000101,197,5,0,0,3,1,100,0,"PIX4051=U31_4051L1@X3, PIX4052=U65_4052Mux1@S0A, DG4051=U49_DAC_LV1@X5 nEN=L, U52=LV1-pin7 FMC_A0A1A2=100"
112,1,J2_JB1,35,0x140,101000000,320,0,0,0,5,1,100,0,"PIX4051=U8_4051R1@X5, PIX4052=U67_4052Mux1@S0B, DG4051=U49_DAC_LV1@X0 nEN=L, U52=LV1-pin7 FMC_A0A1A2=100"
113,1,J2_JB1,36,0x155,101010101,341,5,0,1,5,1,100,0,"PIX4051=U32_4051L1@X5, PIX4052=U65_4052Mux1@S1A, DG4051=U49_DAC_LV1@X5 nEN=L, U52=LV1-pin7 FMC_A0A1A2=100"
114,1,J2_JB1,37,0x1C0,111000000,448,0,0,0,7,1,100,0,"PIX4051=U8_4051R1@X7, PIX4052=U67_4052Mux1@S0B, DG4051=U49_DAC_LV1@X0 nEN=L, U52=LV1-pin7 FMC_A0A1A2=100"
115,1,J2_JB1,38,0x1D5,111010101,469,5,0,1,7,1,100,0,"PIX4051=U32_4051L1@X7, PIX4052=U65_4052Mux1@S1A, DG4051=U49_DAC_LV1@X5 nEN=L, U52=LV1-pin7 FMC_A0A1A2=100"
116,1,J2_JB1,39,0x100,100000000,256,0,0,0,4,1,100,0,"PIX4051=U8_4051R1@X4, PIX4052=U67_4052Mux1@S0B, DG4051=U49_DAC_LV1@X0 nEN=L, U52=LV1-pin7 FMC_A0A1A2=100"
117,1,J2_JB1,40,0x115,100010101,277,5,0,1,4,1,100,0,"PIX4051=U32_4051L1@X4, PIX4052=U65_4052Mux1@S1A, DG4051=U49_DAC_LV1@X5 nEN=L, U52=LV1-pin7 FMC_A0A1A2=100"
118,1,J2_JB1,41,0x180,110000000,384,0,0,0,6,1,100,0,"PIX4051=U8_4051R1@X6, PIX4052=U67_4052Mux1@S0B, DG4051=U49_DAC_LV1@X0 nEN=L, U52=LV1-pin7 FMC_A0A1A2=100"
119,1,J2_JB1,42,0x195,110010101,405,5,0,1,6,1,100,0,"PIX4051=U32_4051L1@X6, PIX4052=U65_4052Mux1@S1A, DG4051=U49_DAC_LV1@X5 nEN=L, U52=LV1-pin7 FMC_A0A1A2=100"
120,1,J2_JB1,43,0x040,001000000,64,0,0,0,1,1,100,0,"PIX4051=U8_4051R1@X1, PIX4052=U67_4052Mux1@S0B, DG4051=U49_DAC_LV1@X0 nEN=L, U52=LV1-pin7 FMC_A0A1A2=100"
121,1,J2_JB1,44,0x055,001010101,85,5,0,1,1,1,100,0,"PIX4051=U32_4051L1@X1, PIX4052=U65_4052Mux1@S1A, DG4051=U49_DAC_LV1@X5 nEN=L, U52=LV1-pin7 FMC_A0A1A2=100"
122,1,J2_JB1,45,0x080,010000000,128,0,0,0,2,1,100,0,"PIX4051=U8_4051R1@X2, PIX4052=U67_4052Mux1@S0B, DG4051=U49_DAC_LV1@X0 nEN=L, U52=LV1-pin7 FMC_A0A1A2=100"
123,1,J2_JB1,46,0x095,010010101,149,5,0,1,2,1,100,0,"PIX4051=U32_4051L1@X2, PIX4052=U65_4052Mux1@S1A, DG4051=U49_DAC_LV1@X5 nEN=L, U52=LV1-pin7 FMC_A0A1A2=100"
124,1,J2_JB1,47,0x000,000000000,0,0,0,0,0,1,100,0,"PIX4051=U8_4051R1@X0, PIX4052=U67_4052Mux1@S0B, DG4051=U49_DAC_LV1@X0 nEN=L, U52=LV1-pin7 FMC_A0A1A2=100"
125,1,J2_JB1,48,0x015,000010101,21,5,0,1,0,1,100,0,"PIX4051=U32_4051L1@X0, PIX4052=U65_4052Mux1@S1A, DG4051=U49_DAC_LV1@X5 nEN=L, U52=LV1-pin7 FMC_A0A1A2=100"
126,1,J2_JB1,49,0x0C0,011000000,192,0,0,0,3,1,100,0,"PIX4051=U8_4051R1@X3, PIX4052=U67_4052Mux1@S0B, DG4051=U49_DAC_LV1@X0 nEN=L, U52=LV1-pin7 FMC_A0A1A2=100"
127,1,J2_JB1,50,0x0D5,011010101,213,5,0,1,3,1,100,0,"PIX4051=U32_4051L1@X3, PIX4052=U65_4052Mux1@S1A, DG4051=U49_DAC_LV1@X5 nEN=L, U52=LV1-pin7 FMC_A0A1A2=100"
128,1,J2_JB1,51,0x153,101010011,339,3,0,1,5,1,100,0,"PIX4051=U9_4051R1@X5, PIX4052=U67_4052Mux1@S1A, DG4051=U49_DAC_LV1@X3 nEN=L, U52=LV1-pin7 FMC_A0A1A2=100"
129,1,J2_JB1,52,0x147,101000111,327,7,0,0,5,1,100,0,"PIX4051=U33_4051L1@X5, PIX4052=U65_4052Mux1@S0B, DG4051=U49_DAC_LV1@X7 nEN=L, U52=LV1-pin7 FMC_A0A1A2=100"
130,1,J2_JB1,53,0x1D3,111010011,467,3,0,1,7,1,100,0,"PIX4051=U9_4051R1@X7, PIX4052=U67_4052Mux1@S1A, DG4051=U49_DAC_LV1@X3 nEN=L, U52=LV1-pin7 FMC_A0A1A2=100"
131,1,J2_JB1,54,0x1C7,111000111,455,7,0,0,7,1,100,0,"PIX4051=U33_4051L1@X7, PIX4052=U65_4052Mux1@S0B, DG4051=U49_DAC_LV1@X7 nEN=L, U52=LV1-pin7 FMC_A0A1A2=100"
132,1,J2_JB1,55,0x113,100010011,275,3,0,1,4,1,100,0,"PIX4051=U9_4051R1@X4, PIX4052=U67_4052Mux1@S1A, DG4051=U49_DAC_LV1@X3 nEN=L, U52=LV1-pin7 FMC_A0A1A2=100"
133,1,J2_JB1,56,0x107,100000111,263,7,0,0,4,1,100,0,"PIX4051=U33_4051L1@X4, PIX4052=U65_4052Mux1@S0B, DG4051=U49_DAC_LV1@X7 nEN=L, U52=LV1-pin7 FMC_A0A1A2=100"
134,1,J2_JB1,57,0x193,110010011,403,3,0,1,6,1,100,0,"PIX4051=U9_4051R1@X6, PIX4052=U67_4052Mux1@S1A, DG4051=U49_DAC_LV1@X3 nEN=L, U52=LV1-pin7 FMC_A0A1A2=100"
135,1,J2_JB1,58,0x187,110000111,391,7,0,0,6,1,100,0,"PIX4051=U33_4051L1@X6, PIX4052=U65_4052Mux1@S0B, DG4051=U49_DAC_LV1@X7 nEN=L, U52=LV1-pin7 FMC_A0A1A2=100"
136,1,J2_JB1,59,0x053,001010011,83,3,0,1,1,1,100,0,"PIX4051=U9_4051R1@X1, PIX4052=U67_4052Mux1@S1A, DG4051=U49_DAC_LV1@X3 nEN=L, U52=LV1-pin7 FMC_A0A1A2=100"
137,1,J2_JB1,60,0x047,001000111,71,7,0,0,1,1,100,0,"PIX4051=U33_4051L1@X1, PIX4052=U65_4052Mux1@S0B, DG4051=U49_DAC_LV1@X7 nEN=L, U52=LV1-pin7 FMC_A0A1A2=100"
138,1,J2_JB1,61,0x093,010010011,147,3,0,1,2,1,100,0,"PIX4051=U9_4051R1@X2, PIX4052=U67_4052Mux1@S1A, DG4051=U49_DAC_LV1@X3 nEN=L, U52=LV1-pin7 FMC_A0A1A2=100"
139,1,J2_JB1,62,0x087,010000111,135,7,0,0,2,1,100,0,"PIX4051=U33_4051L1@X2, PIX4052=U65_4052Mux1@S0B, DG4051=U49_DAC_LV1@X7 nEN=L, U52=LV1-pin7 FMC_A0A1A2=100"
140,1,J2_JB1,63,0x013,000010011,19,3,0,1,0,1,100,0,"PIX4051=U9_4051R1@X0, PIX4052=U67_4052Mux1@S1A, DG4051=U49_DAC_LV1@X3 nEN=L, U52=LV1-pin7 FMC_A0A1A2=100"
141,1,J2_JB1,64,0x007,000000111,7,7,0,0,0,1,100,0,"PIX4051=U33_4051L1@X0, PIX4052=U65_4052Mux1@S0B, DG4051=U49_DAC_LV1@X7 nEN=L, U52=LV1-pin7 FMC_A0A1A2=100"
142,1,J2_JB1,65,0x0D3,011010011,211,3,0,1,3,1,100,0,"PIX4051=U9_4051R1@X3, PIX4052=U67_4052Mux1@S1A, DG4051=U49_DAC_LV1@X3 nEN=L, U52=LV1-pin7 FMC_A0A1A2=100"
143,1,J2_JB1,66,0x0C7,011000111,199,7,0,0,3,1,100,0,"PIX4051=U33_4051L1@X3, PIX4052=U65_4052Mux1@S0B, DG4051=U49_DAC_LV1@X7 nEN=L, U52=LV1-pin7 FMC_A0A1A2=100"
144,1,J2_JB1,67,0x143,101000011,323,3,0,0,5,1,100,0,"PIX4051=U10_4051R1@X5, PIX4052=U67_4052Mux1@S0A, DG4051=U49_DAC_LV1@X3 nEN=L, U52=LV1-pin7 FMC_A0A1A2=100"
145,1,J2_JB1,68,0x157,101010111,343,7,0,1,5,1,100,0,"PIX4051=U34_4051L1@X5, PIX4052=U65_4052Mux1@S1B, DG4051=U49_DAC_LV1@X7 nEN=L, U52=LV1-pin7 FMC_A0A1A2=100"
146,1,J2_JB1,69,0x1C3,111000011,451,3,0,0,7,1,100,0,"PIX4051=U10_4051R1@X7, PIX4052=U67_4052Mux1@S0A, DG4051=U49_DAC_LV1@X3 nEN=L, U52=LV1-pin7 FMC_A0A1A2=100"
147,1,J2_JB1,70,0x1D7,111010111,471,7,0,1,7,1,100,0,"PIX4051=U34_4051L1@X7, PIX4052=U65_4052Mux1@S1B, DG4051=U49_DAC_LV1@X7 nEN=L, U52=LV1-pin7 FMC_A0A1A2=100"
148,1,J2_JB1,71,0x103,100000011,259,3,0,0,4,1,100,0,"PIX4051=U10_4051R1@X4, PIX4052=U67_4052Mux1@S0A, DG4051=U49_DAC_LV1@X3 nEN=L, U52=LV1-pin7 FMC_A0A1A2=100"
149,1,J2_JB1,72,0x117,100010111,279,7,0,1,4,1,100,0,"PIX4051=U34_4051L1@X4, PIX4052=U65_4052Mux1@S1B, DG4051=U49_DAC_LV1@X7 nEN=L, U52=LV1-pin7 FMC_A0A1A2=100"
150,1,J2_JB1,73,0x183,110000011,387,3,0,0,6,1,100,0,"PIX4051=U10_4051R1@X6, PIX4052=U67_4052Mux1@S0A, DG4051=U49_DAC_LV1@X3 nEN=L, U52=LV1-pin7 FMC_A0A1A2=100"
151,1,J2_JB1,74,0x197,110010111,407,7,0,1,6,1,100,0,"PIX4051=U34_4051L1@X6, PIX4052=U65_4052Mux1@S1B, DG4051=U49_DAC_LV1@X7 nEN=L, U52=LV1-pin7 FMC_A0A1A2=100"
152,1,J2_JB1,75,0x043,001000011,67,3,0,0,1,1,100,0,"PIX4051=U10_4051R1@X1, PIX4052=U67_4052Mux1@S0A, DG4051=U49_DAC_LV1@X3 nEN=L, U52=LV1-pin7 FMC_A0A1A2=100"
153,1,J2_JB1,76,0x057,001010111,87,7,0,1,1,1,100,0,"PIX4051=U34_4051L1@X1, PIX4052=U65_4052Mux1@S1B, DG4051=U49_DAC_LV1@X7 nEN=L, U52=LV1-pin7 FMC_A0A1A2=100"
154,1,J2_JB9,1,0x083,010000011,131,3,0,0,2,1,100,0,"PIX4051=U10_4051R1@X2, PIX4052=U67_4052Mux1@S0A, DG4051=U49_DAC_LV1@X3 nEN=L, U52=LV1-pin7 FMC_A0A1A2=100"
155,1,J2_JB9,2,0x097,010010111,151,7,0,1,2,1,100,0,"PIX4051=U34_4051L1@X2, PIX4052=U65_4052Mux1@S1B, DG4051=U49_DAC_LV1@X7 nEN=L, U52=LV1-pin7 FMC_A0A1A2=100"
156,1,J2_JB9,3,0x003,000000011,3,3,0,0,0,1,100,0,"PIX4051=U10_4051R1@X0, PIX4052=U67_4052Mux1@S0A, DG4051=U49_DAC_LV1@X3 nEN=L, U52=LV1-pin7 FMC_A0A1A2=100"
157,1,J2_JB9,4,0x017,000010111,23,7,0,1,0,1,100,0,"PIX4051=U34_4051L1@X0, PIX4052=U65_4052Mux1@S1B, DG4051=U49_DAC_LV1@X7 nEN=L, U52=LV1-pin7 FMC_A0A1A2=100"
158,1,J2_JB9,5,0x0C3,011000011,195,3,0,0,3,1,100,0,"PIX4051=U10_4051R1@X3, PIX4052=U67_4052Mux1@S0A, DG4051=U49_DAC_LV1@X3 nEN=L, U52=LV1-pin7 FMC_A0A1A2=100"
159,1,J2_JB9,6,0x0D7,011010111,215,7,0,1,3,1,100,0,"PIX4051=U34_4051L1@X3, PIX4052=U65_4052Mux1@S1B, DG4051=U49_DAC_LV1@X7 nEN=L, U52=LV1-pin7 FMC_A0A1A2=100"
160,1,J2_JB9,7,0x154,101010100,340,4,0,1,5,1,100,0,"PIX4051=U11_4051R1@X5, PIX4052=U66_4052Mux1@S1B, DG4051=U49_DAC_LV1@X4 nEN=L, U52=LV1-pin7 FMC_A0A1A2=100"
161,1,J2_JB9,8,0x146,101000110,326,6,0,0,5,1,100,0,"PIX4051=U35_4051L1@X5, PIX4052=U66_4052Mux1@S0A, DG4051=U49_DAC_LV1@X6 nEN=L, U52=LV1-pin7 FMC_A0A1A2=100"
162,1,J2_JB9,9,0x1D4,111010100,468,4,0,1,7,1,100,0,"PIX4051=U11_4051R1@X7, PIX4052=U66_4052Mux1@S1B, DG4051=U49_DAC_LV1@X4 nEN=L, U52=LV1-pin7 FMC_A0A1A2=100"
163,1,J2_JB9,10,0x1C6,111000110,454,6,0,0,7,1,100,0,"PIX4051=U35_4051L1@X7, PIX4052=U66_4052Mux1@S0A, DG4051=U49_DAC_LV1@X6 nEN=L, U52=LV1-pin7 FMC_A0A1A2=100"
164,1,J2_JB9,11,0x114,100010100,276,4,0,1,4,1,100,0,"PIX4051=U11_4051R1@X4, PIX4052=U66_4052Mux1@S1B, DG4051=U49_DAC_LV1@X4 nEN=L, U52=LV1-pin7 FMC_A0A1A2=100"
165,1,J2_JB9,12,0x106,100000110,262,6,0,0,4,1,100,0,"PIX4051=U35_4051L1@X4, PIX4052=U66_4052Mux1@S0A, DG4051=U49_DAC_LV1@X6 nEN=L, U52=LV1-pin7 FMC_A0A1A2=100"
166,1,J2_JB9,13,0x194,110010100,404,4,0,1,6,1,100,0,"PIX4051=U11_4051R1@X6, PIX4052=U66_4052Mux1@S1B, DG4051=U49_DAC_LV1@X4 nEN=L, U52=LV1-pin7 FMC_A0A1A2=100"
167,1,J2_JB9,14,0x186,110000110,390,6,0,0,6,1,100,0,"PIX4051=U35_4051L1@X6, PIX4052=U66_4052Mux1@S0A, DG4051=U49_DAC_LV1@X6 nEN=L, U52=LV1-pin7 FMC_A0A1A2=100"
168,1,J2_JB9,15,0x054,001010100,84,4,0,1,1,1,100,0,"PIX4051=U11_4051R1@X1, PIX4052=U66_4052Mux1@S1B, DG4051=U49_DAC_LV1@X4 nEN=L, U52=LV1-pin7 FMC_A0A1A2=100"
169,1,J2_JB9,16,0x046,001000110,70,6,0,0,1,1,100,0,"PIX4051=U35_4051L1@X1, PIX4052=U66_4052Mux1@S0A, DG4051=U49_DAC_LV1@X6 nEN=L, U52=LV1-pin7 FMC_A0A1A2=100"
170,1,J2_JB9,17,0x094,010010100,148,4,0,1,2,1,100,0,"PIX4051=U11_4051R1@X2, PIX4052=U66_4052Mux1@S1B, DG4051=U49_DAC_LV1@X4 nEN=L, U52=LV1-pin7 FMC_A0A1A2=100"
171,1,J2_JB9,18,0x086,010000110,134,6,0,0,2,1,100,0,"PIX4051=U35_4051L1@X2, PIX4052=U66_4052Mux1@S0A, DG4051=U49_DAC_LV1@X6 nEN=L, U52=LV1-pin7 FMC_A0A1A2=100"
172,1,J2_JB9,19,0x014,000010100,20,4,0,1,0,1,100,0,"PIX4051=U11_4051R1@X0, PIX4052=U66_4052Mux1@S1B, DG4051=U49_DAC_LV1@X4 nEN=L, U52=LV1-pin7 FMC_A0A1A2=100"
173,1,J2_JB9,20,0x006,000000110,6,6,0,0,0,1,100,0,"PIX4051=U35_4051L1@X0, PIX4052=U66_4052Mux1@S0A, DG4051=U49_DAC_LV1@X6 nEN=L, U52=LV1-pin7 FMC_A0A1A2=100"
174,1,J2_JB9,21,0x0D4,011010100,212,4,0,1,3,1,100,0,"PIX4051=U11_4051R1@X3, PIX4052=U66_4052Mux1@S1B, DG4051=U49_DAC_LV1@X4 nEN=L, U52=LV1-pin7 FMC_A0A1A2=100"
175,1,J2_JB9,22,0x0C6,011000110,198,6,0,0,3,1,100,0,"PIX4051=U35_4051L1@X3, PIX4052=U66_4052Mux1@S0A, DG4051=U49_DAC_LV1@X6 nEN=L, U52=LV1-pin7 FMC_A0A1A2=100"
176,1,J2_JB9,23,0x144,101000100,324,4,0,0,5,1,100,0,"PIX4051=U12_4051R1@X5, PIX4052=U66_4052Mux1@S0B, DG4051=U49_DAC_LV1@X4 nEN=L, U52=LV1-pin7 FMC_A0A1A2=100"
177,1,J2_JB9,24,0x156,101010110,342,6,0,1,5,1,100,0,"PIX4051=U36_4051L1@X5, PIX4052=U66_4052Mux1@S1A, DG4051=U49_DAC_LV1@X6 nEN=L, U52=LV1-pin7 FMC_A0A1A2=100"
178,1,J2_JB9,25,0x1C4,111000100,452,4,0,0,7,1,100,0,"PIX4051=U12_4051R1@X7, PIX4052=U66_4052Mux1@S0B, DG4051=U49_DAC_LV1@X4 nEN=L, U52=LV1-pin7 FMC_A0A1A2=100"
179,1,J2_JB9,26,0x1D6,111010110,470,6,0,1,7,1,100,0,"PIX4051=U36_4051L1@X7, PIX4052=U66_4052Mux1@S1A, DG4051=U49_DAC_LV1@X6 nEN=L, U52=LV1-pin7 FMC_A0A1A2=100"
180,1,J2_JB9,27,0x104,100000100,260,4,0,0,4,1,100,0,"PIX4051=U12_4051R1@X4, PIX4052=U66_4052Mux1@S0B, DG4051=U49_DAC_LV1@X4 nEN=L, U52=LV1-pin7 FMC_A0A1A2=100"
181,1,J2_JB9,28,0x116,100010110,278,6,0,1,4,1,100,0,"PIX4051=U36_4051L1@X4, PIX4052=U66_4052Mux1@S1A, DG4051=U49_DAC_LV1@X6 nEN=L, U52=LV1-pin7 FMC_A0A1A2=100"
182,1,J2_JB9,29,0x184,110000100,388,4,0,0,6,1,100,0,"PIX4051=U12_4051R1@X6, PIX4052=U66_4052Mux1@S0B, DG4051=U49_DAC_LV1@X4 nEN=L, U52=LV1-pin7 FMC_A0A1A2=100"
183,1,J2_JB9,30,0x196,110010110,406,6,0,1,6,1,100,0,"PIX4051=U36_4051L1@X6, PIX4052=U66_4052Mux1@S1A, DG4051=U49_DAC_LV1@X6 nEN=L, U52=LV1-pin7 FMC_A0A1A2=100"
184,1,J2_JB9,31,0x044,001000100,68,4,0,0,1,1,100,0,"PIX4051=U12_4051R1@X1, PIX4052=U66_4052Mux1@S0B, DG4051=U49_DAC_LV1@X4 nEN=L, U52=LV1-pin7 FMC_A0A1A2=100"
185,1,J2_JB9,32,0x056,001010110,86,6,0,1,1,1,100,0,"PIX4051=U36_4051L1@X1, PIX4052=U66_4052Mux1@S1A, DG4051=U49_DAC_LV1@X6 nEN=L, U52=LV1-pin7 FMC_A0A1A2=100"
186,1,J2_JB9,33,0x084,010000100,132,4,0,0,2,1,100,0,"PIX4051=U12_4051R1@X2, PIX4052=U66_4052Mux1@S0B, DG4051=U49_DAC_LV1@X4 nEN=L, U52=LV1-pin7 FMC_A0A1A2=100"
187,1,J2_JB9,34,0x096,010010110,150,6,0,1,2,1,100,0,"PIX4051=U36_4051L1@X2, PIX4052=U66_4052Mux1@S1A, DG4051=U49_DAC_LV1@X6 nEN=L, U52=LV1-pin7 FMC_A0A1A2=100"
188,1,J2_JB9,35,0x004,000000100,4,4,0,0,0,1,100,0,"PIX4051=U12_4051R1@X0, PIX4052=U66_4052Mux1@S0B, DG4051=U49_DAC_LV1@X4 nEN=L, U52=LV1-pin7 FMC_A0A1A2=100"
189,1,J2_JB9,36,0x016,000010110,22,6,0,1,0,1,100,0,"PIX4051=U36_4051L1@X0, PIX4052=U66_4052Mux1@S1A, DG4051=U49_DAC_LV1@X6 nEN=L, U52=LV1-pin7 FMC_A0A1A2=100"
190,1,J2_JB9,37,0x0C4,011000100,196,4,0,0,3,1,100,0,"PIX4051=U12_4051R1@X3, PIX4052=U66_4052Mux1@S0B, DG4051=U49_DAC_LV1@X4 nEN=L, U52=LV1-pin7 FMC_A0A1A2=100"
191,1,J2_JB9,38,0x0D6,011010110,214,6,0,1,3,1,100,0,"PIX4051=U36_4051L1@X3, PIX4052=U66_4052Mux1@S1A, DG4051=U49_DAC_LV1@X6 nEN=L, U52=LV1-pin7 FMC_A0A1A2=100"
192,1,J2_JB9,39,0x164,101100100,356,4,0,2,5,3,110,4,"PIX4051=U13_4051R1@X5, PIX4052=U67_4052Mux7@S2A, DG4051=U49_DAC_LV3@X4 nEN=L, U52=LV3-pin7 FMC_A0A1A2=110"
193,1,J2_JB9,40,0x166,101100110,358,6,0,2,5,3,110,4,"PIX4051=U37_4051L1@X5, PIX4052=U67_4052Mux7@S2B, DG4051=U49_DAC_LV3@X6 nEN=L, U52=LV3-pin7 FMC_A0A1A2=110"
194,1,J2_JB9,41,0x1E4,111100100,484,4,0,2,7,3,110,4,"PIX4051=U13_4051R1@X7, PIX4052=U67_4052Mux7@S2A, DG4051=U49_DAC_LV3@X4 nEN=L, U52=LV3-pin7 FMC_A0A1A2=110"
195,1,J2_JB9,42,0x1E6,111100110,486,6,0,2,7,3,110,4,"PIX4051=U37_4051L1@X7, PIX4052=U67_4052Mux7@S2B, DG4051=U49_DAC_LV3@X6 nEN=L, U52=LV3-pin7 FMC_A0A1A2=110"
196,1,J2_JB9,43,0x124,100100100,292,4,0,2,4,3,110,4,"PIX4051=U13_4051R1@X4, PIX4052=U67_4052Mux7@S2A, DG4051=U49_DAC_LV3@X4 nEN=L, U52=LV3-pin7 FMC_A0A1A2=110"
197,1,J2_JB9,44,0x126,100100110,294,6,0,2,4,3,110,4,"PIX4051=U37_4051L1@X4, PIX4052=U67_4052Mux7@S2B, DG4051=U49_DAC_LV3@X6 nEN=L, U52=LV3-pin7 FMC_A0A1A2=110"
198,1,J2_JB9,45,0x1A4,110100100,420,4,0,2,6,3,110,4,"PIX4051=U13_4051R1@X6, PIX4052=U67_4052Mux7@S2A, DG4051=U49_DAC_LV3@X4 nEN=L, U52=LV3-pin7 FMC_A0A1A2=110"
199,1,J2_JB9,46,0x1A6,110100110,422,6,0,2,6,3,110,4,"PIX4051=U37_4051L1@X6, PIX4052=U67_4052Mux7@S2B, DG4051=U49_DAC_LV3@X6 nEN=L, U52=LV3-pin7 FMC_A0A1A2=110"
200,1,J2_JB9,47,0x064,001100100,100,4,0,2,1,3,110,4,"PIX4051=U13_4051R1@X1, PIX4052=U67_4052Mux7@S2A, DG4051=U49_DAC_LV3@X4 nEN=L, U52=LV3-pin7 FMC_A0A1A2=110"
201,1,J2_JB9,48,0x066,001100110,102,6,0,2,1,3,110,4,"PIX4051=U37_4051L1@X1, PIX4052=U67_4052Mux7@S2B, DG4051=U49_DAC_LV3@X6 nEN=L, U52=LV3-pin7 FMC_A0A1A2=110"
202,1,J2_JB9,49,0x0A4,010100100,164,4,0,2,2,3,110,4,"PIX4051=U13_4051R1@X2, PIX4052=U67_4052Mux7@S2A, DG4051=U49_DAC_LV3@X4 nEN=L, U52=LV3-pin7 FMC_A0A1A2=110"
203,1,J2_JB9,50,0x0A6,010100110,166,6,0,2,2,3,110,4,"PIX4051=U37_4051L1@X2, PIX4052=U67_4052Mux7@S2B, DG4051=U49_DAC_LV3@X6 nEN=L, U52=LV3-pin7 FMC_A0A1A2=110"
204,1,J2_JB9,51,0x024,000100100,36,4,0,2,0,3,110,4,"PIX4051=U13_4051R1@X0, PIX4052=U67_4052Mux7@S2A, DG4051=U49_DAC_LV3@X4 nEN=L, U52=LV3-pin7 FMC_A0A1A2=110"
205,1,J2_JB9,52,0x026,000100110,38,6,0,2,0,3,110,4,"PIX4051=U37_4051L1@X0, PIX4052=U67_4052Mux7@S2B, DG4051=U49_DAC_LV3@X6 nEN=L, U52=LV3-pin7 FMC_A0A1A2=110"
206,1,J2_JB9,53,0x0E4,011100100,228,4,0,2,3,3,110,4,"PIX4051=U13_4051R1@X3, PIX4052=U67_4052Mux7@S2A, DG4051=U49_DAC_LV3@X4 nEN=L, U52=LV3-pin7 FMC_A0A1A2=110"
207,1,J2_JB9,54,0x0E6,011100110,230,6,0,2,3,3,110,4,"PIX4051=U37_4051L1@X3, PIX4052=U67_4052Mux7@S2B, DG4051=U49_DAC_LV3@X6 nEN=L, U52=LV3-pin7 FMC_A0A1A2=110"
208,1,J2_JB9,55,0x174,101110100,372,4,0,3,5,3,110,4,"PIX4051=U14_4051R1@X5, PIX4052=U67_4052Mux7@S3A, DG4051=U49_DAC_LV3@X4 nEN=L, U52=LV3-pin7 FMC_A0A1A2=110"
209,1,J2_JB9,56,0x176,101110110,374,6,0,3,5,3,110,4,"PIX4051=U38_4051L1@X5, PIX4052=U67_4052Mux7@S3B, DG4051=U49_DAC_LV3@X6 nEN=L, U52=LV3-pin7 FMC_A0A1A2=110"
210,1,J2_JB9,57,0x1F4,111110100,500,4,0,3,7,3,110,4,"PIX4051=U14_4051R1@X7, PIX4052=U67_4052Mux7@S3A, DG4051=U49_DAC_LV3@X4 nEN=L, U52=LV3-pin7 FMC_A0A1A2=110"
211,1,J2_JB9,58,0x1F6,111110110,502,6,0,3,7,3,110,4,"PIX4051=U38_4051L1@X7, PIX4052=U67_4052Mux7@S3B, DG4051=U49_DAC_LV3@X6 nEN=L, U52=LV3-pin7 FMC_A0A1A2=110"
212,1,J2_JB9,59,0x134,100110100,308,4,0,3,4,3,110,4,"PIX4051=U14_4051R1@X4, PIX4052=U67_4052Mux7@S3A, DG4051=U49_DAC_LV3@X4 nEN=L, U52=LV3-pin7 FMC_A0A1A2=110"
213,1,J2_JB9,60,0x136,100110110,310,6,0,3,4,3,110,4,"PIX4051=U38_4051L1@X4, PIX4052=U67_4052Mux7@S3B, DG4051=U49_DAC_LV3@X6 nEN=L, U52=LV3-pin7 FMC_A0A1A2=110"
214,1,J2_JB9,61,0x1B4,110110100,436,4,0,3,6,3,110,4,"PIX4051=U14_4051R1@X6, PIX4052=U67_4052Mux7@S3A, DG4051=U49_DAC_LV3@X4 nEN=L, U52=LV3-pin7 FMC_A0A1A2=110"
215,1,J2_JB9,62,0x1B6,110110110,438,6,0,3,6,3,110,4,"PIX4051=U38_4051L1@X6, PIX4052=U67_4052Mux7@S3B, DG4051=U49_DAC_LV3@X6 nEN=L, U52=LV3-pin7 FMC_A0A1A2=110"
216,1,J2_JB9,63,0x074,001110100,116,4,0,3,1,3,110,4,"PIX4051=U14_4051R1@X1, PIX4052=U67_4052Mux7@S3A, DG4051=U49_DAC_LV3@X4 nEN=L, U52=LV3-pin7 FMC_A0A1A2=110"
217,1,J2_JB9,64,0x076,001110110,118,6,0,3,1,3,110,4,"PIX4051=U38_4051L1@X1, PIX4052=U67_4052Mux7@S3B, DG4051=U49_DAC_LV3@X6 nEN=L, U52=LV3-pin7 FMC_A0A1A2=110"
218,1,J2_JB9,65,0x0B4,010110100,180,4,0,3,2,3,110,4,"PIX4051=U14_4051R1@X2, PIX4052=U67_4052Mux7@S3A, DG4051=U49_DAC_LV3@X4 nEN=L, U52=LV3-pin7 FMC_A0A1A2=110"
219,1,J2_JB9,66,0x0B6,010110110,182,6,0,3,2,3,110,4,"PIX4051=U38_4051L1@X2, PIX4052=U67_4052Mux7@S3B, DG4051=U49_DAC_LV3@X6 nEN=L, U52=LV3-pin7 FMC_A0A1A2=110"
220,1,J2_JB9,67,0x034,000110100,52,4,0,3,0,3,110,4,"PIX4051=U14_4051R1@X0, PIX4052=U67_4052Mux7@S3A, DG4051=U49_DAC_LV3@X4 nEN=L, U52=LV3-pin7 FMC_A0A1A2=110"
221,1,J2_JB9,68,0x036,000110110,54,6,0,3,0,3,110,4,"PIX4051=U38_4051L1@X0, PIX4052=U67_4052Mux7@S3B, DG4051=U49_DAC_LV3@X6 nEN=L, U52=LV3-pin7 FMC_A0A1A2=110"
222,1,J2_JB9,69,0x0F4,011110100,244,4,0,3,3,3,110,4,"PIX4051=U14_4051R1@X3, PIX4052=U67_4052Mux7@S3A, DG4051=U49_DAC_LV3@X4 nEN=L, U52=LV3-pin7 FMC_A0A1A2=110"
223,1,J2_JB9,70,0x0F6,011110110,246,6,0,3,3,3,110,4,"PIX4051=U38_4051L1@X3, PIX4052=U67_4052Mux7@S3B, DG4051=U49_DAC_LV3@X6 nEN=L, U52=LV3-pin7 FMC_A0A1A2=110"
224,1,J2_JB9,71,0x173,101110011,371,3,0,3,5,3,110,4,"PIX4051=U15_4051R1@X5, PIX4052=U66_4052Mux7@S3B, DG4051=U49_DAC_LV3@X3 nEN=L, U52=LV3-pin7 FMC_A0A1A2=110"
225,1,J2_JB9,72,0x177,101110111,375,7,0,3,5,3,110,4,"PIX4051=U39_4051L1@X5, PIX4052=U68_4052Mux7@S3A, DG4051=U49_DAC_LV3@X7 nEN=L, U52=LV3-pin7 FMC_A0A1A2=110"
226,1,J2_JB9,73,0x1F3,111110011,499,3,0,3,7,3,110,4,"PIX4051=U15_4051R1@X7, PIX4052=U66_4052Mux7@S3B, DG4051=U49_DAC_LV3@X3 nEN=L, U52=LV3-pin7 FMC_A0A1A2=110"
227,1,J2_JB9,74,0x1F7,111110111,503,7,0,3,7,3,110,4,"PIX4051=U39_4051L1@X7, PIX4052=U68_4052Mux7@S3A, DG4051=U49_DAC_LV3@X7 nEN=L, U52=LV3-pin7 FMC_A0A1A2=110"
228,1,J2_JB9,75,0x133,100110011,307,3,0,3,4,3,110,4,"PIX4051=U15_4051R1@X4, PIX4052=U66_4052Mux7@S3B, DG4051=U49_DAC_LV3@X3 nEN=L, U52=LV3-pin7 FMC_A0A1A2=110"
229,1,J2_JB9,76,0x137,100110111,311,7,0,3,4,3,110,4,"PIX4051=U39_4051L1@X4, PIX4052=U68_4052Mux7@S3A, DG4051=U49_DAC_LV3@X7 nEN=L, U52=LV3-pin7 FMC_A0A1A2=110"
230,1,J2_JB17,1,0x1B3,110110011,435,3,0,3,6,3,110,4,"PIX4051=U15_4051R1@X6, PIX4052=U66_4052Mux7@S3B, DG4051=U49_DAC_LV3@X3 nEN=L, U52=LV3-pin7 FMC_A0A1A2=110"
231,1,J2_JB17,2,0x1B7,110110111,439,7,0,3,6,3,110,4,"PIX4051=U39_4051L1@X6, PIX4052=U68_4052Mux7@S3A, DG4051=U49_DAC_LV3@X7 nEN=L, U52=LV3-pin7 FMC_A0A1A2=110"
232,1,J2_JB17,3,0x073,001110011,115,3,0,3,1,3,110,4,"PIX4051=U15_4051R1@X1, PIX4052=U66_4052Mux7@S3B, DG4051=U49_DAC_LV3@X3 nEN=L, U52=LV3-pin7 FMC_A0A1A2=110"
233,1,J2_JB17,4,0x077,001110111,119,7,0,3,1,3,110,4,"PIX4051=U39_4051L1@X1, PIX4052=U68_4052Mux7@S3A, DG4051=U49_DAC_LV3@X7 nEN=L, U52=LV3-pin7 FMC_A0A1A2=110"
234,1,J2_JB17,5,0x0B3,010110011,179,3,0,3,2,3,110,4,"PIX4051=U15_4051R1@X2, PIX4052=U66_4052Mux7@S3B, DG4051=U49_DAC_LV3@X3 nEN=L, U52=LV3-pin7 FMC_A0A1A2=110"
235,1,J2_JB17,6,0x0B7,010110111,183,7,0,3,2,3,110,4,"PIX4051=U39_4051L1@X2, PIX4052=U68_4052Mux7@S3A, DG4051=U49_DAC_LV3@X7 nEN=L, U52=LV3-pin7 FMC_A0A1A2=110"
236,1,J2_JB17,7,0x033,000110011,51,3,0,3,0,3,110,4,"PIX4051=U15_4051R1@X0, PIX4052=U66_4052Mux7@S3B, DG4051=U49_DAC_LV3@X3 nEN=L, U52=LV3-pin7 FMC_A0A1A2=110"
237,1,J2_JB17,8,0x037,000110111,55,7,0,3,0,3,110,4,"PIX4051=U39_4051L1@X0, PIX4052=U68_4052Mux7@S3A, DG4051=U49_DAC_LV3@X7 nEN=L, U52=LV3-pin7 FMC_A0A1A2=110"
238,1,J2_JB17,9,0x0F3,011110011,243,3,0,3,3,3,110,4,"PIX4051=U15_4051R1@X3, PIX4052=U66_4052Mux7@S3B, DG4051=U49_DAC_LV3@X3 nEN=L, U52=LV3-pin7 FMC_A0A1A2=110"
239,1,J2_JB17,10,0x0F7,011110111,247,7,0,3,3,3,110,4,"PIX4051=U39_4051L1@X3, PIX4052=U68_4052Mux7@S3A, DG4051=U49_DAC_LV3@X7 nEN=L, U52=LV3-pin7 FMC_A0A1A2=110"
240,1,J2_JB17,11,0x163,101100011,355,3,0,2,5,3,110,4,"PIX4051=U16_4051R1@X5, PIX4052=U66_4052Mux7@S2B, DG4051=U49_DAC_LV3@X3 nEN=L, U52=LV3-pin7 FMC_A0A1A2=110"
241,1,J2_JB17,12,0x167,101100111,359,7,0,2,5,3,110,4,"PIX4051=U40_4051L1@X5, PIX4052=U68_4052Mux7@S2A, DG4051=U49_DAC_LV3@X7 nEN=L, U52=LV3-pin7 FMC_A0A1A2=110"
242,1,J2_JB17,13,0x1E3,111100011,483,3,0,2,7,3,110,4,"PIX4051=U16_4051R1@X7, PIX4052=U66_4052Mux7@S2B, DG4051=U49_DAC_LV3@X3 nEN=L, U52=LV3-pin7 FMC_A0A1A2=110"
243,1,J2_JB17,14,0x1E7,111100111,487,7,0,2,7,3,110,4,"PIX4051=U40_4051L1@X7, PIX4052=U68_4052Mux7@S2A, DG4051=U49_DAC_LV3@X7 nEN=L, U52=LV3-pin7 FMC_A0A1A2=110"
244,1,J2_JB17,15,0x123,100100011,291,3,0,2,4,3,110,4,"PIX4051=U16_4051R1@X4, PIX4052=U66_4052Mux7@S2B, DG4051=U49_DAC_LV3@X3 nEN=L, U52=LV3-pin7 FMC_A0A1A2=110"
245,1,J2_JB17,16,0x127,100100111,295,7,0,2,4,3,110,4,"PIX4051=U40_4051L1@X4, PIX4052=U68_4052Mux7@S2A, DG4051=U49_DAC_LV3@X7 nEN=L, U52=LV3-pin7 FMC_A0A1A2=110"
246,1,J2_JB17,17,0x1A3,110100011,419,3,0,2,6,3,110,4,"PIX4051=U16_4051R1@X6, PIX4052=U66_4052Mux7@S2B, DG4051=U49_DAC_LV3@X3 nEN=L, U52=LV3-pin7 FMC_A0A1A2=110"
247,1,J2_JB17,18,0x1A7,110100111,423,7,0,2,6,3,110,4,"PIX4051=U40_4051L1@X6, PIX4052=U68_4052Mux7@S2A, DG4051=U49_DAC_LV3@X7 nEN=L, U52=LV3-pin7 FMC_A0A1A2=110"
248,1,J2_JB17,19,0x063,001100011,99,3,0,2,1,3,110,4,"PIX4051=U16_4051R1@X1, PIX4052=U66_4052Mux7@S2B, DG4051=U49_DAC_LV3@X3 nEN=L, U52=LV3-pin7 FMC_A0A1A2=110"
249,1,J2_JB17,20,0x067,001100111,103,7,0,2,1,3,110,4,"PIX4051=U40_4051L1@X1, PIX4052=U68_4052Mux7@S2A, DG4051=U49_DAC_LV3@X7 nEN=L, U52=LV3-pin7 FMC_A0A1A2=110"
250,1,J2_JB17,21,0x0A3,010100011,163,3,0,2,2,3,110,4,"PIX4051=U16_4051R1@X2, PIX4052=U66_4052Mux7@S2B, DG4051=U49_DAC_LV3@X3 nEN=L, U52=LV3-pin7 FMC_A0A1A2=110"
251,1,J2_JB17,22,0x0A7,010100111,167,7,0,2,2,3,110,4,"PIX4051=U40_4051L1@X2, PIX4052=U68_4052Mux7@S2A, DG4051=U49_DAC_LV3@X7 nEN=L, U52=LV3-pin7 FMC_A0A1A2=110"
252,1,J2_JB17,23,0x023,000100011,35,3,0,2,0,3,110,4,"PIX4051=U16_4051R1@X0, PIX4052=U66_4052Mux7@S2B, DG4051=U49_DAC_LV3@X3 nEN=L, U52=LV3-pin7 FMC_A0A1A2=110"
253,1,J2_JB17,24,0x027,000100111,39,7,0,2,0,3,110,4,"PIX4051=U40_4051L1@X0, PIX4052=U68_4052Mux7@S2A, DG4051=U49_DAC_LV3@X7 nEN=L, U52=LV3-pin7 FMC_A0A1A2=110"
254,1,J2_JB17,25,0x0E3,011100011,227,3,0,2,3,3,110,4,"PIX4051=U16_4051R1@X3, PIX4052=U66_4052Mux7@S2B, DG4051=U49_DAC_LV3@X3 nEN=L, U52=LV3-pin7 FMC_A0A1A2=110"
255,1,J2_JB17,26,0x0E7,011100111,231,7,0,2,3,3,110,4,"PIX4051=U40_4051L1@X3, PIX4052=U68_4052Mux7@S2A, DG4051=U49_DAC_LV3@X7 nEN=L, U52=LV3-pin7 FMC_A0A1A2=110"
256,1,J2_JB17,27,0x160,101100000,352,0,0,2,5,3,110,4,"PIX4051=U17_4051R1@X5, PIX4052=U66_4052Mux7@S2A, DG4051=U49_DAC_LV3@X0 nEN=L, U52=LV3-pin7 FMC_A0A1A2=110"
257,1,J2_JB17,28,0x165,101100101,357,5,0,2,5,3,110,4,"PIX4051=U41_4051L1@X5, PIX4052=U68_4052Mux7@S2B, DG4051=U49_DAC_LV3@X5 nEN=L, U52=LV3-pin7 FMC_A0A1A2=110"
258,1,J2_JB17,29,0x1E0,111100000,480,0,0,2,7,3,110,4,"PIX4051=U17_4051R1@X7, PIX4052=U66_4052Mux7@S2A, DG4051=U49_DAC_LV3@X0 nEN=L, U52=LV3-pin7 FMC_A0A1A2=110"
259,1,J2_JB17,30,0x1E5,111100101,485,5,0,2,7,3,110,4,"PIX4051=U41_4051L1@X7, PIX4052=U68_4052Mux7@S2B, DG4051=U49_DAC_LV3@X5 nEN=L, U52=LV3-pin7 FMC_A0A1A2=110"
260,1,J2_JB17,31,0x120,100100000,288,0,0,2,4,3,110,4,"PIX4051=U17_4051R1@X4, PIX4052=U66_4052Mux7@S2A, DG4051=U49_DAC_LV3@X0 nEN=L, U52=LV3-pin7 FMC_A0A1A2=110"
261,1,J2_JB17,32,0x125,100100101,293,5,0,2,4,3,110,4,"PIX4051=U41_4051L1@X4, PIX4052=U68_4052Mux7@S2B, DG4051=U49_DAC_LV3@X5 nEN=L, U52=LV3-pin7 FMC_A0A1A2=110"
262,1,J2_JB17,33,0x1A0,110100000,416,0,0,2,6,3,110,4,"PIX4051=U17_4051R1@X6, PIX4052=U66_4052Mux7@S2A, DG4051=U49_DAC_LV3@X0 nEN=L, U52=LV3-pin7 FMC_A0A1A2=110"
263,1,J2_JB17,34,0x1A5,110100101,421,5,0,2,6,3,110,4,"PIX4051=U41_4051L1@X6, PIX4052=U68_4052Mux7@S2B, DG4051=U49_DAC_LV3@X5 nEN=L, U52=LV3-pin7 FMC_A0A1A2=110"
264,1,J2_JB17,35,0x060,001100000,96,0,0,2,1,3,110,4,"PIX4051=U17_4051R1@X1, PIX4052=U66_4052Mux7@S2A, DG4051=U49_DAC_LV3@X0 nEN=L, U52=LV3-pin7 FMC_A0A1A2=110"
265,1,J2_JB17,36,0x065,001100101,101,5,0,2,1,3,110,4,"PIX4051=U41_4051L1@X1, PIX4052=U68_4052Mux7@S2B, DG4051=U49_DAC_LV3@X5 nEN=L, U52=LV3-pin7 FMC_A0A1A2=110"
266,1,J2_JB17,37,0x0A0,010100000,160,0,0,2,2,3,110,4,"PIX4051=U17_4051R1@X2, PIX4052=U66_4052Mux7@S2A, DG4051=U49_DAC_LV3@X0 nEN=L, U52=LV3-pin7 FMC_A0A1A2=110"
267,1,J2_JB17,38,0x0A5,010100101,165,5,0,2,2,3,110,4,"PIX4051=U41_4051L1@X2, PIX4052=U68_4052Mux7@S2B, DG4051=U49_DAC_LV3@X5 nEN=L, U52=LV3-pin7 FMC_A0A1A2=110"
268,1,J2_JB17,39,0x020,000100000,32,0,0,2,0,3,110,4,"PIX4051=U17_4051R1@X0, PIX4052=U66_4052Mux7@S2A, DG4051=U49_DAC_LV3@X0 nEN=L, U52=LV3-pin7 FMC_A0A1A2=110"
269,1,J2_JB17,40,0x025,000100101,37,5,0,2,0,3,110,4,"PIX4051=U41_4051L1@X0, PIX4052=U68_4052Mux7@S2B, DG4051=U49_DAC_LV3@X5 nEN=L, U52=LV3-pin7 FMC_A0A1A2=110"
270,1,J2_JB17,41,0x0E0,011100000,224,0,0,2,3,3,110,4,"PIX4051=U17_4051R1@X3, PIX4052=U66_4052Mux7@S2A, DG4051=U49_DAC_LV3@X0 nEN=L, U52=LV3-pin7 FMC_A0A1A2=110"
271,1,J2_JB17,42,0x0E5,011100101,229,5,0,2,3,3,110,4,"PIX4051=U41_4051L1@X3, PIX4052=U68_4052Mux7@S2B, DG4051=U49_DAC_LV3@X5 nEN=L, U52=LV3-pin7 FMC_A0A1A2=110"
272,1,J2_JB17,43,0x170,101110000,368,0,0,3,5,3,110,4,"PIX4051=U18_4051R1@X5, PIX4052=U66_4052Mux7@S3A, DG4051=U49_DAC_LV3@X0 nEN=L, U52=LV3-pin7 FMC_A0A1A2=110"
273,1,J2_JB17,44,0x175,101110101,373,5,0,3,5,3,110,4,"PIX4051=U42_4051L1@X5, PIX4052=U68_4052Mux7@S3B, DG4051=U49_DAC_LV3@X5 nEN=L, U52=LV3-pin7 FMC_A0A1A2=110"
274,1,J2_JB17,45,0x1F0,111110000,496,0,0,3,7,3,110,4,"PIX4051=U18_4051R1@X7, PIX4052=U66_4052Mux7@S3A, DG4051=U49_DAC_LV3@X0 nEN=L, U52=LV3-pin7 FMC_A0A1A2=110"
275,1,J2_JB17,46,0x1F5,111110101,501,5,0,3,7,3,110,4,"PIX4051=U42_4051L1@X7, PIX4052=U68_4052Mux7@S3B, DG4051=U49_DAC_LV3@X5 nEN=L, U52=LV3-pin7 FMC_A0A1A2=110"
276,1,J2_JB17,47,0x130,100110000,304,0,0,3,4,3,110,4,"PIX4051=U18_4051R1@X4, PIX4052=U66_4052Mux7@S3A, DG4051=U49_DAC_LV3@X0 nEN=L, U52=LV3-pin7 FMC_A0A1A2=110"
277,1,J2_JB17,48,0x135,100110101,309,5,0,3,4,3,110,4,"PIX4051=U42_4051L1@X4, PIX4052=U68_4052Mux7@S3B, DG4051=U49_DAC_LV3@X5 nEN=L, U52=LV3-pin7 FMC_A0A1A2=110"
278,1,J2_JB17,49,0x1B0,110110000,432,0,0,3,6,3,110,4,"PIX4051=U18_4051R1@X6, PIX4052=U66_4052Mux7@S3A, DG4051=U49_DAC_LV3@X0 nEN=L, U52=LV3-pin7 FMC_A0A1A2=110"
279,1,J2_JB17,50,0x1B5,110110101,437,5,0,3,6,3,110,4,"PIX4051=U42_4051L1@X6, PIX4052=U68_4052Mux7@S3B, DG4051=U49_DAC_LV3@X5 nEN=L, U52=LV3-pin7 FMC_A0A1A2=110"
280,1,J2_JB17,51,0x070,001110000,112,0,0,3,1,3,110,4,"PIX4051=U18_4051R1@X1, PIX4052=U66_4052Mux7@S3A, DG4051=U49_DAC_LV3@X0 nEN=L, U52=LV3-pin7 FMC_A0A1A2=110"
281,1,J2_JB17,52,0x075,001110101,117,5,0,3,1,3,110,4,"PIX4051=U42_4051L1@X1, PIX4052=U68_4052Mux7@S3B, DG4051=U49_DAC_LV3@X5 nEN=L, U52=LV3-pin7 FMC_A0A1A2=110"
282,1,J2_JB17,53,0x0B0,010110000,176,0,0,3,2,3,110,4,"PIX4051=U18_4051R1@X2, PIX4052=U66_4052Mux7@S3A, DG4051=U49_DAC_LV3@X0 nEN=L, U52=LV3-pin7 FMC_A0A1A2=110"
283,1,J2_JB17,54,0x0B5,010110101,181,5,0,3,2,3,110,4,"PIX4051=U42_4051L1@X2, PIX4052=U68_4052Mux7@S3B, DG4051=U49_DAC_LV3@X5 nEN=L, U52=LV3-pin7 FMC_A0A1A2=110"
284,1,J2_JB17,55,0x030,000110000,48,0,0,3,0,3,110,4,"PIX4051=U18_4051R1@X0, PIX4052=U66_4052Mux7@S3A, DG4051=U49_DAC_LV3@X0 nEN=L, U52=LV3-pin7 FMC_A0A1A2=110"
285,1,J2_JB17,56,0x035,000110101,53,5,0,3,0,3,110,4,"PIX4051=U42_4051L1@X0, PIX4052=U68_4052Mux7@S3B, DG4051=U49_DAC_LV3@X5 nEN=L, U52=LV3-pin7 FMC_A0A1A2=110"
286,1,J2_JB17,57,0x0F0,011110000,240,0,0,3,3,3,110,4,"PIX4051=U18_4051R1@X3, PIX4052=U66_4052Mux7@S3A, DG4051=U49_DAC_LV3@X0 nEN=L, U52=LV3-pin7 FMC_A0A1A2=110"
287,1,J2_JB17,58,0x0F5,011110101,245,5,0,3,3,3,110,4,"PIX4051=U42_4051L1@X3, PIX4052=U68_4052Mux7@S3B, DG4051=U49_DAC_LV3@X5 nEN=L, U52=LV3-pin7 FMC_A0A1A2=110"
288,1,J2_JB17,59,0x154,101010100,340,4,0,1,5,3,110,4,"PIX4051=U19_4051R1@X5, PIX4052=U67_4052Mux7@S1A, DG4051=U49_DAC_LV3@X4 nEN=L, U52=LV3-pin7 FMC_A0A1A2=110"
289,1,J2_JB17,60,0x146,101000110,326,6,0,0,5,3,110,4,"PIX4051=U43_4051L1@X5, PIX4052=U67_4052Mux7@S0B, DG4051=U49_DAC_LV3@X6 nEN=L, U52=LV3-pin7 FMC_A0A1A2=110"
290,1,J2_JB17,61,0x1D4,111010100,468,4,0,1,7,3,110,4,"PIX4051=U19_4051R1@X7, PIX4052=U67_4052Mux7@S1A, DG4051=U49_DAC_LV3@X4 nEN=L, U52=LV3-pin7 FMC_A0A1A2=110"
291,1,J2_JB17,62,0x1C6,111000110,454,6,0,0,7,3,110,4,"PIX4051=U43_4051L1@X7, PIX4052=U67_4052Mux7@S0B, DG4051=U49_DAC_LV3@X6 nEN=L, U52=LV3-pin7 FMC_A0A1A2=110"
292,1,J2_JB17,63,0x114,100010100,276,4,0,1,4,3,110,4,"PIX4051=U19_4051R1@X4, PIX4052=U67_4052Mux7@S1A, DG4051=U49_DAC_LV3@X4 nEN=L, U52=LV3-pin7 FMC_A0A1A2=110"
293,1,J2_JB17,64,0x106,100000110,262,6,0,0,4,3,110,4,"PIX4051=U43_4051L1@X4, PIX4052=U67_4052Mux7@S0B, DG4051=U49_DAC_LV3@X6 nEN=L, U52=LV3-pin7 FMC_A0A1A2=110"
294,1,J2_JB17,65,0x194,110010100,404,4,0,1,6,3,110,4,"PIX4051=U19_4051R1@X6, PIX4052=U67_4052Mux7@S1A, DG4051=U49_DAC_LV3@X4 nEN=L, U52=LV3-pin7 FMC_A0A1A2=110"
295,1,J2_JB17,66,0x186,110000110,390,6,0,0,6,3,110,4,"PIX4051=U43_4051L1@X6, PIX4052=U67_4052Mux7@S0B, DG4051=U49_DAC_LV3@X6 nEN=L, U52=LV3-pin7 FMC_A0A1A2=110"
296,1,J2_JB17,67,0x054,001010100,84,4,0,1,1,3,110,4,"PIX4051=U19_4051R1@X1, PIX4052=U67_4052Mux7@S1A, DG4051=U49_DAC_LV3@X4 nEN=L, U52=LV3-pin7 FMC_A0A1A2=110"
297,1,J2_JB17,68,0x046,001000110,70,6,0,0,1,3,110,4,"PIX4051=U43_4051L1@X1, PIX4052=U67_4052Mux7@S0B, DG4051=U49_DAC_LV3@X6 nEN=L, U52=LV3-pin7 FMC_A0A1A2=110"
298,1,J2_JB17,69,0x094,010010100,148,4,0,1,2,3,110,4,"PIX4051=U19_4051R1@X2, PIX4052=U67_4052Mux7@S1A, DG4051=U49_DAC_LV3@X4 nEN=L, U52=LV3-pin7 FMC_A0A1A2=110"
299,1,J2_JB17,70,0x086,010000110,134,6,0,0,2,3,110,4,"PIX4051=U43_4051L1@X2, PIX4052=U67_4052Mux7@S0B, DG4051=U49_DAC_LV3@X6 nEN=L, U52=LV3-pin7 FMC_A0A1A2=110"
300,1,J2_JB17,71,0x014,000010100,20,4,0,1,0,3,110,4,"PIX4051=U19_4051R1@X0, PIX4052=U67_4052Mux7@S1A, DG4051=U49_DAC_LV3@X4 nEN=L, U52=LV3-pin7 FMC_A0A1A2=110"
301,1,J2_JB17,72,0x006,000000110,6,6,0,0,0,3,110,4,"PIX4051=U43_4051L1@X0, PIX4052=U67_4052Mux7@S0B, DG4051=U49_DAC_LV3@X6 nEN=L, U52=LV3-pin7 FMC_A0A1A2=110"
302,1,J2_JB17,73,0x0D4,011010100,212,4,0,1,3,3,110,4,"PIX4051=U19_4051R1@X3, PIX4052=U67_4052Mux7@S1A, DG4051=U49_DAC_LV3@X4 nEN=L, U52=LV3-pin7 FMC_A0A1A2=110"
303,1,J2_JB17,74,0x0C6,011000110,198,6,0,0,3,3,110,4,"PIX4051=U43_4051L1@X3, PIX4052=U67_4052Mux7@S0B, DG4051=U49_DAC_LV3@X6 nEN=L, U52=LV3-pin7 FMC_A0A1A2=110"
304,1,J2_JB17,75,0x144,101000100,324,4,0,0,5,3,110,4,"PIX4051=U20_4051R1@X5, PIX4052=U67_4052Mux7@S0A, DG4051=U49_DAC_LV3@X4 nEN=L, U52=LV3-pin7 FMC_A0A1A2=110"
305,1,J2_JB17,76,0x156,101010110,342,6,0,1,5,3,110,4,"PIX4051=U44_4051L1@X5, PIX4052=U67_4052Mux7@S1B, DG4051=U49_DAC_LV3@X6 nEN=L, U52=LV3-pin7 FMC_A0A1A2=110"
306,1,J1_JA9,3,0x0D5,011010101,213,5,0,1,3,3,110,4,"PIX4051=U48_4051L1@X3, PIX4052=U68_4052Mux7@S1B, DG4051=U49_DAC_LV3@X5 nEN=L, U52=LV3-pin7 FMC_A0A1A2=110"
307,1,J1_JA9,4,0x0C0,011000000,192,0,0,0,3,3,110,4,"PIX4051=U24_4051R1@X3, PIX4052=U66_4052Mux7@S0A, DG4051=U49_DAC_LV3@X0 nEN=L, U52=LV3-pin7 FMC_A0A1A2=110"
308,1,J1_JA9,5,0x015,000010101,21,5,0,1,0,3,110,4,"PIX4051=U48_4051L1@X0, PIX4052=U68_4052Mux7@S1B, DG4051=U49_DAC_LV3@X5 nEN=L, U52=LV3-pin7 FMC_A0A1A2=110"
309,1,J1_JA9,6,0x000,000000000,0,0,0,0,0,3,110,4,"PIX4051=U24_4051R1@X0, PIX4052=U66_4052Mux7@S0A, DG4051=U49_DAC_LV3@X0 nEN=L, U52=LV3-pin7 FMC_A0A1A2=110"
310,1,J1_JA9,7,0x095,010010101,149,5,0,1,2,3,110,4,"PIX4051=U48_4051L1@X2, PIX4052=U68_4052Mux7@S1B, DG4051=U49_DAC_LV3@X5 nEN=L, U52=LV3-pin7 FMC_A0A1A2=110"
311,1,J1_JA9,8,0x080,010000000,128,0,0,0,2,3,110,4,"PIX4051=U24_4051R1@X2, PIX4052=U66_4052Mux7@S0A, DG4051=U49_DAC_LV3@X0 nEN=L, U52=LV3-pin7 FMC_A0A1A2=110"
312,1,J1_JA9,9,0x055,001010101,85,5,0,1,1,3,110,4,"PIX4051=U48_4051L1@X1, PIX4052=U68_4052Mux7@S1B, DG4051=U49_DAC_LV3@X5 nEN=L, U52=LV3-pin7 FMC_A0A1A2=110"
313,1,J1_JA9,10,0x040,001000000,64,0,0,0,1,3,110,4,"PIX4051=U24_4051R1@X1, PIX4052=U66_4052Mux7@S0A, DG4051=U49_DAC_LV3@X0 nEN=L, U52=LV3-pin7 FMC_A0A1A2=110"
314,1,J1_JA9,11,0x195,110010101,405,5,0,1,6,3,110,4,"PIX4051=U48_4051L1@X6, PIX4052=U68_4052Mux7@S1B, DG4051=U49_DAC_LV3@X5 nEN=L, U52=LV3-pin7 FMC_A0A1A2=110"
315,1,J1_JA9,12,0x180,110000000,384,0,0,0,6,3,110,4,"PIX4051=U24_4051R1@X6, PIX4052=U66_4052Mux7@S0A, DG4051=U49_DAC_LV3@X0 nEN=L, U52=LV3-pin7 FMC_A0A1A2=110"
316,1,J1_JA9,13,0x115,100010101,277,5,0,1,4,3,110,4,"PIX4051=U48_4051L1@X4, PIX4052=U68_4052Mux7@S1B, DG4051=U49_DAC_LV3@X5 nEN=L, U52=LV3-pin7 FMC_A0A1A2=110"
317,1,J1_JA9,14,0x100,100000000,256,0,0,0,4,3,110,4,"PIX4051=U24_4051R1@X4, PIX4052=U66_4052Mux7@S0A, DG4051=U49_DAC_LV3@X0 nEN=L, U52=LV3-pin7 FMC_A0A1A2=110"
318,1,J1_JA9,15,0x1D5,111010101,469,5,0,1,7,3,110,4,"PIX4051=U48_4051L1@X7, PIX4052=U68_4052Mux7@S1B, DG4051=U49_DAC_LV3@X5 nEN=L, U52=LV3-pin7 FMC_A0A1A2=110"
319,1,J1_JA9,16,0x1C0,111000000,448,0,0,0,7,3,110,4,"PIX4051=U24_4051R1@X7, PIX4052=U66_4052Mux7@S0A, DG4051=U49_DAC_LV3@X0 nEN=L, U52=LV3-pin7 FMC_A0A1A2=110"
320,1,J1_JA9,17,0x155,101010101,341,5,0,1,5,3,110,4,"PIX4051=U48_4051L1@X5, PIX4052=U68_4052Mux7@S1B, DG4051=U49_DAC_LV3@X5 nEN=L, U52=LV3-pin7 FMC_A0A1A2=110"
321,1,J1_JA9,18,0x140,101000000,320,0,0,0,5,3,110,4,"PIX4051=U24_4051R1@X5, PIX4052=U66_4052Mux7@S0A, DG4051=U49_DAC_LV3@X0 nEN=L, U52=LV3-pin7 FMC_A0A1A2=110"
322,1,J1_JA9,19,0x0C5,011000101,197,5,0,0,3,3,110,4,"PIX4051=U47_4051L1@X3, PIX4052=U68_4052Mux7@S0B, DG4051=U49_DAC_LV3@X5 nEN=L, U52=LV3-pin7 FMC_A0A1A2=110"
323,1,J1_JA9,20,0x0D0,011010000,208,0,0,1,3,3,110,4,"PIX4051=U23_4051R1@X3, PIX4052=U66_4052Mux7@S1A, DG4051=U49_DAC_LV3@X0 nEN=L, U52=LV3-pin7 FMC_A0A1A2=110"
324,1,J1_JA9,21,0x005,000000101,5,5,0,0,0,3,110,4,"PIX4051=U47_4051L1@X0, PIX4052=U68_4052Mux7@S0B, DG4051=U49_DAC_LV3@X5 nEN=L, U52=LV3-pin7 FMC_A0A1A2=110"
325,1,J1_JA9,22,0x010,000010000,16,0,0,1,0,3,110,4,"PIX4051=U23_4051R1@X0, PIX4052=U66_4052Mux7@S1A, DG4051=U49_DAC_LV3@X0 nEN=L, U52=LV3-pin7 FMC_A0A1A2=110"
326,1,J1_JA9,23,0x085,010000101,133,5,0,0,2,3,110,4,"PIX4051=U47_4051L1@X2, PIX4052=U68_4052Mux7@S0B, DG4051=U49_DAC_LV3@X5 nEN=L, U52=LV3-pin7 FMC_A0A1A2=110"
327,1,J1_JA9,24,0x090,010010000,144,0,0,1,2,3,110,4,"PIX4051=U23_4051R1@X2, PIX4052=U66_4052Mux7@S1A, DG4051=U49_DAC_LV3@X0 nEN=L, U52=LV3-pin7 FMC_A0A1A2=110"
328,1,J1_JA9,25,0x045,001000101,69,5,0,0,1,3,110,4,"PIX4051=U47_4051L1@X1, PIX4052=U68_4052Mux7@S0B, DG4051=U49_DAC_LV3@X5 nEN=L, U52=LV3-pin7 FMC_A0A1A2=110"
329,1,J1_JA9,26,0x050,001010000,80,0,0,1,1,3,110,4,"PIX4051=U23_4051R1@X1, PIX4052=U66_4052Mux7@S1A, DG4051=U49_DAC_LV3@X0 nEN=L, U52=LV3-pin7 FMC_A0A1A2=110"
330,1,J1_JA9,27,0x185,110000101,389,5,0,0,6,3,110,4,"PIX4051=U47_4051L1@X6, PIX4052=U68_4052Mux7@S0B, DG4051=U49_DAC_LV3@X5 nEN=L, U52=LV3-pin7 FMC_A0A1A2=110"
331,1,J1_JA9,28,0x190,110010000,400,0,0,1,6,3,110,4,"PIX4051=U23_4051R1@X6, PIX4052=U66_4052Mux7@S1A, DG4051=U49_DAC_LV3@X0 nEN=L, U52=LV3-pin7 FMC_A0A1A2=110"
332,1,J1_JA9,29,0x105,100000101,261,5,0,0,4,3,110,4,"PIX4051=U47_4051L1@X4, PIX4052=U68_4052Mux7@S0B, DG4051=U49_DAC_LV3@X5 nEN=L, U52=LV3-pin7 FMC_A0A1A2=110"
333,1,J1_JA9,30,0x110,100010000,272,0,0,1,4,3,110,4,"PIX4051=U23_4051R1@X4, PIX4052=U66_4052Mux7@S1A, DG4051=U49_DAC_LV3@X0 nEN=L, U52=LV3-pin7 FMC_A0A1A2=110"
334,1,J1_JA9,31,0x1C5,111000101,453,5,0,0,7,3,110,4,"PIX4051=U47_4051L1@X7, PIX4052=U68_4052Mux7@S0B, DG4051=U49_DAC_LV3@X5 nEN=L, U52=LV3-pin7 FMC_A0A1A2=110"
335,1,J1_JA9,32,0x1D0,111010000,464,0,0,1,7,3,110,4,"PIX4051=U23_4051R1@X7, PIX4052=U66_4052Mux7@S1A, DG4051=U49_DAC_LV3@X0 nEN=L, U52=LV3-pin7 FMC_A0A1A2=110"
336,1,J1_JA9,33,0x145,101000101,325,5,0,0,5,3,110,4,"PIX4051=U47_4051L1@X5, PIX4052=U68_4052Mux7@S0B, DG4051=U49_DAC_LV3@X5 nEN=L, U52=LV3-pin7 FMC_A0A1A2=110"
337,1,J1_JA9,34,0x150,101010000,336,0,0,1,5,3,110,4,"PIX4051=U23_4051R1@X5, PIX4052=U66_4052Mux7@S1A, DG4051=U49_DAC_LV3@X0 nEN=L, U52=LV3-pin7 FMC_A0A1A2=110"
338,1,J1_JA9,35,0x0D7,011010111,215,7,0,1,3,3,110,4,"PIX4051=U46_4051L1@X3, PIX4052=U68_4052Mux7@S1A, DG4051=U49_DAC_LV3@X7 nEN=L, U52=LV3-pin7 FMC_A0A1A2=110"
339,1,J1_JA9,36,0x0C3,011000011,195,3,0,0,3,3,110,4,"PIX4051=U22_4051R1@X3, PIX4052=U66_4052Mux7@S0B, DG4051=U49_DAC_LV3@X3 nEN=L, U52=LV3-pin7 FMC_A0A1A2=110"
340,1,J1_JA9,37,0x017,000010111,23,7,0,1,0,3,110,4,"PIX4051=U46_4051L1@X0, PIX4052=U68_4052Mux7@S1A, DG4051=U49_DAC_LV3@X7 nEN=L, U52=LV3-pin7 FMC_A0A1A2=110"
341,1,J1_JA9,38,0x003,000000011,3,3,0,0,0,3,110,4,"PIX4051=U22_4051R1@X0, PIX4052=U66_4052Mux7@S0B, DG4051=U49_DAC_LV3@X3 nEN=L, U52=LV3-pin7 FMC_A0A1A2=110"
342,1,J1_JA9,39,0x097,010010111,151,7,0,1,2,3,110,4,"PIX4051=U46_4051L1@X2, PIX4052=U68_4052Mux7@S1A, DG4051=U49_DAC_LV3@X7 nEN=L, U52=LV3-pin7 FMC_A0A1A2=110"
343,1,J1_JA9,40,0x083,010000011,131,3,0,0,2,3,110,4,"PIX4051=U22_4051R1@X2, PIX4052=U66_4052Mux7@S0B, DG4051=U49_DAC_LV3@X3 nEN=L, U52=LV3-pin7 FMC_A0A1A2=110"
344,1,J1_JA9,41,0x057,001010111,87,7,0,1,1,3,110,4,"PIX4051=U46_4051L1@X1, PIX4052=U68_4052Mux7@S1A, DG4051=U49_DAC_LV3@X7 nEN=L, U52=LV3-pin7 FMC_A0A1A2=110"
345,1,J1_JA9,42,0x043,001000011,67,3,0,0,1,3,110,4,"PIX4051=U22_4051R1@X1, PIX4052=U66_4052Mux7@S0B, DG4051=U49_DAC_LV3@X3 nEN=L, U52=LV3-pin7 FMC_A0A1A2=110"
346,1,J1_JA9,43,0x197,110010111,407,7,0,1,6,3,110,4,"PIX4051=U46_4051L1@X6, PIX4052=U68_4052Mux7@S1A, DG4051=U49_DAC_LV3@X7 nEN=L, U52=LV3-pin7 FMC_A0A1A2=110"
347,1,J1_JA9,44,0x183,110000011,387,3,0,0,6,3,110,4,"PIX4051=U22_4051R1@X6, PIX4052=U66_4052Mux7@S0B, DG4051=U49_DAC_LV3@X3 nEN=L, U52=LV3-pin7 FMC_A0A1A2=110"
348,1,J1_JA9,45,0x117,100010111,279,7,0,1,4,3,110,4,"PIX4051=U46_4051L1@X4, PIX4052=U68_4052Mux7@S1A, DG4051=U49_DAC_LV3@X7 nEN=L, U52=LV3-pin7 FMC_A0A1A2=110"
349,1,J1_JA9,46,0x103,100000011,259,3,0,0,4,3,110,4,"PIX4051=U22_4051R1@X4, PIX4052=U66_4052Mux7@S0B, DG4051=U49_DAC_LV3@X3 nEN=L, U52=LV3-pin7 FMC_A0A1A2=110"
350,1,J1_JA9,47,0x1D7,111010111,471,7,0,1,7,3,110,4,"PIX4051=U46_4051L1@X7, PIX4052=U68_4052Mux7@S1A, DG4051=U49_DAC_LV3@X7 nEN=L, U52=LV3-pin7 FMC_A0A1A2=110"
351,1,J1_JA9,48,0x1C3,111000011,451,3,0,0,7,3,110,4,"PIX4051=U22_4051R1@X7, PIX4052=U66_4052Mux7@S0B, DG4051=U49_DAC_LV3@X3 nEN=L, U52=LV3-pin7 FMC_A0A1A2=110"
352,1,J1_JA9,49,0x157,101010111,343,7,0,1,5,3,110,4,"PIX4051=U46_4051L1@X5, PIX4052=U68_4052Mux7@S1A, DG4051=U49_DAC_LV3@X7 nEN=L, U52=LV3-pin7 FMC_A0A1A2=110"
353,1,J1_JA9,50,0x143,101000011,323,3,0,0,5,3,110,4,"PIX4051=U22_4051R1@X5, PIX4052=U66_4052Mux7@S0B, DG4051=U49_DAC_LV3@X3 nEN=L, U52=LV3-pin7 FMC_A0A1A2=110"
354,1,J1_JA9,51,0x0C7,011000111,199,7,0,0,3,3,110,4,"PIX4051=U45_4051L1@X3, PIX4052=U68_4052Mux7@S0A, DG4051=U49_DAC_LV3@X7 nEN=L, U52=LV3-pin7 FMC_A0A1A2=110"
355,1,J1_JA9,52,0x0D3,011010011,211,3,0,1,3,3,110,4,"PIX4051=U21_4051R1@X3, PIX4052=U66_4052Mux7@S1B, DG4051=U49_DAC_LV3@X3 nEN=L, U52=LV3-pin7 FMC_A0A1A2=110"
356,1,J1_JA9,53,0x007,000000111,7,7,0,0,0,3,110,4,"PIX4051=U45_4051L1@X0, PIX4052=U68_4052Mux7@S0A, DG4051=U49_DAC_LV3@X7 nEN=L, U52=LV3-pin7 FMC_A0A1A2=110"
357,1,J1_JA9,54,0x013,000010011,19,3,0,1,0,3,110,4,"PIX4051=U21_4051R1@X0, PIX4052=U66_4052Mux7@S1B, DG4051=U49_DAC_LV3@X3 nEN=L, U52=LV3-pin7 FMC_A0A1A2=110"
358,1,J1_JA9,55,0x087,010000111,135,7,0,0,2,3,110,4,"PIX4051=U45_4051L1@X2, PIX4052=U68_4052Mux7@S0A, DG4051=U49_DAC_LV3@X7 nEN=L, U52=LV3-pin7 FMC_A0A1A2=110"
359,1,J1_JA9,56,0x093,010010011,147,3,0,1,2,3,110,4,"PIX4051=U21_4051R1@X2, PIX4052=U66_4052Mux7@S1B, DG4051=U49_DAC_LV3@X3 nEN=L, U52=LV3-pin7 FMC_A0A1A2=110"
360,1,J1_JA9,57,0x047,001000111,71,7,0,0,1,3,110,4,"PIX4051=U45_4051L1@X1, PIX4052=U68_4052Mux7@S0A, DG4051=U49_DAC_LV3@X7 nEN=L, U52=LV3-pin7 FMC_A0A1A2=110"
361,1,J1_JA9,58,0x053,001010011,83,3,0,1,1,3,110,4,"PIX4051=U21_4051R1@X1, PIX4052=U66_4052Mux7@S1B, DG4051=U49_DAC_LV3@X3 nEN=L, U52=LV3-pin7 FMC_A0A1A2=110"
362,1,J1_JA9,59,0x187,110000111,391,7,0,0,6,3,110,4,"PIX4051=U45_4051L1@X6, PIX4052=U68_4052Mux7@S0A, DG4051=U49_DAC_LV3@X7 nEN=L, U52=LV3-pin7 FMC_A0A1A2=110"
363,1,J1_JA9,60,0x193,110010011,403,3,0,1,6,3,110,4,"PIX4051=U21_4051R1@X6, PIX4052=U66_4052Mux7@S1B, DG4051=U49_DAC_LV3@X3 nEN=L, U52=LV3-pin7 FMC_A0A1A2=110"
364,1,J1_JA9,61,0x107,100000111,263,7,0,0,4,3,110,4,"PIX4051=U45_4051L1@X4, PIX4052=U68_4052Mux7@S0A, DG4051=U49_DAC_LV3@X7 nEN=L, U52=LV3-pin7 FMC_A0A1A2=110"
365,1,J1_JA9,62,0x113,100010011,275,3,0,1,4,3,110,4,"PIX4051=U21_4051R1@X4, PIX4052=U66_4052Mux7@S1B, DG4051=U49_DAC_LV3@X3 nEN=L, U52=LV3-pin7 FMC_A0A1A2=110"
366,1,J1_JA9,63,0x1C7,111000111,455,7,0,0,7,3,110,4,"PIX4051=U45_4051L1@X7, PIX4052=U68_4052Mux7@S0A, DG4051=U49_DAC_LV3@X7 nEN=L, U52=LV3-pin7 FMC_A0A1A2=110"
367,1,J1_JA9,64,0x1D3,111010011,467,3,0,1,7,3,110,4,"PIX4051=U21_4051R1@X7, PIX4052=U66_4052Mux7@S1B, DG4051=U49_DAC_LV3@X3 nEN=L, U52=LV3-pin7 FMC_A0A1A2=110"
368,1,J1_JA9,65,0x147,101000111,327,7,0,0,5,3,110,4,"PIX4051=U45_4051L1@X5, PIX4052=U68_4052Mux7@S0A, DG4051=U49_DAC_LV3@X7 nEN=L, U52=LV3-pin7 FMC_A0A1A2=110"
369,1,J1_JA9,66,0x153,101010011,339,3,0,1,5,3,110,4,"PIX4051=U21_4051R1@X5, PIX4052=U66_4052Mux7@S1B, DG4051=U49_DAC_LV3@X3 nEN=L, U52=LV3-pin7 FMC_A0A1A2=110"
370,1,J1_JA9,67,0x0D6,011010110,214,6,0,1,3,3,110,4,"PIX4051=U44_4051L1@X3, PIX4052=U67_4052Mux7@S1B, DG4051=U49_DAC_LV3@X6 nEN=L, U52=LV3-pin7 FMC_A0A1A2=110"
371,1,J1_JA9,68,0x0C4,011000100,196,4,0,0,3,3,110,4,"PIX4051=U20_4051R1@X3, PIX4052=U67_4052Mux7@S0A, DG4051=U49_DAC_LV3@X4 nEN=L, U52=LV3-pin7 FMC_A0A1A2=110"
372,1,J1_JA9,69,0x016,000010110,22,6,0,1,0,3,110,4,"PIX4051=U44_4051L1@X0, PIX4052=U67_4052Mux7@S1B, DG4051=U49_DAC_LV3@X6 nEN=L, U52=LV3-pin7 FMC_A0A1A2=110"
373,1,J1_JA9,70,0x004,000000100,4,4,0,0,0,3,110,4,"PIX4051=U20_4051R1@X0, PIX4052=U67_4052Mux7@S0A, DG4051=U49_DAC_LV3@X4 nEN=L, U52=LV3-pin7 FMC_A0A1A2=110"
374,1,J1_JA9,71,0x096,010010110,150,6,0,1,2,3,110,4,"PIX4051=U44_4051L1@X2, PIX4052=U67_4052Mux7@S1B, DG4051=U49_DAC_LV3@X6 nEN=L, U52=LV3-pin7 FMC_A0A1A2=110"
375,1,J1_JA9,72,0x084,010000100,132,4,0,0,2,3,110,4,"PIX4051=U20_4051R1@X2, PIX4052=U67_4052Mux7@S0A, DG4051=U49_DAC_LV3@X4 nEN=L, U52=LV3-pin7 FMC_A0A1A2=110"
376,1,J1_JA9,73,0x056,001010110,86,6,0,1,1,3,110,4,"PIX4051=U44_4051L1@X1, PIX4052=U67_4052Mux7@S1B, DG4051=U49_DAC_LV3@X6 nEN=L, U52=LV3-pin7 FMC_A0A1A2=110"
377,1,J1_JA9,74,0x044,001000100,68,4,0,0,1,3,110,4,"PIX4051=U20_4051R1@X1, PIX4052=U67_4052Mux7@S0A, DG4051=U49_DAC_LV3@X4 nEN=L, U52=LV3-pin7 FMC_A0A1A2=110"
378,1,J1_JA9,75,0x196,110010110,406,6,0,1,6,3,110,4,"PIX4051=U44_4051L1@X6, PIX4052=U67_4052Mux7@S1B, DG4051=U49_DAC_LV3@X6 nEN=L, U52=LV3-pin7 FMC_A0A1A2=110"
379,1,J1_JA9,76,0x184,110000100,388,4,0,0,6,3,110,4,"PIX4051=U20_4051R1@X6, PIX4052=U67_4052Mux7@S0A, DG4051=U49_DAC_LV3@X4 nEN=L, U52=LV3-pin7 FMC_A0A1A2=110"
380,1,J1_JA9,77,0x116,100010110,278,6,0,1,4,3,110,4,"PIX4051=U44_4051L1@X4, PIX4052=U67_4052Mux7@S1B, DG4051=U49_DAC_LV3@X6 nEN=L, U52=LV3-pin7 FMC_A0A1A2=110"
381,1,J1_JA9,78,0x104,100000100,260,4,0,0,4,3,110,4,"PIX4051=U20_4051R1@X4, PIX4052=U67_4052Mux7@S0A, DG4051=U49_DAC_LV3@X4 nEN=L, U52=LV3-pin7 FMC_A0A1A2=110"
382,1,J1_JA9,79,0x1D6,111010110,470,6,0,1,7,3,110,4,"PIX4051=U44_4051L1@X7, PIX4052=U67_4052Mux7@S1B, DG4051=U49_DAC_LV3@X6 nEN=L, U52=LV3-pin7 FMC_A0A1A2=110"
383,1,J1_JA9,80,0x1C4,111000100,452,4,0,0,7,3,110,4,"PIX4051=U20_4051R1@X7, PIX4052=U67_4052Mux7@S0A, DG4051=U49_DAC_LV3@X4 nEN=L, U52=LV3-pin7 FMC_A0A1A2=110"
384,2,J1_JA2,3,0x17C,101111100,380,4,1,3,5,1,100,0,"PIX4051=U1_4051R2@X5, PIX4052=U66_4052Mux2@S3B, DG4051=U50_DAC_LV1@X4 nEN=H, U52=LV1-pin7 FMC_A0A1A2=100"
385,2,J1_JA2,4,0x171,101110001,369,1,0,3,5,1,100,0,"PIX4051=U25_4051L2@X5, PIX4052=U68_4052Mux1@S3A, DG4051=U49_DAC_LV1@X1 nEN=L, U52=LV1-pin7 FMC_A0A1A2=100"
386,2,J1_JA2,5,0x1FC,111111100,508,4,1,3,7,1,100,0,"PIX4051=U1_4051R2@X7, PIX4052=U66_4052Mux2@S3B, DG4051=U50_DAC_LV1@X4 nEN=H, U52=LV1-pin7 FMC_A0A1A2=100"
387,2,J1_JA2,6,0x1F1,111110001,497,1,0,3,7,1,100,0,"PIX4051=U25_4051L2@X7, PIX4052=U68_4052Mux1@S3A, DG4051=U49_DAC_LV1@X1 nEN=L, U52=LV1-pin7 FMC_A0A1A2=100"
388,2,J1_JA2,7,0x13C,100111100,316,4,1,3,4,1,100,0,"PIX4051=U1_4051R2@X4, PIX4052=U66_4052Mux2@S3B, DG4051=U50_DAC_LV1@X4 nEN=H, U52=LV1-pin7 FMC_A0A1A2=100"
389,2,J1_JA2,8,0x131,100110001,305,1,0,3,4,1,100,0,"PIX4051=U25_4051L2@X4, PIX4052=U68_4052Mux1@S3A, DG4051=U49_DAC_LV1@X1 nEN=L, U52=LV1-pin7 FMC_A0A1A2=100"
390,2,J1_JA2,9,0x1BC,110111100,444,4,1,3,6,1,100,0,"PIX4051=U1_4051R2@X6, PIX4052=U66_4052Mux2@S3B, DG4051=U50_DAC_LV1@X4 nEN=H, U52=LV1-pin7 FMC_A0A1A2=100"
391,2,J1_JA2,10,0x1B1,110110001,433,1,0,3,6,1,100,0,"PIX4051=U25_4051L2@X6, PIX4052=U68_4052Mux1@S3A, DG4051=U49_DAC_LV1@X1 nEN=L, U52=LV1-pin7 FMC_A0A1A2=100"
392,2,J1_JA2,11,0x07C,001111100,124,4,1,3,1,1,100,0,"PIX4051=U1_4051R2@X1, PIX4052=U66_4052Mux2@S3B, DG4051=U50_DAC_LV1@X4 nEN=H, U52=LV1-pin7 FMC_A0A1A2=100"
393,2,J1_JA2,12,0x071,001110001,113,1,0,3,1,1,100,0,"PIX4051=U25_4051L2@X1, PIX4052=U68_4052Mux1@S3A, DG4051=U49_DAC_LV1@X1 nEN=L, U52=LV1-pin7 FMC_A0A1A2=100"
394,2,J1_JA2,13,0x0BC,010111100,188,4,1,3,2,1,100,0,"PIX4051=U1_4051R2@X2, PIX4052=U66_4052Mux2@S3B, DG4051=U50_DAC_LV1@X4 nEN=H, U52=LV1-pin7 FMC_A0A1A2=100"
395,2,J1_JA2,14,0x0B1,010110001,177,1,0,3,2,1,100,0,"PIX4051=U25_4051L2@X2, PIX4052=U68_4052Mux1@S3A, DG4051=U49_DAC_LV1@X1 nEN=L, U52=LV1-pin7 FMC_A0A1A2=100"
396,2,J1_JA2,15,0x03C,000111100,60,4,1,3,0,1,100,0,"PIX4051=U1_4051R2@X0, PIX4052=U66_4052Mux2@S3B, DG4051=U50_DAC_LV1@X4 nEN=H, U52=LV1-pin7 FMC_A0A1A2=100"
397,2,J1_JA2,16,0x031,000110001,49,1,0,3,0,1,100,0,"PIX4051=U25_4051L2@X0, PIX4052=U68_4052Mux1@S3A, DG4051=U49_DAC_LV1@X1 nEN=L, U52=LV1-pin7 FMC_A0A1A2=100"
398,2,J1_JA2,17,0x0FC,011111100,252,4,1,3,3,1,100,0,"PIX4051=U1_4051R2@X3, PIX4052=U66_4052Mux2@S3B, DG4051=U50_DAC_LV1@X4 nEN=H, U52=LV1-pin7 FMC_A0A1A2=100"
399,2,J1_JA2,18,0x0F1,011110001,241,1,0,3,3,1,100,0,"PIX4051=U25_4051L2@X3, PIX4052=U68_4052Mux1@S3A, DG4051=U49_DAC_LV1@X1 nEN=L, U52=LV1-pin7 FMC_A0A1A2=100"
400,2,J1_JA2,19,0x16C,101101100,364,4,1,2,5,1,100,0,"PIX4051=U2_4051R2@X5, PIX4052=U66_4052Mux2@S2B, DG4051=U50_DAC_LV1@X4 nEN=H, U52=LV1-pin7 FMC_A0A1A2=100"
401,2,J1_JA2,20,0x161,101100001,353,1,0,2,5,1,100,0,"PIX4051=U26_4051L2@X5, PIX4052=U68_4052Mux1@S2A, DG4051=U49_DAC_LV1@X1 nEN=L, U52=LV1-pin7 FMC_A0A1A2=100"
402,2,J1_JA2,21,0x1EC,111101100,492,4,1,2,7,1,100,0,"PIX4051=U2_4051R2@X7, PIX4052=U66_4052Mux2@S2B, DG4051=U50_DAC_LV1@X4 nEN=H, U52=LV1-pin7 FMC_A0A1A2=100"
403,2,J1_JA2,22,0x1E1,111100001,481,1,0,2,7,1,100,0,"PIX4051=U26_4051L2@X7, PIX4052=U68_4052Mux1@S2A, DG4051=U49_DAC_LV1@X1 nEN=L, U52=LV1-pin7 FMC_A0A1A2=100"
404,2,J1_JA2,23,0x12C,100101100,300,4,1,2,4,1,100,0,"PIX4051=U2_4051R2@X4, PIX4052=U66_4052Mux2@S2B, DG4051=U50_DAC_LV1@X4 nEN=H, U52=LV1-pin7 FMC_A0A1A2=100"
405,2,J1_JA2,24,0x121,100100001,289,1,0,2,4,1,100,0,"PIX4051=U26_4051L2@X4, PIX4052=U68_4052Mux1@S2A, DG4051=U49_DAC_LV1@X1 nEN=L, U52=LV1-pin7 FMC_A0A1A2=100"
406,2,J1_JA2,25,0x1AC,110101100,428,4,1,2,6,1,100,0,"PIX4051=U2_4051R2@X6, PIX4052=U66_4052Mux2@S2B, DG4051=U50_DAC_LV1@X4 nEN=H, U52=LV1-pin7 FMC_A0A1A2=100"
407,2,J1_JA2,26,0x1A1,110100001,417,1,0,2,6,1,100,0,"PIX4051=U26_4051L2@X6, PIX4052=U68_4052Mux1@S2A, DG4051=U49_DAC_LV1@X1 nEN=L, U52=LV1-pin7 FMC_A0A1A2=100"
408,2,J1_JA2,27,0x06C,001101100,108,4,1,2,1,1,100,0,"PIX4051=U2_4051R2@X1, PIX4052=U66_4052Mux2@S2B, DG4051=U50_DAC_LV1@X4 nEN=H, U52=LV1-pin7 FMC_A0A1A2=100"
409,2,J1_JA2,28,0x061,001100001,97,1,0,2,1,1,100,0,"PIX4051=U26_4051L2@X1, PIX4052=U68_4052Mux1@S2A, DG4051=U49_DAC_LV1@X1 nEN=L, U52=LV1-pin7 FMC_A0A1A2=100"
410,2,J1_JA2,29,0x0AC,010101100,172,4,1,2,2,1,100,0,"PIX4051=U2_4051R2@X2, PIX4052=U66_4052Mux2@S2B, DG4051=U50_DAC_LV1@X4 nEN=H, U52=LV1-pin7 FMC_A0A1A2=100"
411,2,J1_JA2,30,0x0A1,010100001,161,1,0,2,2,1,100,0,"PIX4051=U26_4051L2@X2, PIX4052=U68_4052Mux1@S2A, DG4051=U49_DAC_LV1@X1 nEN=L, U52=LV1-pin7 FMC_A0A1A2=100"
412,2,J1_JA2,31,0x02C,000101100,44,4,1,2,0,1,100,0,"PIX4051=U2_4051R2@X0, PIX4052=U66_4052Mux2@S2B, DG4051=U50_DAC_LV1@X4 nEN=H, U52=LV1-pin7 FMC_A0A1A2=100"
413,2,J1_JA2,32,0x021,000100001,33,1,0,2,0,1,100,0,"PIX4051=U26_4051L2@X0, PIX4052=U68_4052Mux1@S2A, DG4051=U49_DAC_LV1@X1 nEN=L, U52=LV1-pin7 FMC_A0A1A2=100"
414,2,J1_JA2,33,0x0EC,011101100,236,4,1,2,3,1,100,0,"PIX4051=U2_4051R2@X3, PIX4052=U66_4052Mux2@S2B, DG4051=U50_DAC_LV1@X4 nEN=H, U52=LV1-pin7 FMC_A0A1A2=100"
415,2,J1_JA2,34,0x0E1,011100001,225,1,0,2,3,1,100,0,"PIX4051=U26_4051L2@X3, PIX4052=U68_4052Mux1@S2A, DG4051=U49_DAC_LV1@X1 nEN=L, U52=LV1-pin7 FMC_A0A1A2=100"
416,2,J1_JA2,35,0x16E,101101110,366,6,1,2,5,1,100,0,"PIX4051=U3_4051R2@X5, PIX4052=U66_4052Mux2@S2A, DG4051=U50_DAC_LV1@X6 nEN=H, U52=LV1-pin7 FMC_A0A1A2=100"
417,2,J1_JA2,36,0x162,101100010,354,2,0,2,5,1,100,0,"PIX4051=U27_4051L2@X5, PIX4052=U68_4052Mux1@S2B, DG4051=U49_DAC_LV1@X2 nEN=L, U52=LV1-pin7 FMC_A0A1A2=100"
418,2,J1_JA2,37,0x1EE,111101110,494,6,1,2,7,1,100,0,"PIX4051=U3_4051R2@X7, PIX4052=U66_4052Mux2@S2A, DG4051=U50_DAC_LV1@X6 nEN=H, U52=LV1-pin7 FMC_A0A1A2=100"
419,2,J1_JA2,38,0x1E2,111100010,482,2,0,2,7,1,100,0,"PIX4051=U27_4051L2@X7, PIX4052=U68_4052Mux1@S2B, DG4051=U49_DAC_LV1@X2 nEN=L, U52=LV1-pin7 FMC_A0A1A2=100"
420,2,J1_JA2,39,0x12E,100101110,302,6,1,2,4,1,100,0,"PIX4051=U3_4051R2@X4, PIX4052=U66_4052Mux2@S2A, DG4051=U50_DAC_LV1@X6 nEN=H, U52=LV1-pin7 FMC_A0A1A2=100"
421,2,J1_JA2,40,0x122,100100010,290,2,0,2,4,1,100,0,"PIX4051=U27_4051L2@X4, PIX4052=U68_4052Mux1@S2B, DG4051=U49_DAC_LV1@X2 nEN=L, U52=LV1-pin7 FMC_A0A1A2=100"
422,2,J1_JA2,41,0x1AE,110101110,430,6,1,2,6,1,100,0,"PIX4051=U3_4051R2@X6, PIX4052=U66_4052Mux2@S2A, DG4051=U50_DAC_LV1@X6 nEN=H, U52=LV1-pin7 FMC_A0A1A2=100"
423,2,J1_JA2,42,0x1A2,110100010,418,2,0,2,6,1,100,0,"PIX4051=U27_4051L2@X6, PIX4052=U68_4052Mux1@S2B, DG4051=U49_DAC_LV1@X2 nEN=L, U52=LV1-pin7 FMC_A0A1A2=100"
424,2,J1_JA2,43,0x06E,001101110,110,6,1,2,1,1,100,0,"PIX4051=U3_4051R2@X1, PIX4052=U66_4052Mux2@S2A, DG4051=U50_DAC_LV1@X6 nEN=H, U52=LV1-pin7 FMC_A0A1A2=100"
425,2,J1_JA2,44,0x062,001100010,98,2,0,2,1,1,100,0,"PIX4051=U27_4051L2@X1, PIX4052=U68_4052Mux1@S2B, DG4051=U49_DAC_LV1@X2 nEN=L, U52=LV1-pin7 FMC_A0A1A2=100"
426,2,J1_JA2,45,0x0AE,010101110,174,6,1,2,2,1,100,0,"PIX4051=U3_4051R2@X2, PIX4052=U66_4052Mux2@S2A, DG4051=U50_DAC_LV1@X6 nEN=H, U52=LV1-pin7 FMC_A0A1A2=100"
427,2,J1_JA2,46,0x0A2,010100010,162,2,0,2,2,1,100,0,"PIX4051=U27_4051L2@X2, PIX4052=U68_4052Mux1@S2B, DG4051=U49_DAC_LV1@X2 nEN=L, U52=LV1-pin7 FMC_A0A1A2=100"
428,2,J1_JA2,47,0x02E,000101110,46,6,1,2,0,1,100,0,"PIX4051=U3_4051R2@X0, PIX4052=U66_4052Mux2@S2A, DG4051=U50_DAC_LV1@X6 nEN=H, U52=LV1-pin7 FMC_A0A1A2=100"
429,2,J1_JA2,48,0x022,000100010,34,2,0,2,0,1,100,0,"PIX4051=U27_4051L2@X0, PIX4052=U68_4052Mux1@S2B, DG4051=U49_DAC_LV1@X2 nEN=L, U52=LV1-pin7 FMC_A0A1A2=100"
430,2,J1_JA2,49,0x0EE,011101110,238,6,1,2,3,1,100,0,"PIX4051=U3_4051R2@X3, PIX4052=U66_4052Mux2@S2A, DG4051=U50_DAC_LV1@X6 nEN=H, U52=LV1-pin7 FMC_A0A1A2=100"
431,2,J1_JA2,50,0x0E2,011100010,226,2,0,2,3,1,100,0,"PIX4051=U27_4051L2@X3, PIX4052=U68_4052Mux1@S2B, DG4051=U49_DAC_LV1@X2 nEN=L, U52=LV1-pin7 FMC_A0A1A2=100"
432,2,J1_JA2,51,0x17E,101111110,382,6,1,3,5,1,100,0,"PIX4051=U4_4051R2@X5, PIX4052=U66_4052Mux2@S3A, DG4051=U50_DAC_LV1@X6 nEN=H, U52=LV1-pin7 FMC_A0A1A2=100"
433,2,J1_JA2,52,0x172,101110010,370,2,0,3,5,1,100,0,"PIX4051=U28_4051L2@X5, PIX4052=U68_4052Mux1@S3B, DG4051=U49_DAC_LV1@X2 nEN=L, U52=LV1-pin7 FMC_A0A1A2=100"
434,2,J1_JA2,53,0x1FE,111111110,510,6,1,3,7,1,100,0,"PIX4051=U4_4051R2@X7, PIX4052=U66_4052Mux2@S3A, DG4051=U50_DAC_LV1@X6 nEN=H, U52=LV1-pin7 FMC_A0A1A2=100"
435,2,J1_JA2,54,0x1F2,111110010,498,2,0,3,7,1,100,0,"PIX4051=U28_4051L2@X7, PIX4052=U68_4052Mux1@S3B, DG4051=U49_DAC_LV1@X2 nEN=L, U52=LV1-pin7 FMC_A0A1A2=100"
436,2,J1_JA2,55,0x13E,100111110,318,6,1,3,4,1,100,0,"PIX4051=U4_4051R2@X4, PIX4052=U66_4052Mux2@S3A, DG4051=U50_DAC_LV1@X6 nEN=H, U52=LV1-pin7 FMC_A0A1A2=100"
437,2,J1_JA2,56,0x132,100110010,306,2,0,3,4,1,100,0,"PIX4051=U28_4051L2@X4, PIX4052=U68_4052Mux1@S3B, DG4051=U49_DAC_LV1@X2 nEN=L, U52=LV1-pin7 FMC_A0A1A2=100"
438,2,J1_JA2,57,0x1BE,110111110,446,6,1,3,6,1,100,0,"PIX4051=U4_4051R2@X6, PIX4052=U66_4052Mux2@S3A, DG4051=U50_DAC_LV1@X6 nEN=H, U52=LV1-pin7 FMC_A0A1A2=100"
439,2,J1_JA2,58,0x1B2,110110010,434,2,0,3,6,1,100,0,"PIX4051=U28_4051L2@X6, PIX4052=U68_4052Mux1@S3B, DG4051=U49_DAC_LV1@X2 nEN=L, U52=LV1-pin7 FMC_A0A1A2=100"
440,2,J1_JA2,59,0x07E,001111110,126,6,1,3,1,1,100,0,"PIX4051=U4_4051R2@X1, PIX4052=U66_4052Mux2@S3A, DG4051=U50_DAC_LV1@X6 nEN=H, U52=LV1-pin7 FMC_A0A1A2=100"
441,2,J1_JA2,60,0x072,001110010,114,2,0,3,1,1,100,0,"PIX4051=U28_4051L2@X1, PIX4052=U68_4052Mux1@S3B, DG4051=U49_DAC_LV1@X2 nEN=L, U52=LV1-pin7 FMC_A0A1A2=100"
442,2,J1_JA2,61,0x0BE,010111110,190,6,1,3,2,1,100,0,"PIX4051=U4_4051R2@X2, PIX4052=U66_4052Mux2@S3A, DG4051=U50_DAC_LV1@X6 nEN=H, U52=LV1-pin7 FMC_A0A1A2=100"
443,2,J1_JA2,62,0x0B2,010110010,178,2,0,3,2,1,100,0,"PIX4051=U28_4051L2@X2, PIX4052=U68_4052Mux1@S3B, DG4051=U49_DAC_LV1@X2 nEN=L, U52=LV1-pin7 FMC_A0A1A2=100"
444,2,J1_JA2,63,0x03E,000111110,62,6,1,3,0,1,100,0,"PIX4051=U4_4051R2@X0, PIX4052=U66_4052Mux2@S3A, DG4051=U50_DAC_LV1@X6 nEN=H, U52=LV1-pin7 FMC_A0A1A2=100"
445,2,J1_JA2,64,0x032,000110010,50,2,0,3,0,1,100,0,"PIX4051=U28_4051L2@X0, PIX4052=U68_4052Mux1@S3B, DG4051=U49_DAC_LV1@X2 nEN=L, U52=LV1-pin7 FMC_A0A1A2=100"
446,2,J1_JA2,65,0x0FE,011111110,254,6,1,3,3,1,100,0,"PIX4051=U4_4051R2@X3, PIX4052=U66_4052Mux2@S3A, DG4051=U50_DAC_LV1@X6 nEN=H, U52=LV1-pin7 FMC_A0A1A2=100"
447,2,J1_JA2,66,0x0F2,011110010,242,2,0,3,3,1,100,0,"PIX4051=U28_4051L2@X3, PIX4052=U68_4052Mux1@S3B, DG4051=U49_DAC_LV1@X2 nEN=L, U52=LV1-pin7 FMC_A0A1A2=100"
448,2,J1_JA2,67,0x17F,101111111,383,7,1,3,5,1,100,0,"PIX4051=U5_4051R2@X5, PIX4052=U65_4052Mux2@S3B, DG4051=U50_DAC_LV1@X7 nEN=H, U52=LV1-pin7 FMC_A0A1A2=100"
449,2,J1_JA2,68,0x17D,101111101,381,5,1,3,5,1,100,0,"PIX4051=U29_4051L2@X5, PIX4052=U65_4052Mux2@S3A, DG4051=U50_DAC_LV1@X5 nEN=H, U52=LV1-pin7 FMC_A0A1A2=100"
450,2,J1_JA2,69,0x1FF,111111111,511,7,1,3,7,1,100,0,"PIX4051=U5_4051R2@X7, PIX4052=U65_4052Mux2@S3B, DG4051=U50_DAC_LV1@X7 nEN=H, U52=LV1-pin7 FMC_A0A1A2=100"
451,2,J1_JA2,70,0x1FD,111111101,509,5,1,3,7,1,100,0,"PIX4051=U29_4051L2@X7, PIX4052=U65_4052Mux2@S3A, DG4051=U50_DAC_LV1@X5 nEN=H, U52=LV1-pin7 FMC_A0A1A2=100"
452,2,J1_JA2,71,0x13F,100111111,319,7,1,3,4,1,100,0,"PIX4051=U5_4051R2@X4, PIX4052=U65_4052Mux2@S3B, DG4051=U50_DAC_LV1@X7 nEN=H, U52=LV1-pin7 FMC_A0A1A2=100"
453,2,J1_JA2,72,0x13D,100111101,317,5,1,3,4,1,100,0,"PIX4051=U29_4051L2@X4, PIX4052=U65_4052Mux2@S3A, DG4051=U50_DAC_LV1@X5 nEN=H, U52=LV1-pin7 FMC_A0A1A2=100"
454,2,J1_JA2,73,0x1BF,110111111,447,7,1,3,6,1,100,0,"PIX4051=U5_4051R2@X6, PIX4052=U65_4052Mux2@S3B, DG4051=U50_DAC_LV1@X7 nEN=H, U52=LV1-pin7 FMC_A0A1A2=100"
455,2,J1_JA2,74,0x1BD,110111101,445,5,1,3,6,1,100,0,"PIX4051=U29_4051L2@X6, PIX4052=U65_4052Mux2@S3A, DG4051=U50_DAC_LV1@X5 nEN=H, U52=LV1-pin7 FMC_A0A1A2=100"
456,2,J1_JA2,75,0x07F,001111111,127,7,1,3,1,1,100,0,"PIX4051=U5_4051R2@X1, PIX4052=U65_4052Mux2@S3B, DG4051=U50_DAC_LV1@X7 nEN=H, U52=LV1-pin7 FMC_A0A1A2=100"
457,2,J1_JA2,76,0x07D,001111101,125,5,1,3,1,1,100,0,"PIX4051=U29_4051L2@X1, PIX4052=U65_4052Mux2@S3A, DG4051=U50_DAC_LV1@X5 nEN=H, U52=LV1-pin7 FMC_A0A1A2=100"
458,2,J1_JA2,77,0x0BF,010111111,191,7,1,3,2,1,100,0,"PIX4051=U5_4051R2@X2, PIX4052=U65_4052Mux2@S3B, DG4051=U50_DAC_LV1@X7 nEN=H, U52=LV1-pin7 FMC_A0A1A2=100"
459,2,J1_JA2,78,0x0BD,010111101,189,5,1,3,2,1,100,0,"PIX4051=U29_4051L2@X2, PIX4052=U65_4052Mux2@S3A, DG4051=U50_DAC_LV1@X5 nEN=H, U52=LV1-pin7 FMC_A0A1A2=100"
460,2,J1_JA2,79,0x03F,000111111,63,7,1,3,0,1,100,0,"PIX4051=U5_4051R2@X0, PIX4052=U65_4052Mux2@S3B, DG4051=U50_DAC_LV1@X7 nEN=H, U52=LV1-pin7 FMC_A0A1A2=100"
461,2,J1_JA2,80,0x03D,000111101,61,5,1,3,0,1,100,0,"PIX4051=U29_4051L2@X0, PIX4052=U65_4052Mux2@S3A, DG4051=U50_DAC_LV1@X5 nEN=H, U52=LV1-pin7 FMC_A0A1A2=100"
462,2,J2_JB2,1,0x0FF,011111111,255,7,1,3,3,1,100,0,"PIX4051=U5_4051R2@X3, PIX4052=U65_4052Mux2@S3B, DG4051=U50_DAC_LV1@X7 nEN=H, U52=LV1-pin7 FMC_A0A1A2=100"
463,2,J2_JB2,2,0x0FD,011111101,253,5,1,3,3,1,100,0,"PIX4051=U29_4051L2@X3, PIX4052=U65_4052Mux2@S3A, DG4051=U50_DAC_LV1@X5 nEN=H, U52=LV1-pin7 FMC_A0A1A2=100"
464,2,J2_JB2,3,0x16F,101101111,367,7,1,2,5,1,100,0,"PIX4051=U6_4051R2@X5, PIX4052=U65_4052Mux2@S2B, DG4051=U50_DAC_LV1@X7 nEN=H, U52=LV1-pin7 FMC_A0A1A2=100"
465,2,J2_JB2,4,0x16D,101101101,365,5,1,2,5,1,100,0,"PIX4051=U30_4051L2@X5, PIX4052=U65_4052Mux2@S2A, DG4051=U50_DAC_LV1@X5 nEN=H, U52=LV1-pin7 FMC_A0A1A2=100"
466,2,J2_JB2,5,0x1EF,111101111,495,7,1,2,7,1,100,0,"PIX4051=U6_4051R2@X7, PIX4052=U65_4052Mux2@S2B, DG4051=U50_DAC_LV1@X7 nEN=H, U52=LV1-pin7 FMC_A0A1A2=100"
467,2,J2_JB2,6,0x1ED,111101101,493,5,1,2,7,1,100,0,"PIX4051=U30_4051L2@X7, PIX4052=U65_4052Mux2@S2A, DG4051=U50_DAC_LV1@X5 nEN=H, U52=LV1-pin7 FMC_A0A1A2=100"
468,2,J2_JB2,7,0x12F,100101111,303,7,1,2,4,1,100,0,"PIX4051=U6_4051R2@X4, PIX4052=U65_4052Mux2@S2B, DG4051=U50_DAC_LV1@X7 nEN=H, U52=LV1-pin7 FMC_A0A1A2=100"
469,2,J2_JB2,8,0x12D,100101101,301,5,1,2,4,1,100,0,"PIX4051=U30_4051L2@X4, PIX4052=U65_4052Mux2@S2A, DG4051=U50_DAC_LV1@X5 nEN=H, U52=LV1-pin7 FMC_A0A1A2=100"
470,2,J2_JB2,9,0x1AF,110101111,431,7,1,2,6,1,100,0,"PIX4051=U6_4051R2@X6, PIX4052=U65_4052Mux2@S2B, DG4051=U50_DAC_LV1@X7 nEN=H, U52=LV1-pin7 FMC_A0A1A2=100"
471,2,J2_JB2,10,0x1AD,110101101,429,5,1,2,6,1,100,0,"PIX4051=U30_4051L2@X6, PIX4052=U65_4052Mux2@S2A, DG4051=U50_DAC_LV1@X5 nEN=H, U52=LV1-pin7 FMC_A0A1A2=100"
472,2,J2_JB2,11,0x06F,001101111,111,7,1,2,1,1,100,0,"PIX4051=U6_4051R2@X1, PIX4052=U65_4052Mux2@S2B, DG4051=U50_DAC_LV1@X7 nEN=H, U52=LV1-pin7 FMC_A0A1A2=100"
473,2,J2_JB2,12,0x06D,001101101,109,5,1,2,1,1,100,0,"PIX4051=U30_4051L2@X1, PIX4052=U65_4052Mux2@S2A, DG4051=U50_DAC_LV1@X5 nEN=H, U52=LV1-pin7 FMC_A0A1A2=100"
474,2,J2_JB2,13,0x0AF,010101111,175,7,1,2,2,1,100,0,"PIX4051=U6_4051R2@X2, PIX4052=U65_4052Mux2@S2B, DG4051=U50_DAC_LV1@X7 nEN=H, U52=LV1-pin7 FMC_A0A1A2=100"
475,2,J2_JB2,14,0x0AD,010101101,173,5,1,2,2,1,100,0,"PIX4051=U30_4051L2@X2, PIX4052=U65_4052Mux2@S2A, DG4051=U50_DAC_LV1@X5 nEN=H, U52=LV1-pin7 FMC_A0A1A2=100"
476,2,J2_JB2,15,0x02F,000101111,47,7,1,2,0,1,100,0,"PIX4051=U6_4051R2@X0, PIX4052=U65_4052Mux2@S2B, DG4051=U50_DAC_LV1@X7 nEN=H, U52=LV1-pin7 FMC_A0A1A2=100"
477,2,J2_JB2,16,0x02D,000101101,45,5,1,2,0,1,100,0,"PIX4051=U30_4051L2@X0, PIX4052=U65_4052Mux2@S2A, DG4051=U50_DAC_LV1@X5 nEN=H, U52=LV1-pin7 FMC_A0A1A2=100"
478,2,J2_JB2,17,0x0EF,011101111,239,7,1,2,3,1,100,0,"PIX4051=U6_4051R2@X3, PIX4052=U65_4052Mux2@S2B, DG4051=U50_DAC_LV1@X7 nEN=H, U52=LV1-pin7 FMC_A0A1A2=100"
479,2,J2_JB2,18,0x0ED,011101101,237,5,1,2,3,1,100,0,"PIX4051=U30_4051L2@X3, PIX4052=U65_4052Mux2@S2A, DG4051=U50_DAC_LV1@X5 nEN=H, U52=LV1-pin7 FMC_A0A1A2=100"
480,2,J2_JB2,19,0x15C,101011100,348,4,1,1,5,1,100,0,"PIX4051=U7_4051R2@X5, PIX4052=U66_4052Mux2@S1B, DG4051=U50_DAC_LV1@X4 nEN=H, U52=LV1-pin7 FMC_A0A1A2=100"
481,2,J2_JB2,20,0x141,101000001,321,1,0,0,5,1,100,0,"PIX4051=U31_4051L2@X5, PIX4052=U68_4052Mux1@S0A, DG4051=U49_DAC_LV1@X1 nEN=L, U52=LV1-pin7 FMC_A0A1A2=100"
482,2,J2_JB2,21,0x1DC,111011100,476,4,1,1,7,1,100,0,"PIX4051=U7_4051R2@X7, PIX4052=U66_4052Mux2@S1B, DG4051=U50_DAC_LV1@X4 nEN=H, U52=LV1-pin7 FMC_A0A1A2=100"
483,2,J2_JB2,22,0x1C1,111000001,449,1,0,0,7,1,100,0,"PIX4051=U31_4051L2@X7, PIX4052=U68_4052Mux1@S0A, DG4051=U49_DAC_LV1@X1 nEN=L, U52=LV1-pin7 FMC_A0A1A2=100"
484,2,J2_JB2,23,0x11C,100011100,284,4,1,1,4,1,100,0,"PIX4051=U7_4051R2@X4, PIX4052=U66_4052Mux2@S1B, DG4051=U50_DAC_LV1@X4 nEN=H, U52=LV1-pin7 FMC_A0A1A2=100"
485,2,J2_JB2,24,0x101,100000001,257,1,0,0,4,1,100,0,"PIX4051=U31_4051L2@X4, PIX4052=U68_4052Mux1@S0A, DG4051=U49_DAC_LV1@X1 nEN=L, U52=LV1-pin7 FMC_A0A1A2=100"
486,2,J2_JB2,25,0x19C,110011100,412,4,1,1,6,1,100,0,"PIX4051=U7_4051R2@X6, PIX4052=U66_4052Mux2@S1B, DG4051=U50_DAC_LV1@X4 nEN=H, U52=LV1-pin7 FMC_A0A1A2=100"
487,2,J2_JB2,26,0x181,110000001,385,1,0,0,6,1,100,0,"PIX4051=U31_4051L2@X6, PIX4052=U68_4052Mux1@S0A, DG4051=U49_DAC_LV1@X1 nEN=L, U52=LV1-pin7 FMC_A0A1A2=100"
488,2,J2_JB2,27,0x05C,001011100,92,4,1,1,1,1,100,0,"PIX4051=U7_4051R2@X1, PIX4052=U66_4052Mux2@S1B, DG4051=U50_DAC_LV1@X4 nEN=H, U52=LV1-pin7 FMC_A0A1A2=100"
489,2,J2_JB2,28,0x041,001000001,65,1,0,0,1,1,100,0,"PIX4051=U31_4051L2@X1, PIX4052=U68_4052Mux1@S0A, DG4051=U49_DAC_LV1@X1 nEN=L, U52=LV1-pin7 FMC_A0A1A2=100"
490,2,J2_JB2,29,0x09C,010011100,156,4,1,1,2,1,100,0,"PIX4051=U7_4051R2@X2, PIX4052=U66_4052Mux2@S1B, DG4051=U50_DAC_LV1@X4 nEN=H, U52=LV1-pin7 FMC_A0A1A2=100"
491,2,J2_JB2,30,0x081,010000001,129,1,0,0,2,1,100,0,"PIX4051=U31_4051L2@X2, PIX4052=U68_4052Mux1@S0A, DG4051=U49_DAC_LV1@X1 nEN=L, U52=LV1-pin7 FMC_A0A1A2=100"
492,2,J2_JB2,31,0x01C,000011100,28,4,1,1,0,1,100,0,"PIX4051=U7_4051R2@X0, PIX4052=U66_4052Mux2@S1B, DG4051=U50_DAC_LV1@X4 nEN=H, U52=LV1-pin7 FMC_A0A1A2=100"
493,2,J2_JB2,32,0x001,000000001,1,1,0,0,0,1,100,0,"PIX4051=U31_4051L2@X0, PIX4052=U68_4052Mux1@S0A, DG4051=U49_DAC_LV1@X1 nEN=L, U52=LV1-pin7 FMC_A0A1A2=100"
494,2,J2_JB2,33,0x0DC,011011100,220,4,1,1,3,1,100,0,"PIX4051=U7_4051R2@X3, PIX4052=U66_4052Mux2@S1B, DG4051=U50_DAC_LV1@X4 nEN=H, U52=LV1-pin7 FMC_A0A1A2=100"
495,2,J2_JB2,34,0x0C1,011000001,193,1,0,0,3,1,100,0,"PIX4051=U31_4051L2@X3, PIX4052=U68_4052Mux1@S0A, DG4051=U49_DAC_LV1@X1 nEN=L, U52=LV1-pin7 FMC_A0A1A2=100"
496,2,J2_JB2,35,0x14C,101001100,332,4,1,0,5,1,100,0,"PIX4051=U8_4051R2@X5, PIX4052=U66_4052Mux2@S0B, DG4051=U50_DAC_LV1@X4 nEN=H, U52=LV1-pin7 FMC_A0A1A2=100"
497,2,J2_JB2,36,0x151,101010001,337,1,0,1,5,1,100,0,"PIX4051=U32_4051L2@X5, PIX4052=U68_4052Mux1@S1A, DG4051=U49_DAC_LV1@X1 nEN=L, U52=LV1-pin7 FMC_A0A1A2=100"
498,2,J2_JB2,37,0x1CC,111001100,460,4,1,0,7,1,100,0,"PIX4051=U8_4051R2@X7, PIX4052=U66_4052Mux2@S0B, DG4051=U50_DAC_LV1@X4 nEN=H, U52=LV1-pin7 FMC_A0A1A2=100"
499,2,J2_JB2,38,0x1D1,111010001,465,1,0,1,7,1,100,0,"PIX4051=U32_4051L2@X7, PIX4052=U68_4052Mux1@S1A, DG4051=U49_DAC_LV1@X1 nEN=L, U52=LV1-pin7 FMC_A0A1A2=100"
500,2,J2_JB2,39,0x10C,100001100,268,4,1,0,4,1,100,0,"PIX4051=U8_4051R2@X4, PIX4052=U66_4052Mux2@S0B, DG4051=U50_DAC_LV1@X4 nEN=H, U52=LV1-pin7 FMC_A0A1A2=100"
501,2,J2_JB2,40,0x111,100010001,273,1,0,1,4,1,100,0,"PIX4051=U32_4051L2@X4, PIX4052=U68_4052Mux1@S1A, DG4051=U49_DAC_LV1@X1 nEN=L, U52=LV1-pin7 FMC_A0A1A2=100"
502,2,J2_JB2,41,0x18C,110001100,396,4,1,0,6,1,100,0,"PIX4051=U8_4051R2@X6, PIX4052=U66_4052Mux2@S0B, DG4051=U50_DAC_LV1@X4 nEN=H, U52=LV1-pin7 FMC_A0A1A2=100"
503,2,J2_JB2,42,0x191,110010001,401,1,0,1,6,1,100,0,"PIX4051=U32_4051L2@X6, PIX4052=U68_4052Mux1@S1A, DG4051=U49_DAC_LV1@X1 nEN=L, U52=LV1-pin7 FMC_A0A1A2=100"
504,2,J2_JB2,43,0x04C,001001100,76,4,1,0,1,1,100,0,"PIX4051=U8_4051R2@X1, PIX4052=U66_4052Mux2@S0B, DG4051=U50_DAC_LV1@X4 nEN=H, U52=LV1-pin7 FMC_A0A1A2=100"
505,2,J2_JB2,44,0x051,001010001,81,1,0,1,1,1,100,0,"PIX4051=U32_4051L2@X1, PIX4052=U68_4052Mux1@S1A, DG4051=U49_DAC_LV1@X1 nEN=L, U52=LV1-pin7 FMC_A0A1A2=100"
506,2,J2_JB2,45,0x08C,010001100,140,4,1,0,2,1,100,0,"PIX4051=U8_4051R2@X2, PIX4052=U66_4052Mux2@S0B, DG4051=U50_DAC_LV1@X4 nEN=H, U52=LV1-pin7 FMC_A0A1A2=100"
507,2,J2_JB2,46,0x091,010010001,145,1,0,1,2,1,100,0,"PIX4051=U32_4051L2@X2, PIX4052=U68_4052Mux1@S1A, DG4051=U49_DAC_LV1@X1 nEN=L, U52=LV1-pin7 FMC_A0A1A2=100"
508,2,J2_JB2,47,0x00C,000001100,12,4,1,0,0,1,100,0,"PIX4051=U8_4051R2@X0, PIX4052=U66_4052Mux2@S0B, DG4051=U50_DAC_LV1@X4 nEN=H, U52=LV1-pin7 FMC_A0A1A2=100"
509,2,J2_JB2,48,0x011,000010001,17,1,0,1,0,1,100,0,"PIX4051=U32_4051L2@X0, PIX4052=U68_4052Mux1@S1A, DG4051=U49_DAC_LV1@X1 nEN=L, U52=LV1-pin7 FMC_A0A1A2=100"
510,2,J2_JB2,49,0x0CC,011001100,204,4,1,0,3,1,100,0,"PIX4051=U8_4051R2@X3, PIX4052=U66_4052Mux2@S0B, DG4051=U50_DAC_LV1@X4 nEN=H, U52=LV1-pin7 FMC_A0A1A2=100"
511,2,J2_JB2,50,0x0D1,011010001,209,1,0,1,3,1,100,0,"PIX4051=U32_4051L2@X3, PIX4052=U68_4052Mux1@S1A, DG4051=U49_DAC_LV1@X1 nEN=L, U52=LV1-pin7 FMC_A0A1A2=100"
512,2,J2_JB2,51,0x15E,101011110,350,6,1,1,5,1,100,0,"PIX4051=U9_4051R2@X5, PIX4052=U66_4052Mux2@S1A, DG4051=U50_DAC_LV1@X6 nEN=H, U52=LV1-pin7 FMC_A0A1A2=100"
513,2,J2_JB2,52,0x142,101000010,322,2,0,0,5,1,100,0,"PIX4051=U33_4051L2@X5, PIX4052=U68_4052Mux1@S0B, DG4051=U49_DAC_LV1@X2 nEN=L, U52=LV1-pin7 FMC_A0A1A2=100"
514,2,J2_JB2,53,0x1DE,111011110,478,6,1,1,7,1,100,0,"PIX4051=U9_4051R2@X7, PIX4052=U66_4052Mux2@S1A, DG4051=U50_DAC_LV1@X6 nEN=H, U52=LV1-pin7 FMC_A0A1A2=100"
515,2,J2_JB2,54,0x1C2,111000010,450,2,0,0,7,1,100,0,"PIX4051=U33_4051L2@X7, PIX4052=U68_4052Mux1@S0B, DG4051=U49_DAC_LV1@X2 nEN=L, U52=LV1-pin7 FMC_A0A1A2=100"
516,2,J2_JB2,55,0x11E,100011110,286,6,1,1,4,1,100,0,"PIX4051=U9_4051R2@X4, PIX4052=U66_4052Mux2@S1A, DG4051=U50_DAC_LV1@X6 nEN=H, U52=LV1-pin7 FMC_A0A1A2=100"
517,2,J2_JB2,56,0x102,100000010,258,2,0,0,4,1,100,0,"PIX4051=U33_4051L2@X4, PIX4052=U68_4052Mux1@S0B, DG4051=U49_DAC_LV1@X2 nEN=L, U52=LV1-pin7 FMC_A0A1A2=100"
518,2,J2_JB2,57,0x19E,110011110,414,6,1,1,6,1,100,0,"PIX4051=U9_4051R2@X6, PIX4052=U66_4052Mux2@S1A, DG4051=U50_DAC_LV1@X6 nEN=H, U52=LV1-pin7 FMC_A0A1A2=100"
519,2,J2_JB2,58,0x182,110000010,386,2,0,0,6,1,100,0,"PIX4051=U33_4051L2@X6, PIX4052=U68_4052Mux1@S0B, DG4051=U49_DAC_LV1@X2 nEN=L, U52=LV1-pin7 FMC_A0A1A2=100"
520,2,J2_JB2,59,0x05E,001011110,94,6,1,1,1,1,100,0,"PIX4051=U9_4051R2@X1, PIX4052=U66_4052Mux2@S1A, DG4051=U50_DAC_LV1@X6 nEN=H, U52=LV1-pin7 FMC_A0A1A2=100"
521,2,J2_JB2,60,0x042,001000010,66,2,0,0,1,1,100,0,"PIX4051=U33_4051L2@X1, PIX4052=U68_4052Mux1@S0B, DG4051=U49_DAC_LV1@X2 nEN=L, U52=LV1-pin7 FMC_A0A1A2=100"
522,2,J2_JB2,61,0x09E,010011110,158,6,1,1,2,1,100,0,"PIX4051=U9_4051R2@X2, PIX4052=U66_4052Mux2@S1A, DG4051=U50_DAC_LV1@X6 nEN=H, U52=LV1-pin7 FMC_A0A1A2=100"
523,2,J2_JB2,62,0x082,010000010,130,2,0,0,2,1,100,0,"PIX4051=U33_4051L2@X2, PIX4052=U68_4052Mux1@S0B, DG4051=U49_DAC_LV1@X2 nEN=L, U52=LV1-pin7 FMC_A0A1A2=100"
524,2,J2_JB2,63,0x01E,000011110,30,6,1,1,0,1,100,0,"PIX4051=U9_4051R2@X0, PIX4052=U66_4052Mux2@S1A, DG4051=U50_DAC_LV1@X6 nEN=H, U52=LV1-pin7 FMC_A0A1A2=100"
525,2,J2_JB2,64,0x002,000000010,2,2,0,0,0,1,100,0,"PIX4051=U33_4051L2@X0, PIX4052=U68_4052Mux1@S0B, DG4051=U49_DAC_LV1@X2 nEN=L, U52=LV1-pin7 FMC_A0A1A2=100"
526,2,J2_JB2,65,0x0DE,011011110,222,6,1,1,3,1,100,0,"PIX4051=U9_4051R2@X3, PIX4052=U66_4052Mux2@S1A, DG4051=U50_DAC_LV1@X6 nEN=H, U52=LV1-pin7 FMC_A0A1A2=100"
527,2,J2_JB2,66,0x0C2,011000010,194,2,0,0,3,1,100,0,"PIX4051=U33_4051L2@X3, PIX4052=U68_4052Mux1@S0B, DG4051=U49_DAC_LV1@X2 nEN=L, U52=LV1-pin7 FMC_A0A1A2=100"
528,2,J2_JB2,67,0x14E,101001110,334,6,1,0,5,1,100,0,"PIX4051=U10_4051R2@X5, PIX4052=U66_4052Mux2@S0A, DG4051=U50_DAC_LV1@X6 nEN=H, U52=LV1-pin7 FMC_A0A1A2=100"
529,2,J2_JB2,68,0x152,101010010,338,2,0,1,5,1,100,0,"PIX4051=U34_4051L2@X5, PIX4052=U68_4052Mux1@S1B, DG4051=U49_DAC_LV1@X2 nEN=L, U52=LV1-pin7 FMC_A0A1A2=100"
530,2,J2_JB2,69,0x1CE,111001110,462,6,1,0,7,1,100,0,"PIX4051=U10_4051R2@X7, PIX4052=U66_4052Mux2@S0A, DG4051=U50_DAC_LV1@X6 nEN=H, U52=LV1-pin7 FMC_A0A1A2=100"
531,2,J2_JB2,70,0x1D2,111010010,466,2,0,1,7,1,100,0,"PIX4051=U34_4051L2@X7, PIX4052=U68_4052Mux1@S1B, DG4051=U49_DAC_LV1@X2 nEN=L, U52=LV1-pin7 FMC_A0A1A2=100"
532,2,J2_JB2,71,0x10E,100001110,270,6,1,0,4,1,100,0,"PIX4051=U10_4051R2@X4, PIX4052=U66_4052Mux2@S0A, DG4051=U50_DAC_LV1@X6 nEN=H, U52=LV1-pin7 FMC_A0A1A2=100"
533,2,J2_JB2,72,0x112,100010010,274,2,0,1,4,1,100,0,"PIX4051=U34_4051L2@X4, PIX4052=U68_4052Mux1@S1B, DG4051=U49_DAC_LV1@X2 nEN=L, U52=LV1-pin7 FMC_A0A1A2=100"
534,2,J2_JB2,73,0x18E,110001110,398,6,1,0,6,1,100,0,"PIX4051=U10_4051R2@X6, PIX4052=U66_4052Mux2@S0A, DG4051=U50_DAC_LV1@X6 nEN=H, U52=LV1-pin7 FMC_A0A1A2=100"
535,2,J2_JB2,74,0x192,110010010,402,2,0,1,6,1,100,0,"PIX4051=U34_4051L2@X6, PIX4052=U68_4052Mux1@S1B, DG4051=U49_DAC_LV1@X2 nEN=L, U52=LV1-pin7 FMC_A0A1A2=100"
536,2,J2_JB2,75,0x04E,001001110,78,6,1,0,1,1,100,0,"PIX4051=U10_4051R2@X1, PIX4052=U66_4052Mux2@S0A, DG4051=U50_DAC_LV1@X6 nEN=H, U52=LV1-pin7 FMC_A0A1A2=100"
537,2,J2_JB2,76,0x052,001010010,82,2,0,1,1,1,100,0,"PIX4051=U34_4051L2@X1, PIX4052=U68_4052Mux1@S1B, DG4051=U49_DAC_LV1@X2 nEN=L, U52=LV1-pin7 FMC_A0A1A2=100"
538,2,J2_JB10,1,0x08E,010001110,142,6,1,0,2,1,100,0,"PIX4051=U10_4051R2@X2, PIX4052=U66_4052Mux2@S0A, DG4051=U50_DAC_LV1@X6 nEN=H, U52=LV1-pin7 FMC_A0A1A2=100"
539,2,J2_JB10,2,0x092,010010010,146,2,0,1,2,1,100,0,"PIX4051=U34_4051L2@X2, PIX4052=U68_4052Mux1@S1B, DG4051=U49_DAC_LV1@X2 nEN=L, U52=LV1-pin7 FMC_A0A1A2=100"
540,2,J2_JB10,3,0x00E,000001110,14,6,1,0,0,1,100,0,"PIX4051=U10_4051R2@X0, PIX4052=U66_4052Mux2@S0A, DG4051=U50_DAC_LV1@X6 nEN=H, U52=LV1-pin7 FMC_A0A1A2=100"
541,2,J2_JB10,4,0x012,000010010,18,2,0,1,0,1,100,0,"PIX4051=U34_4051L2@X0, PIX4052=U68_4052Mux1@S1B, DG4051=U49_DAC_LV1@X2 nEN=L, U52=LV1-pin7 FMC_A0A1A2=100"
542,2,J2_JB10,5,0x0CE,011001110,206,6,1,0,3,1,100,0,"PIX4051=U10_4051R2@X3, PIX4052=U66_4052Mux2@S0A, DG4051=U50_DAC_LV1@X6 nEN=H, U52=LV1-pin7 FMC_A0A1A2=100"
543,2,J2_JB10,6,0x0D2,011010010,210,2,0,1,3,1,100,0,"PIX4051=U34_4051L2@X3, PIX4052=U68_4052Mux1@S1B, DG4051=U49_DAC_LV1@X2 nEN=L, U52=LV1-pin7 FMC_A0A1A2=100"
544,2,J2_JB10,7,0x15F,101011111,351,7,1,1,5,1,100,0,"PIX4051=U11_4051R2@X5, PIX4052=U65_4052Mux2@S1B, DG4051=U50_DAC_LV1@X7 nEN=H, U52=LV1-pin7 FMC_A0A1A2=100"
545,2,J2_JB10,8,0x14D,101001101,333,5,1,0,5,1,100,0,"PIX4051=U35_4051L2@X5, PIX4052=U65_4052Mux2@S0A, DG4051=U50_DAC_LV1@X5 nEN=H, U52=LV1-pin7 FMC_A0A1A2=100"
546,2,J2_JB10,9,0x1DF,111011111,479,7,1,1,7,1,100,0,"PIX4051=U11_4051R2@X7, PIX4052=U65_4052Mux2@S1B, DG4051=U50_DAC_LV1@X7 nEN=H, U52=LV1-pin7 FMC_A0A1A2=100"
547,2,J2_JB10,10,0x1CD,111001101,461,5,1,0,7,1,100,0,"PIX4051=U35_4051L2@X7, PIX4052=U65_4052Mux2@S0A, DG4051=U50_DAC_LV1@X5 nEN=H, U52=LV1-pin7 FMC_A0A1A2=100"
548,2,J2_JB10,11,0x11F,100011111,287,7,1,1,4,1,100,0,"PIX4051=U11_4051R2@X4, PIX4052=U65_4052Mux2@S1B, DG4051=U50_DAC_LV1@X7 nEN=H, U52=LV1-pin7 FMC_A0A1A2=100"
549,2,J2_JB10,12,0x10D,100001101,269,5,1,0,4,1,100,0,"PIX4051=U35_4051L2@X4, PIX4052=U65_4052Mux2@S0A, DG4051=U50_DAC_LV1@X5 nEN=H, U52=LV1-pin7 FMC_A0A1A2=100"
550,2,J2_JB10,13,0x19F,110011111,415,7,1,1,6,1,100,0,"PIX4051=U11_4051R2@X6, PIX4052=U65_4052Mux2@S1B, DG4051=U50_DAC_LV1@X7 nEN=H, U52=LV1-pin7 FMC_A0A1A2=100"
551,2,J2_JB10,14,0x18D,110001101,397,5,1,0,6,1,100,0,"PIX4051=U35_4051L2@X6, PIX4052=U65_4052Mux2@S0A, DG4051=U50_DAC_LV1@X5 nEN=H, U52=LV1-pin7 FMC_A0A1A2=100"
552,2,J2_JB10,15,0x05F,001011111,95,7,1,1,1,1,100,0,"PIX4051=U11_4051R2@X1, PIX4052=U65_4052Mux2@S1B, DG4051=U50_DAC_LV1@X7 nEN=H, U52=LV1-pin7 FMC_A0A1A2=100"
553,2,J2_JB10,16,0x04D,001001101,77,5,1,0,1,1,100,0,"PIX4051=U35_4051L2@X1, PIX4052=U65_4052Mux2@S0A, DG4051=U50_DAC_LV1@X5 nEN=H, U52=LV1-pin7 FMC_A0A1A2=100"
554,2,J2_JB10,17,0x09F,010011111,159,7,1,1,2,1,100,0,"PIX4051=U11_4051R2@X2, PIX4052=U65_4052Mux2@S1B, DG4051=U50_DAC_LV1@X7 nEN=H, U52=LV1-pin7 FMC_A0A1A2=100"
555,2,J2_JB10,18,0x08D,010001101,141,5,1,0,2,1,100,0,"PIX4051=U35_4051L2@X2, PIX4052=U65_4052Mux2@S0A, DG4051=U50_DAC_LV1@X5 nEN=H, U52=LV1-pin7 FMC_A0A1A2=100"
556,2,J2_JB10,19,0x01F,000011111,31,7,1,1,0,1,100,0,"PIX4051=U11_4051R2@X0, PIX4052=U65_4052Mux2@S1B, DG4051=U50_DAC_LV1@X7 nEN=H, U52=LV1-pin7 FMC_A0A1A2=100"
557,2,J2_JB10,20,0x00D,000001101,13,5,1,0,0,1,100,0,"PIX4051=U35_4051L2@X0, PIX4052=U65_4052Mux2@S0A, DG4051=U50_DAC_LV1@X5 nEN=H, U52=LV1-pin7 FMC_A0A1A2=100"
558,2,J2_JB10,21,0x0DF,011011111,223,7,1,1,3,1,100,0,"PIX4051=U11_4051R2@X3, PIX4052=U65_4052Mux2@S1B, DG4051=U50_DAC_LV1@X7 nEN=H, U52=LV1-pin7 FMC_A0A1A2=100"
559,2,J2_JB10,22,0x0CD,011001101,205,5,1,0,3,1,100,0,"PIX4051=U35_4051L2@X3, PIX4052=U65_4052Mux2@S0A, DG4051=U50_DAC_LV1@X5 nEN=H, U52=LV1-pin7 FMC_A0A1A2=100"
560,2,J2_JB10,23,0x14F,101001111,335,7,1,0,5,1,100,0,"PIX4051=U12_4051R2@X5, PIX4052=U65_4052Mux2@S0B, DG4051=U50_DAC_LV1@X7 nEN=H, U52=LV1-pin7 FMC_A0A1A2=100"
561,2,J2_JB10,24,0x15D,101011101,349,5,1,1,5,1,100,0,"PIX4051=U36_4051L2@X5, PIX4052=U65_4052Mux2@S1A, DG4051=U50_DAC_LV1@X5 nEN=H, U52=LV1-pin7 FMC_A0A1A2=100"
562,2,J2_JB10,25,0x1CF,111001111,463,7,1,0,7,1,100,0,"PIX4051=U12_4051R2@X7, PIX4052=U65_4052Mux2@S0B, DG4051=U50_DAC_LV1@X7 nEN=H, U52=LV1-pin7 FMC_A0A1A2=100"
563,2,J2_JB10,26,0x1DD,111011101,477,5,1,1,7,1,100,0,"PIX4051=U36_4051L2@X7, PIX4052=U65_4052Mux2@S1A, DG4051=U50_DAC_LV1@X5 nEN=H, U52=LV1-pin7 FMC_A0A1A2=100"
564,2,J2_JB10,27,0x10F,100001111,271,7,1,0,4,1,100,0,"PIX4051=U12_4051R2@X4, PIX4052=U65_4052Mux2@S0B, DG4051=U50_DAC_LV1@X7 nEN=H, U52=LV1-pin7 FMC_A0A1A2=100"
565,2,J2_JB10,28,0x11D,100011101,285,5,1,1,4,1,100,0,"PIX4051=U36_4051L2@X4, PIX4052=U65_4052Mux2@S1A, DG4051=U50_DAC_LV1@X5 nEN=H, U52=LV1-pin7 FMC_A0A1A2=100"
566,2,J2_JB10,29,0x18F,110001111,399,7,1,0,6,1,100,0,"PIX4051=U12_4051R2@X6, PIX4052=U65_4052Mux2@S0B, DG4051=U50_DAC_LV1@X7 nEN=H, U52=LV1-pin7 FMC_A0A1A2=100"
567,2,J2_JB10,30,0x19D,110011101,413,5,1,1,6,1,100,0,"PIX4051=U36_4051L2@X6, PIX4052=U65_4052Mux2@S1A, DG4051=U50_DAC_LV1@X5 nEN=H, U52=LV1-pin7 FMC_A0A1A2=100"
568,2,J2_JB10,31,0x04F,001001111,79,7,1,0,1,1,100,0,"PIX4051=U12_4051R2@X1, PIX4052=U65_4052Mux2@S0B, DG4051=U50_DAC_LV1@X7 nEN=H, U52=LV1-pin7 FMC_A0A1A2=100"
569,2,J2_JB10,32,0x05D,001011101,93,5,1,1,1,1,100,0,"PIX4051=U36_4051L2@X1, PIX4052=U65_4052Mux2@S1A, DG4051=U50_DAC_LV1@X5 nEN=H, U52=LV1-pin7 FMC_A0A1A2=100"
570,2,J2_JB10,33,0x08F,010001111,143,7,1,0,2,1,100,0,"PIX4051=U12_4051R2@X2, PIX4052=U65_4052Mux2@S0B, DG4051=U50_DAC_LV1@X7 nEN=H, U52=LV1-pin7 FMC_A0A1A2=100"
571,2,J2_JB10,34,0x09D,010011101,157,5,1,1,2,1,100,0,"PIX4051=U36_4051L2@X2, PIX4052=U65_4052Mux2@S1A, DG4051=U50_DAC_LV1@X5 nEN=H, U52=LV1-pin7 FMC_A0A1A2=100"
572,2,J2_JB10,35,0x00F,000001111,15,7,1,0,0,1,100,0,"PIX4051=U12_4051R2@X0, PIX4052=U65_4052Mux2@S0B, DG4051=U50_DAC_LV1@X7 nEN=H, U52=LV1-pin7 FMC_A0A1A2=100"
573,2,J2_JB10,36,0x01D,000011101,29,5,1,1,0,1,100,0,"PIX4051=U36_4051L2@X0, PIX4052=U65_4052Mux2@S1A, DG4051=U50_DAC_LV1@X5 nEN=H, U52=LV1-pin7 FMC_A0A1A2=100"
574,2,J2_JB10,37,0x0CF,011001111,207,7,1,0,3,1,100,0,"PIX4051=U12_4051R2@X3, PIX4052=U65_4052Mux2@S0B, DG4051=U50_DAC_LV1@X7 nEN=H, U52=LV1-pin7 FMC_A0A1A2=100"
575,2,J2_JB10,38,0x0DD,011011101,221,5,1,1,3,1,100,0,"PIX4051=U36_4051L2@X3, PIX4052=U65_4052Mux2@S1A, DG4051=U50_DAC_LV1@X5 nEN=H, U52=LV1-pin7 FMC_A0A1A2=100"
576,2,J2_JB10,39,0x16F,101101111,367,7,1,2,5,3,110,4,"PIX4051=U13_4051R2@X5, PIX4052=U68_4052Mux8@S2A, DG4051=U50_DAC_LV3@X7 nEN=H, U52=LV3-pin7 FMC_A0A1A2=110"
577,2,J2_JB10,40,0x16D,101101101,365,5,1,2,5,3,110,4,"PIX4051=U37_4051L2@X5, PIX4052=U68_4052Mux8@S2B, DG4051=U50_DAC_LV3@X5 nEN=H, U52=LV3-pin7 FMC_A0A1A2=110"
578,2,J2_JB10,41,0x1EF,111101111,495,7,1,2,7,3,110,4,"PIX4051=U13_4051R2@X7, PIX4052=U68_4052Mux8@S2A, DG4051=U50_DAC_LV3@X7 nEN=H, U52=LV3-pin7 FMC_A0A1A2=110"
579,2,J2_JB10,42,0x1ED,111101101,493,5,1,2,7,3,110,4,"PIX4051=U37_4051L2@X7, PIX4052=U68_4052Mux8@S2B, DG4051=U50_DAC_LV3@X5 nEN=H, U52=LV3-pin7 FMC_A0A1A2=110"
580,2,J2_JB10,43,0x12F,100101111,303,7,1,2,4,3,110,4,"PIX4051=U13_4051R2@X4, PIX4052=U68_4052Mux8@S2A, DG4051=U50_DAC_LV3@X7 nEN=H, U52=LV3-pin7 FMC_A0A1A2=110"
581,2,J2_JB10,44,0x12D,100101101,301,5,1,2,4,3,110,4,"PIX4051=U37_4051L2@X4, PIX4052=U68_4052Mux8@S2B, DG4051=U50_DAC_LV3@X5 nEN=H, U52=LV3-pin7 FMC_A0A1A2=110"
582,2,J2_JB10,45,0x1AF,110101111,431,7,1,2,6,3,110,4,"PIX4051=U13_4051R2@X6, PIX4052=U68_4052Mux8@S2A, DG4051=U50_DAC_LV3@X7 nEN=H, U52=LV3-pin7 FMC_A0A1A2=110"
583,2,J2_JB10,46,0x1AD,110101101,429,5,1,2,6,3,110,4,"PIX4051=U37_4051L2@X6, PIX4052=U68_4052Mux8@S2B, DG4051=U50_DAC_LV3@X5 nEN=H, U52=LV3-pin7 FMC_A0A1A2=110"
584,2,J2_JB10,47,0x06F,001101111,111,7,1,2,1,3,110,4,"PIX4051=U13_4051R2@X1, PIX4052=U68_4052Mux8@S2A, DG4051=U50_DAC_LV3@X7 nEN=H, U52=LV3-pin7 FMC_A0A1A2=110"
585,2,J2_JB10,48,0x06D,001101101,109,5,1,2,1,3,110,4,"PIX4051=U37_4051L2@X1, PIX4052=U68_4052Mux8@S2B, DG4051=U50_DAC_LV3@X5 nEN=H, U52=LV3-pin7 FMC_A0A1A2=110"
586,2,J2_JB10,49,0x0AF,010101111,175,7,1,2,2,3,110,4,"PIX4051=U13_4051R2@X2, PIX4052=U68_4052Mux8@S2A, DG4051=U50_DAC_LV3@X7 nEN=H, U52=LV3-pin7 FMC_A0A1A2=110"
587,2,J2_JB10,50,0x0AD,010101101,173,5,1,2,2,3,110,4,"PIX4051=U37_4051L2@X2, PIX4052=U68_4052Mux8@S2B, DG4051=U50_DAC_LV3@X5 nEN=H, U52=LV3-pin7 FMC_A0A1A2=110"
588,2,J2_JB10,51,0x02F,000101111,47,7,1,2,0,3,110,4,"PIX4051=U13_4051R2@X0, PIX4052=U68_4052Mux8@S2A, DG4051=U50_DAC_LV3@X7 nEN=H, U52=LV3-pin7 FMC_A0A1A2=110"
589,2,J2_JB10,52,0x02D,000101101,45,5,1,2,0,3,110,4,"PIX4051=U37_4051L2@X0, PIX4052=U68_4052Mux8@S2B, DG4051=U50_DAC_LV3@X5 nEN=H, U52=LV3-pin7 FMC_A0A1A2=110"
590,2,J2_JB10,53,0x0EF,011101111,239,7,1,2,3,3,110,4,"PIX4051=U13_4051R2@X3, PIX4052=U68_4052Mux8@S2A, DG4051=U50_DAC_LV3@X7 nEN=H, U52=LV3-pin7 FMC_A0A1A2=110"
591,2,J2_JB10,54,0x0ED,011101101,237,5,1,2,3,3,110,4,"PIX4051=U37_4051L2@X3, PIX4052=U68_4052Mux8@S2B, DG4051=U50_DAC_LV3@X5 nEN=H, U52=LV3-pin7 FMC_A0A1A2=110"
592,2,J2_JB10,55,0x17F,101111111,383,7,1,3,5,3,110,4,"PIX4051=U14_4051R2@X5, PIX4052=U68_4052Mux8@S3A, DG4051=U50_DAC_LV3@X7 nEN=H, U52=LV3-pin7 FMC_A0A1A2=110"
593,2,J2_JB10,56,0x17D,101111101,381,5,1,3,5,3,110,4,"PIX4051=U38_4051L2@X5, PIX4052=U68_4052Mux8@S3B, DG4051=U50_DAC_LV3@X5 nEN=H, U52=LV3-pin7 FMC_A0A1A2=110"
594,2,J2_JB10,57,0x1FF,111111111,511,7,1,3,7,3,110,4,"PIX4051=U14_4051R2@X7, PIX4052=U68_4052Mux8@S3A, DG4051=U50_DAC_LV3@X7 nEN=H, U52=LV3-pin7 FMC_A0A1A2=110"
595,2,J2_JB10,58,0x1FD,111111101,509,5,1,3,7,3,110,4,"PIX4051=U38_4051L2@X7, PIX4052=U68_4052Mux8@S3B, DG4051=U50_DAC_LV3@X5 nEN=H, U52=LV3-pin7 FMC_A0A1A2=110"
596,2,J2_JB10,59,0x13F,100111111,319,7,1,3,4,3,110,4,"PIX4051=U14_4051R2@X4, PIX4052=U68_4052Mux8@S3A, DG4051=U50_DAC_LV3@X7 nEN=H, U52=LV3-pin7 FMC_A0A1A2=110"
597,2,J2_JB10,60,0x13D,100111101,317,5,1,3,4,3,110,4,"PIX4051=U38_4051L2@X4, PIX4052=U68_4052Mux8@S3B, DG4051=U50_DAC_LV3@X5 nEN=H, U52=LV3-pin7 FMC_A0A1A2=110"
598,2,J2_JB10,61,0x1BF,110111111,447,7,1,3,6,3,110,4,"PIX4051=U14_4051R2@X6, PIX4052=U68_4052Mux8@S3A, DG4051=U50_DAC_LV3@X7 nEN=H, U52=LV3-pin7 FMC_A0A1A2=110"
599,2,J2_JB10,62,0x1BD,110111101,445,5,1,3,6,3,110,4,"PIX4051=U38_4051L2@X6, PIX4052=U68_4052Mux8@S3B, DG4051=U50_DAC_LV3@X5 nEN=H, U52=LV3-pin7 FMC_A0A1A2=110"
600,2,J2_JB10,63,0x07F,001111111,127,7,1,3,1,3,110,4,"PIX4051=U14_4051R2@X1, PIX4052=U68_4052Mux8@S3A, DG4051=U50_DAC_LV3@X7 nEN=H, U52=LV3-pin7 FMC_A0A1A2=110"
601,2,J2_JB10,64,0x07D,001111101,125,5,1,3,1,3,110,4,"PIX4051=U38_4051L2@X1, PIX4052=U68_4052Mux8@S3B, DG4051=U50_DAC_LV3@X5 nEN=H, U52=LV3-pin7 FMC_A0A1A2=110"
602,2,J2_JB10,65,0x0BF,010111111,191,7,1,3,2,3,110,4,"PIX4051=U14_4051R2@X2, PIX4052=U68_4052Mux8@S3A, DG4051=U50_DAC_LV3@X7 nEN=H, U52=LV3-pin7 FMC_A0A1A2=110"
603,2,J2_JB10,66,0x0BD,010111101,189,5,1,3,2,3,110,4,"PIX4051=U38_4051L2@X2, PIX4052=U68_4052Mux8@S3B, DG4051=U50_DAC_LV3@X5 nEN=H, U52=LV3-pin7 FMC_A0A1A2=110"
604,2,J2_JB10,67,0x03F,000111111,63,7,1,3,0,3,110,4,"PIX4051=U14_4051R2@X0, PIX4052=U68_4052Mux8@S3A, DG4051=U50_DAC_LV3@X7 nEN=H, U52=LV3-pin7 FMC_A0A1A2=110"
605,2,J2_JB10,68,0x03D,000111101,61,5,1,3,0,3,110,4,"PIX4051=U38_4051L2@X0, PIX4052=U68_4052Mux8@S3B, DG4051=U50_DAC_LV3@X5 nEN=H, U52=LV3-pin7 FMC_A0A1A2=110"
606,2,J2_JB10,69,0x0FF,011111111,255,7,1,3,3,3,110,4,"PIX4051=U14_4051R2@X3, PIX4052=U68_4052Mux8@S3A, DG4051=U50_DAC_LV3@X7 nEN=H, U52=LV3-pin7 FMC_A0A1A2=110"
607,2,J2_JB10,70,0x0FD,011111101,253,5,1,3,3,3,110,4,"PIX4051=U38_4051L2@X3, PIX4052=U68_4052Mux8@S3B, DG4051=U50_DAC_LV3@X5 nEN=H, U52=LV3-pin7 FMC_A0A1A2=110"
608,2,J2_JB10,71,0x17E,101111110,382,6,1,3,5,3,110,4,"PIX4051=U15_4051R2@X5, PIX4052=U67_4052Mux8@S3B, DG4051=U50_DAC_LV3@X6 nEN=H, U52=LV3-pin7 FMC_A0A1A2=110"
609,2,J2_JB10,72,0x172,101110010,370,2,0,3,5,3,110,4,"PIX4051=U39_4051L2@X5, PIX4052=U65_4052Mux7@S3A, DG4051=U49_DAC_LV3@X2 nEN=L, U52=LV3-pin7 FMC_A0A1A2=110"
610,2,J2_JB10,73,0x1FE,111111110,510,6,1,3,7,3,110,4,"PIX4051=U15_4051R2@X7, PIX4052=U67_4052Mux8@S3B, DG4051=U50_DAC_LV3@X6 nEN=H, U52=LV3-pin7 FMC_A0A1A2=110"
611,2,J2_JB10,74,0x1F2,111110010,498,2,0,3,7,3,110,4,"PIX4051=U39_4051L2@X7, PIX4052=U65_4052Mux7@S3A, DG4051=U49_DAC_LV3@X2 nEN=L, U52=LV3-pin7 FMC_A0A1A2=110"
612,2,J2_JB10,75,0x13E,100111110,318,6,1,3,4,3,110,4,"PIX4051=U15_4051R2@X4, PIX4052=U67_4052Mux8@S3B, DG4051=U50_DAC_LV3@X6 nEN=H, U52=LV3-pin7 FMC_A0A1A2=110"
613,2,J2_JB10,76,0x132,100110010,306,2,0,3,4,3,110,4,"PIX4051=U39_4051L2@X4, PIX4052=U65_4052Mux7@S3A, DG4051=U49_DAC_LV3@X2 nEN=L, U52=LV3-pin7 FMC_A0A1A2=110"
614,2,J2_JB18,1,0x1BE,110111110,446,6,1,3,6,3,110,4,"PIX4051=U15_4051R2@X6, PIX4052=U67_4052Mux8@S3B, DG4051=U50_DAC_LV3@X6 nEN=H, U52=LV3-pin7 FMC_A0A1A2=110"
615,2,J2_JB18,2,0x1B2,110110010,434,2,0,3,6,3,110,4,"PIX4051=U39_4051L2@X6, PIX4052=U65_4052Mux7@S3A, DG4051=U49_DAC_LV3@X2 nEN=L, U52=LV3-pin7 FMC_A0A1A2=110"
616,2,J2_JB18,3,0x07E,001111110,126,6,1,3,1,3,110,4,"PIX4051=U15_4051R2@X1, PIX4052=U67_4052Mux8@S3B, DG4051=U50_DAC_LV3@X6 nEN=H, U52=LV3-pin7 FMC_A0A1A2=110"
617,2,J2_JB18,4,0x072,001110010,114,2,0,3,1,3,110,4,"PIX4051=U39_4051L2@X1, PIX4052=U65_4052Mux7@S3A, DG4051=U49_DAC_LV3@X2 nEN=L, U52=LV3-pin7 FMC_A0A1A2=110"
618,2,J2_JB18,5,0x0BE,010111110,190,6,1,3,2,3,110,4,"PIX4051=U15_4051R2@X2, PIX4052=U67_4052Mux8@S3B, DG4051=U50_DAC_LV3@X6 nEN=H, U52=LV3-pin7 FMC_A0A1A2=110"
619,2,J2_JB18,6,0x0B2,010110010,178,2,0,3,2,3,110,4,"PIX4051=U39_4051L2@X2, PIX4052=U65_4052Mux7@S3A, DG4051=U49_DAC_LV3@X2 nEN=L, U52=LV3-pin7 FMC_A0A1A2=110"
620,2,J2_JB18,7,0x03E,000111110,62,6,1,3,0,3,110,4,"PIX4051=U15_4051R2@X0, PIX4052=U67_4052Mux8@S3B, DG4051=U50_DAC_LV3@X6 nEN=H, U52=LV3-pin7 FMC_A0A1A2=110"
621,2,J2_JB18,8,0x032,000110010,50,2,0,3,0,3,110,4,"PIX4051=U39_4051L2@X0, PIX4052=U65_4052Mux7@S3A, DG4051=U49_DAC_LV3@X2 nEN=L, U52=LV3-pin7 FMC_A0A1A2=110"
622,2,J2_JB18,9,0x0FE,011111110,254,6,1,3,3,3,110,4,"PIX4051=U15_4051R2@X3, PIX4052=U67_4052Mux8@S3B, DG4051=U50_DAC_LV3@X6 nEN=H, U52=LV3-pin7 FMC_A0A1A2=110"
623,2,J2_JB18,10,0x0F2,011110010,242,2,0,3,3,3,110,4,"PIX4051=U39_4051L2@X3, PIX4052=U65_4052Mux7@S3A, DG4051=U49_DAC_LV3@X2 nEN=L, U52=LV3-pin7 FMC_A0A1A2=110"
624,2,J2_JB18,11,0x16E,101101110,366,6,1,2,5,3,110,4,"PIX4051=U16_4051R2@X5, PIX4052=U67_4052Mux8@S2B, DG4051=U50_DAC_LV3@X6 nEN=H, U52=LV3-pin7 FMC_A0A1A2=110"
625,2,J2_JB18,12,0x162,101100010,354,2,0,2,5,3,110,4,"PIX4051=U40_4051L2@X5, PIX4052=U65_4052Mux7@S2A, DG4051=U49_DAC_LV3@X2 nEN=L, U52=LV3-pin7 FMC_A0A1A2=110"
626,2,J2_JB18,13,0x1EE,111101110,494,6,1,2,7,3,110,4,"PIX4051=U16_4051R2@X7, PIX4052=U67_4052Mux8@S2B, DG4051=U50_DAC_LV3@X6 nEN=H, U52=LV3-pin7 FMC_A0A1A2=110"
627,2,J2_JB18,14,0x1E2,111100010,482,2,0,2,7,3,110,4,"PIX4051=U40_4051L2@X7, PIX4052=U65_4052Mux7@S2A, DG4051=U49_DAC_LV3@X2 nEN=L, U52=LV3-pin7 FMC_A0A1A2=110"
628,2,J2_JB18,15,0x12E,100101110,302,6,1,2,4,3,110,4,"PIX4051=U16_4051R2@X4, PIX4052=U67_4052Mux8@S2B, DG4051=U50_DAC_LV3@X6 nEN=H, U52=LV3-pin7 FMC_A0A1A2=110"
629,2,J2_JB18,16,0x122,100100010,290,2,0,2,4,3,110,4,"PIX4051=U40_4051L2@X4, PIX4052=U65_4052Mux7@S2A, DG4051=U49_DAC_LV3@X2 nEN=L, U52=LV3-pin7 FMC_A0A1A2=110"
630,2,J2_JB18,17,0x1AE,110101110,430,6,1,2,6,3,110,4,"PIX4051=U16_4051R2@X6, PIX4052=U67_4052Mux8@S2B, DG4051=U50_DAC_LV3@X6 nEN=H, U52=LV3-pin7 FMC_A0A1A2=110"
631,2,J2_JB18,18,0x1A2,110100010,418,2,0,2,6,3,110,4,"PIX4051=U40_4051L2@X6, PIX4052=U65_4052Mux7@S2A, DG4051=U49_DAC_LV3@X2 nEN=L, U52=LV3-pin7 FMC_A0A1A2=110"
632,2,J2_JB18,19,0x06E,001101110,110,6,1,2,1,3,110,4,"PIX4051=U16_4051R2@X1, PIX4052=U67_4052Mux8@S2B, DG4051=U50_DAC_LV3@X6 nEN=H, U52=LV3-pin7 FMC_A0A1A2=110"
633,2,J2_JB18,20,0x062,001100010,98,2,0,2,1,3,110,4,"PIX4051=U40_4051L2@X1, PIX4052=U65_4052Mux7@S2A, DG4051=U49_DAC_LV3@X2 nEN=L, U52=LV3-pin7 FMC_A0A1A2=110"
634,2,J2_JB18,21,0x0AE,010101110,174,6,1,2,2,3,110,4,"PIX4051=U16_4051R2@X2, PIX4052=U67_4052Mux8@S2B, DG4051=U50_DAC_LV3@X6 nEN=H, U52=LV3-pin7 FMC_A0A1A2=110"
635,2,J2_JB18,22,0x0A2,010100010,162,2,0,2,2,3,110,4,"PIX4051=U40_4051L2@X2, PIX4052=U65_4052Mux7@S2A, DG4051=U49_DAC_LV3@X2 nEN=L, U52=LV3-pin7 FMC_A0A1A2=110"
636,2,J2_JB18,23,0x02E,000101110,46,6,1,2,0,3,110,4,"PIX4051=U16_4051R2@X0, PIX4052=U67_4052Mux8@S2B, DG4051=U50_DAC_LV3@X6 nEN=H, U52=LV3-pin7 FMC_A0A1A2=110"
637,2,J2_JB18,24,0x022,000100010,34,2,0,2,0,3,110,4,"PIX4051=U40_4051L2@X0, PIX4052=U65_4052Mux7@S2A, DG4051=U49_DAC_LV3@X2 nEN=L, U52=LV3-pin7 FMC_A0A1A2=110"
638,2,J2_JB18,25,0x0EE,011101110,238,6,1,2,3,3,110,4,"PIX4051=U16_4051R2@X3, PIX4052=U67_4052Mux8@S2B, DG4051=U50_DAC_LV3@X6 nEN=H, U52=LV3-pin7 FMC_A0A1A2=110"
639,2,J2_JB18,26,0x0E2,011100010,226,2,0,2,3,3,110,4,"PIX4051=U40_4051L2@X3, PIX4052=U65_4052Mux7@S2A, DG4051=U49_DAC_LV3@X2 nEN=L, U52=LV3-pin7 FMC_A0A1A2=110"
640,2,J2_JB18,27,0x16C,101101100,364,4,1,2,5,3,110,4,"PIX4051=U17_4051R2@X5, PIX4052=U67_4052Mux8@S2A, DG4051=U50_DAC_LV3@X4 nEN=H, U52=LV3-pin7 FMC_A0A1A2=110"
641,2,J2_JB18,28,0x161,101100001,353,1,0,2,5,3,110,4,"PIX4051=U41_4051L2@X5, PIX4052=U65_4052Mux7@S2B, DG4051=U49_DAC_LV3@X1 nEN=L, U52=LV3-pin7 FMC_A0A1A2=110"
642,2,J2_JB18,29,0x1EC,111101100,492,4,1,2,7,3,110,4,"PIX4051=U17_4051R2@X7, PIX4052=U67_4052Mux8@S2A, DG4051=U50_DAC_LV3@X4 nEN=H, U52=LV3-pin7 FMC_A0A1A2=110"
643,2,J2_JB18,30,0x1E1,111100001,481,1,0,2,7,3,110,4,"PIX4051=U41_4051L2@X7, PIX4052=U65_4052Mux7@S2B, DG4051=U49_DAC_LV3@X1 nEN=L, U52=LV3-pin7 FMC_A0A1A2=110"
644,2,J2_JB18,31,0x12C,100101100,300,4,1,2,4,3,110,4,"PIX4051=U17_4051R2@X4, PIX4052=U67_4052Mux8@S2A, DG4051=U50_DAC_LV3@X4 nEN=H, U52=LV3-pin7 FMC_A0A1A2=110"
645,2,J2_JB18,32,0x121,100100001,289,1,0,2,4,3,110,4,"PIX4051=U41_4051L2@X4, PIX4052=U65_4052Mux7@S2B, DG4051=U49_DAC_LV3@X1 nEN=L, U52=LV3-pin7 FMC_A0A1A2=110"
646,2,J2_JB18,33,0x1AC,110101100,428,4,1,2,6,3,110,4,"PIX4051=U17_4051R2@X6, PIX4052=U67_4052Mux8@S2A, DG4051=U50_DAC_LV3@X4 nEN=H, U52=LV3-pin7 FMC_A0A1A2=110"
647,2,J2_JB18,34,0x1A1,110100001,417,1,0,2,6,3,110,4,"PIX4051=U41_4051L2@X6, PIX4052=U65_4052Mux7@S2B, DG4051=U49_DAC_LV3@X1 nEN=L, U52=LV3-pin7 FMC_A0A1A2=110"
648,2,J2_JB18,35,0x06C,001101100,108,4,1,2,1,3,110,4,"PIX4051=U17_4051R2@X1, PIX4052=U67_4052Mux8@S2A, DG4051=U50_DAC_LV3@X4 nEN=H, U52=LV3-pin7 FMC_A0A1A2=110"
649,2,J2_JB18,36,0x061,001100001,97,1,0,2,1,3,110,4,"PIX4051=U41_4051L2@X1, PIX4052=U65_4052Mux7@S2B, DG4051=U49_DAC_LV3@X1 nEN=L, U52=LV3-pin7 FMC_A0A1A2=110"
650,2,J2_JB18,37,0x0AC,010101100,172,4,1,2,2,3,110,4,"PIX4051=U17_4051R2@X2, PIX4052=U67_4052Mux8@S2A, DG4051=U50_DAC_LV3@X4 nEN=H, U52=LV3-pin7 FMC_A0A1A2=110"
651,2,J2_JB18,38,0x0A1,010100001,161,1,0,2,2,3,110,4,"PIX4051=U41_4051L2@X2, PIX4052=U65_4052Mux7@S2B, DG4051=U49_DAC_LV3@X1 nEN=L, U52=LV3-pin7 FMC_A0A1A2=110"
652,2,J2_JB18,39,0x02C,000101100,44,4,1,2,0,3,110,4,"PIX4051=U17_4051R2@X0, PIX4052=U67_4052Mux8@S2A, DG4051=U50_DAC_LV3@X4 nEN=H, U52=LV3-pin7 FMC_A0A1A2=110"
653,2,J2_JB18,40,0x021,000100001,33,1,0,2,0,3,110,4,"PIX4051=U41_4051L2@X0, PIX4052=U65_4052Mux7@S2B, DG4051=U49_DAC_LV3@X1 nEN=L, U52=LV3-pin7 FMC_A0A1A2=110"
654,2,J2_JB18,41,0x0EC,011101100,236,4,1,2,3,3,110,4,"PIX4051=U17_4051R2@X3, PIX4052=U67_4052Mux8@S2A, DG4051=U50_DAC_LV3@X4 nEN=H, U52=LV3-pin7 FMC_A0A1A2=110"
655,2,J2_JB18,42,0x0E1,011100001,225,1,0,2,3,3,110,4,"PIX4051=U41_4051L2@X3, PIX4052=U65_4052Mux7@S2B, DG4051=U49_DAC_LV3@X1 nEN=L, U52=LV3-pin7 FMC_A0A1A2=110"
656,2,J2_JB18,43,0x17C,101111100,380,4,1,3,5,3,110,4,"PIX4051=U18_4051R2@X5, PIX4052=U67_4052Mux8@S3A, DG4051=U50_DAC_LV3@X4 nEN=H, U52=LV3-pin7 FMC_A0A1A2=110"
657,2,J2_JB18,44,0x171,101110001,369,1,0,3,5,3,110,4,"PIX4051=U42_4051L2@X5, PIX4052=U65_4052Mux7@S3B, DG4051=U49_DAC_LV3@X1 nEN=L, U52=LV3-pin7 FMC_A0A1A2=110"
658,2,J2_JB18,45,0x1FC,111111100,508,4,1,3,7,3,110,4,"PIX4051=U18_4051R2@X7, PIX4052=U67_4052Mux8@S3A, DG4051=U50_DAC_LV3@X4 nEN=H, U52=LV3-pin7 FMC_A0A1A2=110"
659,2,J2_JB18,46,0x1F1,111110001,497,1,0,3,7,3,110,4,"PIX4051=U42_4051L2@X7, PIX4052=U65_4052Mux7@S3B, DG4051=U49_DAC_LV3@X1 nEN=L, U52=LV3-pin7 FMC_A0A1A2=110"
660,2,J2_JB18,47,0x13C,100111100,316,4,1,3,4,3,110,4,"PIX4051=U18_4051R2@X4, PIX4052=U67_4052Mux8@S3A, DG4051=U50_DAC_LV3@X4 nEN=H, U52=LV3-pin7 FMC_A0A1A2=110"
661,2,J2_JB18,48,0x131,100110001,305,1,0,3,4,3,110,4,"PIX4051=U42_4051L2@X4, PIX4052=U65_4052Mux7@S3B, DG4051=U49_DAC_LV3@X1 nEN=L, U52=LV3-pin7 FMC_A0A1A2=110"
662,2,J2_JB18,49,0x1BC,110111100,444,4,1,3,6,3,110,4,"PIX4051=U18_4051R2@X6, PIX4052=U67_4052Mux8@S3A, DG4051=U50_DAC_LV3@X4 nEN=H, U52=LV3-pin7 FMC_A0A1A2=110"
663,2,J2_JB18,50,0x1B1,110110001,433,1,0,3,6,3,110,4,"PIX4051=U42_4051L2@X6, PIX4052=U65_4052Mux7@S3B, DG4051=U49_DAC_LV3@X1 nEN=L, U52=LV3-pin7 FMC_A0A1A2=110"
664,2,J2_JB18,51,0x07C,001111100,124,4,1,3,1,3,110,4,"PIX4051=U18_4051R2@X1, PIX4052=U67_4052Mux8@S3A, DG4051=U50_DAC_LV3@X4 nEN=H, U52=LV3-pin7 FMC_A0A1A2=110"
665,2,J2_JB18,52,0x071,001110001,113,1,0,3,1,3,110,4,"PIX4051=U42_4051L2@X1, PIX4052=U65_4052Mux7@S3B, DG4051=U49_DAC_LV3@X1 nEN=L, U52=LV3-pin7 FMC_A0A1A2=110"
666,2,J2_JB18,53,0x0BC,010111100,188,4,1,3,2,3,110,4,"PIX4051=U18_4051R2@X2, PIX4052=U67_4052Mux8@S3A, DG4051=U50_DAC_LV3@X4 nEN=H, U52=LV3-pin7 FMC_A0A1A2=110"
667,2,J2_JB18,54,0x0B1,010110001,177,1,0,3,2,3,110,4,"PIX4051=U42_4051L2@X2, PIX4052=U65_4052Mux7@S3B, DG4051=U49_DAC_LV3@X1 nEN=L, U52=LV3-pin7 FMC_A0A1A2=110"
668,2,J2_JB18,55,0x03C,000111100,60,4,1,3,0,3,110,4,"PIX4051=U18_4051R2@X0, PIX4052=U67_4052Mux8@S3A, DG4051=U50_DAC_LV3@X4 nEN=H, U52=LV3-pin7 FMC_A0A1A2=110"
669,2,J2_JB18,56,0x031,000110001,49,1,0,3,0,3,110,4,"PIX4051=U42_4051L2@X0, PIX4052=U65_4052Mux7@S3B, DG4051=U49_DAC_LV3@X1 nEN=L, U52=LV3-pin7 FMC_A0A1A2=110"
670,2,J2_JB18,57,0x0FC,011111100,252,4,1,3,3,3,110,4,"PIX4051=U18_4051R2@X3, PIX4052=U67_4052Mux8@S3A, DG4051=U50_DAC_LV3@X4 nEN=H, U52=LV3-pin7 FMC_A0A1A2=110"
671,2,J2_JB18,58,0x0F1,011110001,241,1,0,3,3,3,110,4,"PIX4051=U42_4051L2@X3, PIX4052=U65_4052Mux7@S3B, DG4051=U49_DAC_LV3@X1 nEN=L, U52=LV3-pin7 FMC_A0A1A2=110"
672,2,J2_JB18,59,0x15F,101011111,351,7,1,1,5,3,110,4,"PIX4051=U19_4051R2@X5, PIX4052=U68_4052Mux8@S1A, DG4051=U50_DAC_LV3@X7 nEN=H, U52=LV3-pin7 FMC_A0A1A2=110"
673,2,J2_JB18,60,0x14D,101001101,333,5,1,0,5,3,110,4,"PIX4051=U43_4051L2@X5, PIX4052=U68_4052Mux8@S0B, DG4051=U50_DAC_LV3@X5 nEN=H, U52=LV3-pin7 FMC_A0A1A2=110"
674,2,J2_JB18,61,0x1DF,111011111,479,7,1,1,7,3,110,4,"PIX4051=U19_4051R2@X7, PIX4052=U68_4052Mux8@S1A, DG4051=U50_DAC_LV3@X7 nEN=H, U52=LV3-pin7 FMC_A0A1A2=110"
675,2,J2_JB18,62,0x1CD,111001101,461,5,1,0,7,3,110,4,"PIX4051=U43_4051L2@X7, PIX4052=U68_4052Mux8@S0B, DG4051=U50_DAC_LV3@X5 nEN=H, U52=LV3-pin7 FMC_A0A1A2=110"
676,2,J2_JB18,63,0x11F,100011111,287,7,1,1,4,3,110,4,"PIX4051=U19_4051R2@X4, PIX4052=U68_4052Mux8@S1A, DG4051=U50_DAC_LV3@X7 nEN=H, U52=LV3-pin7 FMC_A0A1A2=110"
677,2,J2_JB18,64,0x10D,100001101,269,5,1,0,4,3,110,4,"PIX4051=U43_4051L2@X4, PIX4052=U68_4052Mux8@S0B, DG4051=U50_DAC_LV3@X5 nEN=H, U52=LV3-pin7 FMC_A0A1A2=110"
678,2,J2_JB18,65,0x19F,110011111,415,7,1,1,6,3,110,4,"PIX4051=U19_4051R2@X6, PIX4052=U68_4052Mux8@S1A, DG4051=U50_DAC_LV3@X7 nEN=H, U52=LV3-pin7 FMC_A0A1A2=110"
679,2,J2_JB18,66,0x18D,110001101,397,5,1,0,6,3,110,4,"PIX4051=U43_4051L2@X6, PIX4052=U68_4052Mux8@S0B, DG4051=U50_DAC_LV3@X5 nEN=H, U52=LV3-pin7 FMC_A0A1A2=110"
680,2,J2_JB18,67,0x05F,001011111,95,7,1,1,1,3,110,4,"PIX4051=U19_4051R2@X1, PIX4052=U68_4052Mux8@S1A, DG4051=U50_DAC_LV3@X7 nEN=H, U52=LV3-pin7 FMC_A0A1A2=110"
681,2,J2_JB18,68,0x04D,001001101,77,5,1,0,1,3,110,4,"PIX4051=U43_4051L2@X1, PIX4052=U68_4052Mux8@S0B, DG4051=U50_DAC_LV3@X5 nEN=H, U52=LV3-pin7 FMC_A0A1A2=110"
682,2,J2_JB18,69,0x09F,010011111,159,7,1,1,2,3,110,4,"PIX4051=U19_4051R2@X2, PIX4052=U68_4052Mux8@S1A, DG4051=U50_DAC_LV3@X7 nEN=H, U52=LV3-pin7 FMC_A0A1A2=110"
683,2,J2_JB18,70,0x08D,010001101,141,5,1,0,2,3,110,4,"PIX4051=U43_4051L2@X2, PIX4052=U68_4052Mux8@S0B, DG4051=U50_DAC_LV3@X5 nEN=H, U52=LV3-pin7 FMC_A0A1A2=110"
684,2,J2_JB18,71,0x01F,000011111,31,7,1,1,0,3,110,4,"PIX4051=U19_4051R2@X0, PIX4052=U68_4052Mux8@S1A, DG4051=U50_DAC_LV3@X7 nEN=H, U52=LV3-pin7 FMC_A0A1A2=110"
685,2,J2_JB18,72,0x00D,000001101,13,5,1,0,0,3,110,4,"PIX4051=U43_4051L2@X0, PIX4052=U68_4052Mux8@S0B, DG4051=U50_DAC_LV3@X5 nEN=H, U52=LV3-pin7 FMC_A0A1A2=110"
686,2,J2_JB18,73,0x0DF,011011111,223,7,1,1,3,3,110,4,"PIX4051=U19_4051R2@X3, PIX4052=U68_4052Mux8@S1A, DG4051=U50_DAC_LV3@X7 nEN=H, U52=LV3-pin7 FMC_A0A1A2=110"
687,2,J2_JB18,74,0x0CD,011001101,205,5,1,0,3,3,110,4,"PIX4051=U43_4051L2@X3, PIX4052=U68_4052Mux8@S0B, DG4051=U50_DAC_LV3@X5 nEN=H, U52=LV3-pin7 FMC_A0A1A2=110"
688,2,J2_JB18,75,0x14F,101001111,335,7,1,0,5,3,110,4,"PIX4051=U20_4051R2@X5, PIX4052=U68_4052Mux8@S0A, DG4051=U50_DAC_LV3@X7 nEN=H, U52=LV3-pin7 FMC_A0A1A2=110"
689,2,J2_JB18,76,0x15D,101011101,349,5,1,1,5,3,110,4,"PIX4051=U44_4051L2@X5, PIX4052=U68_4052Mux8@S1B, DG4051=U50_DAC_LV3@X5 nEN=H, U52=LV3-pin7 FMC_A0A1A2=110"
690,2,J1_JA10,3,0x0D1,011010001,209,1,0,1,3,3,110,4,"PIX4051=U48_4051L2@X3, PIX4052=U65_4052Mux7@S1B, DG4051=U49_DAC_LV3@X1 nEN=L, U52=LV3-pin7 FMC_A0A1A2=110"
691,2,J1_JA10,4,0x0CC,011001100,204,4,1,0,3,3,110,4,"PIX4051=U24_4051R2@X3, PIX4052=U67_4052Mux8@S0A, DG4051=U50_DAC_LV3@X4 nEN=H, U52=LV3-pin7 FMC_A0A1A2=110"
692,2,J1_JA10,5,0x011,000010001,17,1,0,1,0,3,110,4,"PIX4051=U48_4051L2@X0, PIX4052=U65_4052Mux7@S1B, DG4051=U49_DAC_LV3@X1 nEN=L, U52=LV3-pin7 FMC_A0A1A2=110"
693,2,J1_JA10,6,0x00C,000001100,12,4,1,0,0,3,110,4,"PIX4051=U24_4051R2@X0, PIX4052=U67_4052Mux8@S0A, DG4051=U50_DAC_LV3@X4 nEN=H, U52=LV3-pin7 FMC_A0A1A2=110"
694,2,J1_JA10,7,0x091,010010001,145,1,0,1,2,3,110,4,"PIX4051=U48_4051L2@X2, PIX4052=U65_4052Mux7@S1B, DG4051=U49_DAC_LV3@X1 nEN=L, U52=LV3-pin7 FMC_A0A1A2=110"
695,2,J1_JA10,8,0x08C,010001100,140,4,1,0,2,3,110,4,"PIX4051=U24_4051R2@X2, PIX4052=U67_4052Mux8@S0A, DG4051=U50_DAC_LV3@X4 nEN=H, U52=LV3-pin7 FMC_A0A1A2=110"
696,2,J1_JA10,9,0x051,001010001,81,1,0,1,1,3,110,4,"PIX4051=U48_4051L2@X1, PIX4052=U65_4052Mux7@S1B, DG4051=U49_DAC_LV3@X1 nEN=L, U52=LV3-pin7 FMC_A0A1A2=110"
697,2,J1_JA10,10,0x04C,001001100,76,4,1,0,1,3,110,4,"PIX4051=U24_4051R2@X1, PIX4052=U67_4052Mux8@S0A, DG4051=U50_DAC_LV3@X4 nEN=H, U52=LV3-pin7 FMC_A0A1A2=110"
698,2,J1_JA10,11,0x191,110010001,401,1,0,1,6,3,110,4,"PIX4051=U48_4051L2@X6, PIX4052=U65_4052Mux7@S1B, DG4051=U49_DAC_LV3@X1 nEN=L, U52=LV3-pin7 FMC_A0A1A2=110"
699,2,J1_JA10,12,0x18C,110001100,396,4,1,0,6,3,110,4,"PIX4051=U24_4051R2@X6, PIX4052=U67_4052Mux8@S0A, DG4051=U50_DAC_LV3@X4 nEN=H, U52=LV3-pin7 FMC_A0A1A2=110"
700,2,J1_JA10,13,0x111,100010001,273,1,0,1,4,3,110,4,"PIX4051=U48_4051L2@X4, PIX4052=U65_4052Mux7@S1B, DG4051=U49_DAC_LV3@X1 nEN=L, U52=LV3-pin7 FMC_A0A1A2=110"
701,2,J1_JA10,14,0x10C,100001100,268,4,1,0,4,3,110,4,"PIX4051=U24_4051R2@X4, PIX4052=U67_4052Mux8@S0A, DG4051=U50_DAC_LV3@X4 nEN=H, U52=LV3-pin7 FMC_A0A1A2=110"
702,2,J1_JA10,15,0x1D1,111010001,465,1,0,1,7,3,110,4,"PIX4051=U48_4051L2@X7, PIX4052=U65_4052Mux7@S1B, DG4051=U49_DAC_LV3@X1 nEN=L, U52=LV3-pin7 FMC_A0A1A2=110"
703,2,J1_JA10,16,0x1CC,111001100,460,4,1,0,7,3,110,4,"PIX4051=U24_4051R2@X7, PIX4052=U67_4052Mux8@S0A, DG4051=U50_DAC_LV3@X4 nEN=H, U52=LV3-pin7 FMC_A0A1A2=110"
704,2,J1_JA10,17,0x151,101010001,337,1,0,1,5,3,110,4,"PIX4051=U48_4051L2@X5, PIX4052=U65_4052Mux7@S1B, DG4051=U49_DAC_LV3@X1 nEN=L, U52=LV3-pin7 FMC_A0A1A2=110"
705,2,J1_JA10,18,0x14C,101001100,332,4,1,0,5,3,110,4,"PIX4051=U24_4051R2@X5, PIX4052=U67_4052Mux8@S0A, DG4051=U50_DAC_LV3@X4 nEN=H, U52=LV3-pin7 FMC_A0A1A2=110"
706,2,J1_JA10,19,0x0C1,011000001,193,1,0,0,3,3,110,4,"PIX4051=U47_4051L2@X3, PIX4052=U65_4052Mux7@S0B, DG4051=U49_DAC_LV3@X1 nEN=L, U52=LV3-pin7 FMC_A0A1A2=110"
707,2,J1_JA10,20,0x0DC,011011100,220,4,1,1,3,3,110,4,"PIX4051=U23_4051R2@X3, PIX4052=U67_4052Mux8@S1A, DG4051=U50_DAC_LV3@X4 nEN=H, U52=LV3-pin7 FMC_A0A1A2=110"
708,2,J1_JA10,21,0x001,000000001,1,1,0,0,0,3,110,4,"PIX4051=U47_4051L2@X0, PIX4052=U65_4052Mux7@S0B, DG4051=U49_DAC_LV3@X1 nEN=L, U52=LV3-pin7 FMC_A0A1A2=110"
709,2,J1_JA10,22,0x01C,000011100,28,4,1,1,0,3,110,4,"PIX4051=U23_4051R2@X0, PIX4052=U67_4052Mux8@S1A, DG4051=U50_DAC_LV3@X4 nEN=H, U52=LV3-pin7 FMC_A0A1A2=110"
710,2,J1_JA10,23,0x081,010000001,129,1,0,0,2,3,110,4,"PIX4051=U47_4051L2@X2, PIX4052=U65_4052Mux7@S0B, DG4051=U49_DAC_LV3@X1 nEN=L, U52=LV3-pin7 FMC_A0A1A2=110"
711,2,J1_JA10,24,0x09C,010011100,156,4,1,1,2,3,110,4,"PIX4051=U23_4051R2@X2, PIX4052=U67_4052Mux8@S1A, DG4051=U50_DAC_LV3@X4 nEN=H, U52=LV3-pin7 FMC_A0A1A2=110"
712,2,J1_JA10,25,0x041,001000001,65,1,0,0,1,3,110,4,"PIX4051=U47_4051L2@X1, PIX4052=U65_4052Mux7@S0B, DG4051=U49_DAC_LV3@X1 nEN=L, U52=LV3-pin7 FMC_A0A1A2=110"
713,2,J1_JA10,26,0x05C,001011100,92,4,1,1,1,3,110,4,"PIX4051=U23_4051R2@X1, PIX4052=U67_4052Mux8@S1A, DG4051=U50_DAC_LV3@X4 nEN=H, U52=LV3-pin7 FMC_A0A1A2=110"
714,2,J1_JA10,27,0x181,110000001,385,1,0,0,6,3,110,4,"PIX4051=U47_4051L2@X6, PIX4052=U65_4052Mux7@S0B, DG4051=U49_DAC_LV3@X1 nEN=L, U52=LV3-pin7 FMC_A0A1A2=110"
715,2,J1_JA10,28,0x19C,110011100,412,4,1,1,6,3,110,4,"PIX4051=U23_4051R2@X6, PIX4052=U67_4052Mux8@S1A, DG4051=U50_DAC_LV3@X4 nEN=H, U52=LV3-pin7 FMC_A0A1A2=110"
716,2,J1_JA10,29,0x101,100000001,257,1,0,0,4,3,110,4,"PIX4051=U47_4051L2@X4, PIX4052=U65_4052Mux7@S0B, DG4051=U49_DAC_LV3@X1 nEN=L, U52=LV3-pin7 FMC_A0A1A2=110"
717,2,J1_JA10,30,0x11C,100011100,284,4,1,1,4,3,110,4,"PIX4051=U23_4051R2@X4, PIX4052=U67_4052Mux8@S1A, DG4051=U50_DAC_LV3@X4 nEN=H, U52=LV3-pin7 FMC_A0A1A2=110"
718,2,J1_JA10,31,0x1C1,111000001,449,1,0,0,7,3,110,4,"PIX4051=U47_4051L2@X7, PIX4052=U65_4052Mux7@S0B, DG4051=U49_DAC_LV3@X1 nEN=L, U52=LV3-pin7 FMC_A0A1A2=110"
719,2,J1_JA10,32,0x1DC,111011100,476,4,1,1,7,3,110,4,"PIX4051=U23_4051R2@X7, PIX4052=U67_4052Mux8@S1A, DG4051=U50_DAC_LV3@X4 nEN=H, U52=LV3-pin7 FMC_A0A1A2=110"
720,2,J1_JA10,33,0x141,101000001,321,1,0,0,5,3,110,4,"PIX4051=U47_4051L2@X5, PIX4052=U65_4052Mux7@S0B, DG4051=U49_DAC_LV3@X1 nEN=L, U52=LV3-pin7 FMC_A0A1A2=110"
721,2,J1_JA10,34,0x15C,101011100,348,4,1,1,5,3,110,4,"PIX4051=U23_4051R2@X5, PIX4052=U67_4052Mux8@S1A, DG4051=U50_DAC_LV3@X4 nEN=H, U52=LV3-pin7 FMC_A0A1A2=110"
722,2,J1_JA10,35,0x0D2,011010010,210,2,0,1,3,3,110,4,"PIX4051=U46_4051L2@X3, PIX4052=U65_4052Mux7@S1A, DG4051=U49_DAC_LV3@X2 nEN=L, U52=LV3-pin7 FMC_A0A1A2=110"
723,2,J1_JA10,36,0x0CE,011001110,206,6,1,0,3,3,110,4,"PIX4051=U22_4051R2@X3, PIX4052=U67_4052Mux8@S0B, DG4051=U50_DAC_LV3@X6 nEN=H, U52=LV3-pin7 FMC_A0A1A2=110"
724,2,J1_JA10,37,0x012,000010010,18,2,0,1,0,3,110,4,"PIX4051=U46_4051L2@X0, PIX4052=U65_4052Mux7@S1A, DG4051=U49_DAC_LV3@X2 nEN=L, U52=LV3-pin7 FMC_A0A1A2=110"
725,2,J1_JA10,38,0x00E,000001110,14,6,1,0,0,3,110,4,"PIX4051=U22_4051R2@X0, PIX4052=U67_4052Mux8@S0B, DG4051=U50_DAC_LV3@X6 nEN=H, U52=LV3-pin7 FMC_A0A1A2=110"
726,2,J1_JA10,39,0x092,010010010,146,2,0,1,2,3,110,4,"PIX4051=U46_4051L2@X2, PIX4052=U65_4052Mux7@S1A, DG4051=U49_DAC_LV3@X2 nEN=L, U52=LV3-pin7 FMC_A0A1A2=110"
727,2,J1_JA10,40,0x08E,010001110,142,6,1,0,2,3,110,4,"PIX4051=U22_4051R2@X2, PIX4052=U67_4052Mux8@S0B, DG4051=U50_DAC_LV3@X6 nEN=H, U52=LV3-pin7 FMC_A0A1A2=110"
728,2,J1_JA10,41,0x052,001010010,82,2,0,1,1,3,110,4,"PIX4051=U46_4051L2@X1, PIX4052=U65_4052Mux7@S1A, DG4051=U49_DAC_LV3@X2 nEN=L, U52=LV3-pin7 FMC_A0A1A2=110"
729,2,J1_JA10,42,0x04E,001001110,78,6,1,0,1,3,110,4,"PIX4051=U22_4051R2@X1, PIX4052=U67_4052Mux8@S0B, DG4051=U50_DAC_LV3@X6 nEN=H, U52=LV3-pin7 FMC_A0A1A2=110"
730,2,J1_JA10,43,0x192,110010010,402,2,0,1,6,3,110,4,"PIX4051=U46_4051L2@X6, PIX4052=U65_4052Mux7@S1A, DG4051=U49_DAC_LV3@X2 nEN=L, U52=LV3-pin7 FMC_A0A1A2=110"
731,2,J1_JA10,44,0x18E,110001110,398,6,1,0,6,3,110,4,"PIX4051=U22_4051R2@X6, PIX4052=U67_4052Mux8@S0B, DG4051=U50_DAC_LV3@X6 nEN=H, U52=LV3-pin7 FMC_A0A1A2=110"
732,2,J1_JA10,45,0x112,100010010,274,2,0,1,4,3,110,4,"PIX4051=U46_4051L2@X4, PIX4052=U65_4052Mux7@S1A, DG4051=U49_DAC_LV3@X2 nEN=L, U52=LV3-pin7 FMC_A0A1A2=110"
733,2,J1_JA10,46,0x10E,100001110,270,6,1,0,4,3,110,4,"PIX4051=U22_4051R2@X4, PIX4052=U67_4052Mux8@S0B, DG4051=U50_DAC_LV3@X6 nEN=H, U52=LV3-pin7 FMC_A0A1A2=110"
734,2,J1_JA10,47,0x1D2,111010010,466,2,0,1,7,3,110,4,"PIX4051=U46_4051L2@X7, PIX4052=U65_4052Mux7@S1A, DG4051=U49_DAC_LV3@X2 nEN=L, U52=LV3-pin7 FMC_A0A1A2=110"
735,2,J1_JA10,48,0x1CE,111001110,462,6,1,0,7,3,110,4,"PIX4051=U22_4051R2@X7, PIX4052=U67_4052Mux8@S0B, DG4051=U50_DAC_LV3@X6 nEN=H, U52=LV3-pin7 FMC_A0A1A2=110"
736,2,J1_JA10,49,0x152,101010010,338,2,0,1,5,3,110,4,"PIX4051=U46_4051L2@X5, PIX4052=U65_4052Mux7@S1A, DG4051=U49_DAC_LV3@X2 nEN=L, U52=LV3-pin7 FMC_A0A1A2=110"
737,2,J1_JA10,50,0x14E,101001110,334,6,1,0,5,3,110,4,"PIX4051=U22_4051R2@X5, PIX4052=U67_4052Mux8@S0B, DG4051=U50_DAC_LV3@X6 nEN=H, U52=LV3-pin7 FMC_A0A1A2=110"
738,2,J1_JA10,51,0x0C2,011000010,194,2,0,0,3,3,110,4,"PIX4051=U45_4051L2@X3, PIX4052=U65_4052Mux7@S0A, DG4051=U49_DAC_LV3@X2 nEN=L, U52=LV3-pin7 FMC_A0A1A2=110"
739,2,J1_JA10,52,0x0DE,011011110,222,6,1,1,3,3,110,4,"PIX4051=U21_4051R2@X3, PIX4052=U67_4052Mux8@S1B, DG4051=U50_DAC_LV3@X6 nEN=H, U52=LV3-pin7 FMC_A0A1A2=110"
740,2,J1_JA10,53,0x002,000000010,2,2,0,0,0,3,110,4,"PIX4051=U45_4051L2@X0, PIX4052=U65_4052Mux7@S0A, DG4051=U49_DAC_LV3@X2 nEN=L, U52=LV3-pin7 FMC_A0A1A2=110"
741,2,J1_JA10,54,0x01E,000011110,30,6,1,1,0,3,110,4,"PIX4051=U21_4051R2@X0, PIX4052=U67_4052Mux8@S1B, DG4051=U50_DAC_LV3@X6 nEN=H, U52=LV3-pin7 FMC_A0A1A2=110"
742,2,J1_JA10,55,0x082,010000010,130,2,0,0,2,3,110,4,"PIX4051=U45_4051L2@X2, PIX4052=U65_4052Mux7@S0A, DG4051=U49_DAC_LV3@X2 nEN=L, U52=LV3-pin7 FMC_A0A1A2=110"
743,2,J1_JA10,56,0x09E,010011110,158,6,1,1,2,3,110,4,"PIX4051=U21_4051R2@X2, PIX4052=U67_4052Mux8@S1B, DG4051=U50_DAC_LV3@X6 nEN=H, U52=LV3-pin7 FMC_A0A1A2=110"
744,2,J1_JA10,57,0x042,001000010,66,2,0,0,1,3,110,4,"PIX4051=U45_4051L2@X1, PIX4052=U65_4052Mux7@S0A, DG4051=U49_DAC_LV3@X2 nEN=L, U52=LV3-pin7 FMC_A0A1A2=110"
745,2,J1_JA10,58,0x05E,001011110,94,6,1,1,1,3,110,4,"PIX4051=U21_4051R2@X1, PIX4052=U67_4052Mux8@S1B, DG4051=U50_DAC_LV3@X6 nEN=H, U52=LV3-pin7 FMC_A0A1A2=110"
746,2,J1_JA10,59,0x182,110000010,386,2,0,0,6,3,110,4,"PIX4051=U45_4051L2@X6, PIX4052=U65_4052Mux7@S0A, DG4051=U49_DAC_LV3@X2 nEN=L, U52=LV3-pin7 FMC_A0A1A2=110"
747,2,J1_JA10,60,0x19E,110011110,414,6,1,1,6,3,110,4,"PIX4051=U21_4051R2@X6, PIX4052=U67_4052Mux8@S1B, DG4051=U50_DAC_LV3@X6 nEN=H, U52=LV3-pin7 FMC_A0A1A2=110"
748,2,J1_JA10,61,0x102,100000010,258,2,0,0,4,3,110,4,"PIX4051=U45_4051L2@X4, PIX4052=U65_4052Mux7@S0A, DG4051=U49_DAC_LV3@X2 nEN=L, U52=LV3-pin7 FMC_A0A1A2=110"
749,2,J1_JA10,62,0x11E,100011110,286,6,1,1,4,3,110,4,"PIX4051=U21_4051R2@X4, PIX4052=U67_4052Mux8@S1B, DG4051=U50_DAC_LV3@X6 nEN=H, U52=LV3-pin7 FMC_A0A1A2=110"
750,2,J1_JA10,63,0x1C2,111000010,450,2,0,0,7,3,110,4,"PIX4051=U45_4051L2@X7, PIX4052=U65_4052Mux7@S0A, DG4051=U49_DAC_LV3@X2 nEN=L, U52=LV3-pin7 FMC_A0A1A2=110"
751,2,J1_JA10,64,0x1DE,111011110,478,6,1,1,7,3,110,4,"PIX4051=U21_4051R2@X7, PIX4052=U67_4052Mux8@S1B, DG4051=U50_DAC_LV3@X6 nEN=H, U52=LV3-pin7 FMC_A0A1A2=110"
752,2,J1_JA10,65,0x142,101000010,322,2,0,0,5,3,110,4,"PIX4051=U45_4051L2@X5, PIX4052=U65_4052Mux7@S0A, DG4051=U49_DAC_LV3@X2 nEN=L, U52=LV3-pin7 FMC_A0A1A2=110"
753,2,J1_JA10,66,0x15E,101011110,350,6,1,1,5,3,110,4,"PIX4051=U21_4051R2@X5, PIX4052=U67_4052Mux8@S1B, DG4051=U50_DAC_LV3@X6 nEN=H, U52=LV3-pin7 FMC_A0A1A2=110"
754,2,J1_JA10,67,0x0DD,011011101,221,5,1,1,3,3,110,4,"PIX4051=U44_4051L2@X3, PIX4052=U68_4052Mux8@S1B, DG4051=U50_DAC_LV3@X5 nEN=H, U52=LV3-pin7 FMC_A0A1A2=110"
755,2,J1_JA10,68,0x0CF,011001111,207,7,1,0,3,3,110,4,"PIX4051=U20_4051R2@X3, PIX4052=U68_4052Mux8@S0A, DG4051=U50_DAC_LV3@X7 nEN=H, U52=LV3-pin7 FMC_A0A1A2=110"
756,2,J1_JA10,69,0x01D,000011101,29,5,1,1,0,3,110,4,"PIX4051=U44_4051L2@X0, PIX4052=U68_4052Mux8@S1B, DG4051=U50_DAC_LV3@X5 nEN=H, U52=LV3-pin7 FMC_A0A1A2=110"
757,2,J1_JA10,70,0x00F,000001111,15,7,1,0,0,3,110,4,"PIX4051=U20_4051R2@X0, PIX4052=U68_4052Mux8@S0A, DG4051=U50_DAC_LV3@X7 nEN=H, U52=LV3-pin7 FMC_A0A1A2=110"
758,2,J1_JA10,71,0x09D,010011101,157,5,1,1,2,3,110,4,"PIX4051=U44_4051L2@X2, PIX4052=U68_4052Mux8@S1B, DG4051=U50_DAC_LV3@X5 nEN=H, U52=LV3-pin7 FMC_A0A1A2=110"
759,2,J1_JA10,72,0x08F,010001111,143,7,1,0,2,3,110,4,"PIX4051=U20_4051R2@X2, PIX4052=U68_4052Mux8@S0A, DG4051=U50_DAC_LV3@X7 nEN=H, U52=LV3-pin7 FMC_A0A1A2=110"
760,2,J1_JA10,73,0x05D,001011101,93,5,1,1,1,3,110,4,"PIX4051=U44_4051L2@X1, PIX4052=U68_4052Mux8@S1B, DG4051=U50_DAC_LV3@X5 nEN=H, U52=LV3-pin7 FMC_A0A1A2=110"
761,2,J1_JA10,74,0x04F,001001111,79,7,1,0,1,3,110,4,"PIX4051=U20_4051R2@X1, PIX4052=U68_4052Mux8@S0A, DG4051=U50_DAC_LV3@X7 nEN=H, U52=LV3-pin7 FMC_A0A1A2=110"
762,2,J1_JA10,75,0x19D,110011101,413,5,1,1,6,3,110,4,"PIX4051=U44_4051L2@X6, PIX4052=U68_4052Mux8@S1B, DG4051=U50_DAC_LV3@X5 nEN=H, U52=LV3-pin7 FMC_A0A1A2=110"
763,2,J1_JA10,76,0x18F,110001111,399,7,1,0,6,3,110,4,"PIX4051=U20_4051R2@X6, PIX4052=U68_4052Mux8@S0A, DG4051=U50_DAC_LV3@X7 nEN=H, U52=LV3-pin7 FMC_A0A1A2=110"
764,2,J1_JA10,77,0x11D,100011101,285,5,1,1,4,3,110,4,"PIX4051=U44_4051L2@X4, PIX4052=U68_4052Mux8@S1B, DG4051=U50_DAC_LV3@X5 nEN=H, U52=LV3-pin7 FMC_A0A1A2=110"
765,2,J1_JA10,78,0x10F,100001111,271,7,1,0,4,3,110,4,"PIX4051=U20_4051R2@X4, PIX4052=U68_4052Mux8@S0A, DG4051=U50_DAC_LV3@X7 nEN=H, U52=LV3-pin7 FMC_A0A1A2=110"
766,2,J1_JA10,79,0x1DD,111011101,477,5,1,1,7,3,110,4,"PIX4051=U44_4051L2@X7, PIX4052=U68_4052Mux8@S1B, DG4051=U50_DAC_LV3@X5 nEN=H, U52=LV3-pin7 FMC_A0A1A2=110"
767,2,J1_JA10,80,0x1CF,111001111,463,7,1,0,7,3,110,4,"PIX4051=U20_4051R2@X7, PIX4052=U68_4052Mux8@S0A, DG4051=U50_DAC_LV3@X7 nEN=H, U52=LV3-pin7 FMC_A0A1A2=110"
768,3,J1_JA3,3,0x177,101110111,375,7,0,3,5,5,101,1,"PIX4051=U1_4051R3@X5, PIX4052=U65_4052Mux3@S3B, DG4051=U53_DAC_LV1@X7 nEN=L, U52=LV1-pin1 FMC_A0A1A2=101"
769,3,J1_JA3,4,0x17B,101111011,379,3,1,3,5,1,100,0,"PIX4051=U25_4051L3@X5, PIX4052=U67_4052Mux2@S3A, DG4051=U50_DAC_LV1@X3 nEN=H, U52=LV1-pin7 FMC_A0A1A2=100"
770,3,J1_JA3,5,0x1F7,111110111,503,7,0,3,7,5,101,1,"PIX4051=U1_4051R3@X7, PIX4052=U65_4052Mux3@S3B, DG4051=U53_DAC_LV1@X7 nEN=L, U52=LV1-pin1 FMC_A0A1A2=101"
771,3,J1_JA3,6,0x1FB,111111011,507,3,1,3,7,1,100,0,"PIX4051=U25_4051L3@X7, PIX4052=U67_4052Mux2@S3A, DG4051=U50_DAC_LV1@X3 nEN=H, U52=LV1-pin7 FMC_A0A1A2=100"
772,3,J1_JA3,7,0x137,100110111,311,7,0,3,4,5,101,1,"PIX4051=U1_4051R3@X4, PIX4052=U65_4052Mux3@S3B, DG4051=U53_DAC_LV1@X7 nEN=L, U52=LV1-pin1 FMC_A0A1A2=101"
773,3,J1_JA3,8,0x13B,100111011,315,3,1,3,4,1,100,0,"PIX4051=U25_4051L3@X4, PIX4052=U67_4052Mux2@S3A, DG4051=U50_DAC_LV1@X3 nEN=H, U52=LV1-pin7 FMC_A0A1A2=100"
774,3,J1_JA3,9,0x1B7,110110111,439,7,0,3,6,5,101,1,"PIX4051=U1_4051R3@X6, PIX4052=U65_4052Mux3@S3B, DG4051=U53_DAC_LV1@X7 nEN=L, U52=LV1-pin1 FMC_A0A1A2=101"
775,3,J1_JA3,10,0x1BB,110111011,443,3,1,3,6,1,100,0,"PIX4051=U25_4051L3@X6, PIX4052=U67_4052Mux2@S3A, DG4051=U50_DAC_LV1@X3 nEN=H, U52=LV1-pin7 FMC_A0A1A2=100"
776,3,J1_JA3,11,0x077,001110111,119,7,0,3,1,5,101,1,"PIX4051=U1_4051R3@X1, PIX4052=U65_4052Mux3@S3B, DG4051=U53_DAC_LV1@X7 nEN=L, U52=LV1-pin1 FMC_A0A1A2=101"
777,3,J1_JA3,12,0x07B,001111011,123,3,1,3,1,1,100,0,"PIX4051=U25_4051L3@X1, PIX4052=U67_4052Mux2@S3A, DG4051=U50_DAC_LV1@X3 nEN=H, U52=LV1-pin7 FMC_A0A1A2=100"
778,3,J1_JA3,13,0x0B7,010110111,183,7,0,3,2,5,101,1,"PIX4051=U1_4051R3@X2, PIX4052=U65_4052Mux3@S3B, DG4051=U53_DAC_LV1@X7 nEN=L, U52=LV1-pin1 FMC_A0A1A2=101"
779,3,J1_JA3,14,0x0BB,010111011,187,3,1,3,2,1,100,0,"PIX4051=U25_4051L3@X2, PIX4052=U67_4052Mux2@S3A, DG4051=U50_DAC_LV1@X3 nEN=H, U52=LV1-pin7 FMC_A0A1A2=100"
780,3,J1_JA3,15,0x037,000110111,55,7,0,3,0,5,101,1,"PIX4051=U1_4051R3@X0, PIX4052=U65_4052Mux3@S3B, DG4051=U53_DAC_LV1@X7 nEN=L, U52=LV1-pin1 FMC_A0A1A2=101"
781,3,J1_JA3,16,0x03B,000111011,59,3,1,3,0,1,100,0,"PIX4051=U25_4051L3@X0, PIX4052=U67_4052Mux2@S3A, DG4051=U50_DAC_LV1@X3 nEN=H, U52=LV1-pin7 FMC_A0A1A2=100"
782,3,J1_JA3,17,0x0F7,011110111,247,7,0,3,3,5,101,1,"PIX4051=U1_4051R3@X3, PIX4052=U65_4052Mux3@S3B, DG4051=U53_DAC_LV1@X7 nEN=L, U52=LV1-pin1 FMC_A0A1A2=101"
783,3,J1_JA3,18,0x0FB,011111011,251,3,1,3,3,1,100,0,"PIX4051=U25_4051L3@X3, PIX4052=U67_4052Mux2@S3A, DG4051=U50_DAC_LV1@X3 nEN=H, U52=LV1-pin7 FMC_A0A1A2=100"
784,3,J1_JA3,19,0x167,101100111,359,7,0,2,5,5,101,1,"PIX4051=U2_4051R3@X5, PIX4052=U65_4052Mux3@S2B, DG4051=U53_DAC_LV1@X7 nEN=L, U52=LV1-pin1 FMC_A0A1A2=101"
785,3,J1_JA3,20,0x16B,101101011,363,3,1,2,5,1,100,0,"PIX4051=U26_4051L3@X5, PIX4052=U67_4052Mux2@S2A, DG4051=U50_DAC_LV1@X3 nEN=H, U52=LV1-pin7 FMC_A0A1A2=100"
786,3,J1_JA3,21,0x1E7,111100111,487,7,0,2,7,5,101,1,"PIX4051=U2_4051R3@X7, PIX4052=U65_4052Mux3@S2B, DG4051=U53_DAC_LV1@X7 nEN=L, U52=LV1-pin1 FMC_A0A1A2=101"
787,3,J1_JA3,22,0x1EB,111101011,491,3,1,2,7,1,100,0,"PIX4051=U26_4051L3@X7, PIX4052=U67_4052Mux2@S2A, DG4051=U50_DAC_LV1@X3 nEN=H, U52=LV1-pin7 FMC_A0A1A2=100"
788,3,J1_JA3,23,0x127,100100111,295,7,0,2,4,5,101,1,"PIX4051=U2_4051R3@X4, PIX4052=U65_4052Mux3@S2B, DG4051=U53_DAC_LV1@X7 nEN=L, U52=LV1-pin1 FMC_A0A1A2=101"
789,3,J1_JA3,24,0x12B,100101011,299,3,1,2,4,1,100,0,"PIX4051=U26_4051L3@X4, PIX4052=U67_4052Mux2@S2A, DG4051=U50_DAC_LV1@X3 nEN=H, U52=LV1-pin7 FMC_A0A1A2=100"
790,3,J1_JA3,25,0x1A7,110100111,423,7,0,2,6,5,101,1,"PIX4051=U2_4051R3@X6, PIX4052=U65_4052Mux3@S2B, DG4051=U53_DAC_LV1@X7 nEN=L, U52=LV1-pin1 FMC_A0A1A2=101"
791,3,J1_JA3,26,0x1AB,110101011,427,3,1,2,6,1,100,0,"PIX4051=U26_4051L3@X6, PIX4052=U67_4052Mux2@S2A, DG4051=U50_DAC_LV1@X3 nEN=H, U52=LV1-pin7 FMC_A0A1A2=100"
792,3,J1_JA3,27,0x067,001100111,103,7,0,2,1,5,101,1,"PIX4051=U2_4051R3@X1, PIX4052=U65_4052Mux3@S2B, DG4051=U53_DAC_LV1@X7 nEN=L, U52=LV1-pin1 FMC_A0A1A2=101"
793,3,J1_JA3,28,0x06B,001101011,107,3,1,2,1,1,100,0,"PIX4051=U26_4051L3@X1, PIX4052=U67_4052Mux2@S2A, DG4051=U50_DAC_LV1@X3 nEN=H, U52=LV1-pin7 FMC_A0A1A2=100"
794,3,J1_JA3,29,0x0A7,010100111,167,7,0,2,2,5,101,1,"PIX4051=U2_4051R3@X2, PIX4052=U65_4052Mux3@S2B, DG4051=U53_DAC_LV1@X7 nEN=L, U52=LV1-pin1 FMC_A0A1A2=101"
795,3,J1_JA3,30,0x0AB,010101011,171,3,1,2,2,1,100,0,"PIX4051=U26_4051L3@X2, PIX4052=U67_4052Mux2@S2A, DG4051=U50_DAC_LV1@X3 nEN=H, U52=LV1-pin7 FMC_A0A1A2=100"
796,3,J1_JA3,31,0x027,000100111,39,7,0,2,0,5,101,1,"PIX4051=U2_4051R3@X0, PIX4052=U65_4052Mux3@S2B, DG4051=U53_DAC_LV1@X7 nEN=L, U52=LV1-pin1 FMC_A0A1A2=101"
797,3,J1_JA3,32,0x02B,000101011,43,3,1,2,0,1,100,0,"PIX4051=U26_4051L3@X0, PIX4052=U67_4052Mux2@S2A, DG4051=U50_DAC_LV1@X3 nEN=H, U52=LV1-pin7 FMC_A0A1A2=100"
798,3,J1_JA3,33,0x0E7,011100111,231,7,0,2,3,5,101,1,"PIX4051=U2_4051R3@X3, PIX4052=U65_4052Mux3@S2B, DG4051=U53_DAC_LV1@X7 nEN=L, U52=LV1-pin1 FMC_A0A1A2=101"
799,3,J1_JA3,34,0x0EB,011101011,235,3,1,2,3,1,100,0,"PIX4051=U26_4051L3@X3, PIX4052=U67_4052Mux2@S2A, DG4051=U50_DAC_LV1@X3 nEN=H, U52=LV1-pin7 FMC_A0A1A2=100"
800,3,J1_JA3,35,0x165,101100101,357,5,0,2,5,5,101,1,"PIX4051=U3_4051R3@X5, PIX4052=U65_4052Mux3@S2A, DG4051=U53_DAC_LV1@X5 nEN=L, U52=LV1-pin1 FMC_A0A1A2=101"
801,3,J1_JA3,36,0x168,101101000,360,0,1,2,5,1,100,0,"PIX4051=U27_4051L3@X5, PIX4052=U67_4052Mux2@S2B, DG4051=U50_DAC_LV1@X0 nEN=H, U52=LV1-pin7 FMC_A0A1A2=100"
802,3,J1_JA3,37,0x1E5,111100101,485,5,0,2,7,5,101,1,"PIX4051=U3_4051R3@X7, PIX4052=U65_4052Mux3@S2A, DG4051=U53_DAC_LV1@X5 nEN=L, U52=LV1-pin1 FMC_A0A1A2=101"
803,3,J1_JA3,38,0x1E8,111101000,488,0,1,2,7,1,100,0,"PIX4051=U27_4051L3@X7, PIX4052=U67_4052Mux2@S2B, DG4051=U50_DAC_LV1@X0 nEN=H, U52=LV1-pin7 FMC_A0A1A2=100"
804,3,J1_JA3,39,0x125,100100101,293,5,0,2,4,5,101,1,"PIX4051=U3_4051R3@X4, PIX4052=U65_4052Mux3@S2A, DG4051=U53_DAC_LV1@X5 nEN=L, U52=LV1-pin1 FMC_A0A1A2=101"
805,3,J1_JA3,40,0x128,100101000,296,0,1,2,4,1,100,0,"PIX4051=U27_4051L3@X4, PIX4052=U67_4052Mux2@S2B, DG4051=U50_DAC_LV1@X0 nEN=H, U52=LV1-pin7 FMC_A0A1A2=100"
806,3,J1_JA3,41,0x1A5,110100101,421,5,0,2,6,5,101,1,"PIX4051=U3_4051R3@X6, PIX4052=U65_4052Mux3@S2A, DG4051=U53_DAC_LV1@X5 nEN=L, U52=LV1-pin1 FMC_A0A1A2=101"
807,3,J1_JA3,42,0x1A8,110101000,424,0,1,2,6,1,100,0,"PIX4051=U27_4051L3@X6, PIX4052=U67_4052Mux2@S2B, DG4051=U50_DAC_LV1@X0 nEN=H, U52=LV1-pin7 FMC_A0A1A2=100"
808,3,J1_JA3,43,0x065,001100101,101,5,0,2,1,5,101,1,"PIX4051=U3_4051R3@X1, PIX4052=U65_4052Mux3@S2A, DG4051=U53_DAC_LV1@X5 nEN=L, U52=LV1-pin1 FMC_A0A1A2=101"
809,3,J1_JA3,44,0x068,001101000,104,0,1,2,1,1,100,0,"PIX4051=U27_4051L3@X1, PIX4052=U67_4052Mux2@S2B, DG4051=U50_DAC_LV1@X0 nEN=H, U52=LV1-pin7 FMC_A0A1A2=100"
810,3,J1_JA3,45,0x0A5,010100101,165,5,0,2,2,5,101,1,"PIX4051=U3_4051R3@X2, PIX4052=U65_4052Mux3@S2A, DG4051=U53_DAC_LV1@X5 nEN=L, U52=LV1-pin1 FMC_A0A1A2=101"
811,3,J1_JA3,46,0x0A8,010101000,168,0,1,2,2,1,100,0,"PIX4051=U27_4051L3@X2, PIX4052=U67_4052Mux2@S2B, DG4051=U50_DAC_LV1@X0 nEN=H, U52=LV1-pin7 FMC_A0A1A2=100"
812,3,J1_JA3,47,0x025,000100101,37,5,0,2,0,5,101,1,"PIX4051=U3_4051R3@X0, PIX4052=U65_4052Mux3@S2A, DG4051=U53_DAC_LV1@X5 nEN=L, U52=LV1-pin1 FMC_A0A1A2=101"
813,3,J1_JA3,48,0x028,000101000,40,0,1,2,0,1,100,0,"PIX4051=U27_4051L3@X0, PIX4052=U67_4052Mux2@S2B, DG4051=U50_DAC_LV1@X0 nEN=H, U52=LV1-pin7 FMC_A0A1A2=100"
814,3,J1_JA3,49,0x0E5,011100101,229,5,0,2,3,5,101,1,"PIX4051=U3_4051R3@X3, PIX4052=U65_4052Mux3@S2A, DG4051=U53_DAC_LV1@X5 nEN=L, U52=LV1-pin1 FMC_A0A1A2=101"
815,3,J1_JA3,50,0x0E8,011101000,232,0,1,2,3,1,100,0,"PIX4051=U27_4051L3@X3, PIX4052=U67_4052Mux2@S2B, DG4051=U50_DAC_LV1@X0 nEN=H, U52=LV1-pin7 FMC_A0A1A2=100"
816,3,J1_JA3,51,0x175,101110101,373,5,0,3,5,5,101,1,"PIX4051=U4_4051R3@X5, PIX4052=U65_4052Mux3@S3A, DG4051=U53_DAC_LV1@X5 nEN=L, U52=LV1-pin1 FMC_A0A1A2=101"
817,3,J1_JA3,52,0x178,101111000,376,0,1,3,5,1,100,0,"PIX4051=U28_4051L3@X5, PIX4052=U67_4052Mux2@S3B, DG4051=U50_DAC_LV1@X0 nEN=H, U52=LV1-pin7 FMC_A0A1A2=100"
818,3,J1_JA3,53,0x1F5,111110101,501,5,0,3,7,5,101,1,"PIX4051=U4_4051R3@X7, PIX4052=U65_4052Mux3@S3A, DG4051=U53_DAC_LV1@X5 nEN=L, U52=LV1-pin1 FMC_A0A1A2=101"
819,3,J1_JA3,54,0x1F8,111111000,504,0,1,3,7,1,100,0,"PIX4051=U28_4051L3@X7, PIX4052=U67_4052Mux2@S3B, DG4051=U50_DAC_LV1@X0 nEN=H, U52=LV1-pin7 FMC_A0A1A2=100"
820,3,J1_JA3,55,0x135,100110101,309,5,0,3,4,5,101,1,"PIX4051=U4_4051R3@X4, PIX4052=U65_4052Mux3@S3A, DG4051=U53_DAC_LV1@X5 nEN=L, U52=LV1-pin1 FMC_A0A1A2=101"
821,3,J1_JA3,56,0x138,100111000,312,0,1,3,4,1,100,0,"PIX4051=U28_4051L3@X4, PIX4052=U67_4052Mux2@S3B, DG4051=U50_DAC_LV1@X0 nEN=H, U52=LV1-pin7 FMC_A0A1A2=100"
822,3,J1_JA3,57,0x1B5,110110101,437,5,0,3,6,5,101,1,"PIX4051=U4_4051R3@X6, PIX4052=U65_4052Mux3@S3A, DG4051=U53_DAC_LV1@X5 nEN=L, U52=LV1-pin1 FMC_A0A1A2=101"
823,3,J1_JA3,58,0x1B8,110111000,440,0,1,3,6,1,100,0,"PIX4051=U28_4051L3@X6, PIX4052=U67_4052Mux2@S3B, DG4051=U50_DAC_LV1@X0 nEN=H, U52=LV1-pin7 FMC_A0A1A2=100"
824,3,J1_JA3,59,0x075,001110101,117,5,0,3,1,5,101,1,"PIX4051=U4_4051R3@X1, PIX4052=U65_4052Mux3@S3A, DG4051=U53_DAC_LV1@X5 nEN=L, U52=LV1-pin1 FMC_A0A1A2=101"
825,3,J1_JA3,60,0x078,001111000,120,0,1,3,1,1,100,0,"PIX4051=U28_4051L3@X1, PIX4052=U67_4052Mux2@S3B, DG4051=U50_DAC_LV1@X0 nEN=H, U52=LV1-pin7 FMC_A0A1A2=100"
826,3,J1_JA3,61,0x0B5,010110101,181,5,0,3,2,5,101,1,"PIX4051=U4_4051R3@X2, PIX4052=U65_4052Mux3@S3A, DG4051=U53_DAC_LV1@X5 nEN=L, U52=LV1-pin1 FMC_A0A1A2=101"
827,3,J1_JA3,62,0x0B8,010111000,184,0,1,3,2,1,100,0,"PIX4051=U28_4051L3@X2, PIX4052=U67_4052Mux2@S3B, DG4051=U50_DAC_LV1@X0 nEN=H, U52=LV1-pin7 FMC_A0A1A2=100"
828,3,J1_JA3,63,0x035,000110101,53,5,0,3,0,5,101,1,"PIX4051=U4_4051R3@X0, PIX4052=U65_4052Mux3@S3A, DG4051=U53_DAC_LV1@X5 nEN=L, U52=LV1-pin1 FMC_A0A1A2=101"
829,3,J1_JA3,64,0x038,000111000,56,0,1,3,0,1,100,0,"PIX4051=U28_4051L3@X0, PIX4052=U67_4052Mux2@S3B, DG4051=U50_DAC_LV1@X0 nEN=H, U52=LV1-pin7 FMC_A0A1A2=100"
830,3,J1_JA3,65,0x0F5,011110101,245,5,0,3,3,5,101,1,"PIX4051=U4_4051R3@X3, PIX4052=U65_4052Mux3@S3A, DG4051=U53_DAC_LV1@X5 nEN=L, U52=LV1-pin1 FMC_A0A1A2=101"
831,3,J1_JA3,66,0x0F8,011111000,248,0,1,3,3,1,100,0,"PIX4051=U28_4051L3@X3, PIX4052=U67_4052Mux2@S3B, DG4051=U50_DAC_LV1@X0 nEN=H, U52=LV1-pin7 FMC_A0A1A2=100"
832,3,J1_JA3,67,0x17A,101111010,378,2,1,3,5,1,100,0,"PIX4051=U5_4051R3@X5, PIX4052=U68_4052Mux2@S3B, DG4051=U50_DAC_LV1@X2 nEN=H, U52=LV1-pin7 FMC_A0A1A2=100"
833,3,J1_JA3,68,0x179,101111001,377,1,1,3,5,1,100,0,"PIX4051=U29_4051L3@X5, PIX4052=U68_4052Mux2@S3A, DG4051=U50_DAC_LV1@X1 nEN=H, U52=LV1-pin7 FMC_A0A1A2=100"
834,3,J1_JA3,69,0x1FA,111111010,506,2,1,3,7,1,100,0,"PIX4051=U5_4051R3@X7, PIX4052=U68_4052Mux2@S3B, DG4051=U50_DAC_LV1@X2 nEN=H, U52=LV1-pin7 FMC_A0A1A2=100"
835,3,J1_JA3,70,0x1F9,111111001,505,1,1,3,7,1,100,0,"PIX4051=U29_4051L3@X7, PIX4052=U68_4052Mux2@S3A, DG4051=U50_DAC_LV1@X1 nEN=H, U52=LV1-pin7 FMC_A0A1A2=100"
836,3,J1_JA3,71,0x13A,100111010,314,2,1,3,4,1,100,0,"PIX4051=U5_4051R3@X4, PIX4052=U68_4052Mux2@S3B, DG4051=U50_DAC_LV1@X2 nEN=H, U52=LV1-pin7 FMC_A0A1A2=100"
837,3,J1_JA3,72,0x139,100111001,313,1,1,3,4,1,100,0,"PIX4051=U29_4051L3@X4, PIX4052=U68_4052Mux2@S3A, DG4051=U50_DAC_LV1@X1 nEN=H, U52=LV1-pin7 FMC_A0A1A2=100"
838,3,J1_JA3,73,0x1BA,110111010,442,2,1,3,6,1,100,0,"PIX4051=U5_4051R3@X6, PIX4052=U68_4052Mux2@S3B, DG4051=U50_DAC_LV1@X2 nEN=H, U52=LV1-pin7 FMC_A0A1A2=100"
839,3,J1_JA3,74,0x1B9,110111001,441,1,1,3,6,1,100,0,"PIX4051=U29_4051L3@X6, PIX4052=U68_4052Mux2@S3A, DG4051=U50_DAC_LV1@X1 nEN=H, U52=LV1-pin7 FMC_A0A1A2=100"
840,3,J1_JA3,75,0x07A,001111010,122,2,1,3,1,1,100,0,"PIX4051=U5_4051R3@X1, PIX4052=U68_4052Mux2@S3B, DG4051=U50_DAC_LV1@X2 nEN=H, U52=LV1-pin7 FMC_A0A1A2=100"
841,3,J1_JA3,76,0x079,001111001,121,1,1,3,1,1,100,0,"PIX4051=U29_4051L3@X1, PIX4052=U68_4052Mux2@S3A, DG4051=U50_DAC_LV1@X1 nEN=H, U52=LV1-pin7 FMC_A0A1A2=100"
842,3,J1_JA3,77,0x0BA,010111010,186,2,1,3,2,1,100,0,"PIX4051=U5_4051R3@X2, PIX4052=U68_4052Mux2@S3B, DG4051=U50_DAC_LV1@X2 nEN=H, U52=LV1-pin7 FMC_A0A1A2=100"
843,3,J1_JA3,78,0x0B9,010111001,185,1,1,3,2,1,100,0,"PIX4051=U29_4051L3@X2, PIX4052=U68_4052Mux2@S3A, DG4051=U50_DAC_LV1@X1 nEN=H, U52=LV1-pin7 FMC_A0A1A2=100"
844,3,J1_JA3,79,0x03A,000111010,58,2,1,3,0,1,100,0,"PIX4051=U5_4051R3@X0, PIX4052=U68_4052Mux2@S3B, DG4051=U50_DAC_LV1@X2 nEN=H, U52=LV1-pin7 FMC_A0A1A2=100"
845,3,J1_JA3,80,0x039,000111001,57,1,1,3,0,1,100,0,"PIX4051=U29_4051L3@X0, PIX4052=U68_4052Mux2@S3A, DG4051=U50_DAC_LV1@X1 nEN=H, U52=LV1-pin7 FMC_A0A1A2=100"
846,3,J2_JB3,1,0x0FA,011111010,250,2,1,3,3,1,100,0,"PIX4051=U5_4051R3@X3, PIX4052=U68_4052Mux2@S3B, DG4051=U50_DAC_LV1@X2 nEN=H, U52=LV1-pin7 FMC_A0A1A2=100"
847,3,J2_JB3,2,0x0F9,011111001,249,1,1,3,3,1,100,0,"PIX4051=U29_4051L3@X3, PIX4052=U68_4052Mux2@S3A, DG4051=U50_DAC_LV1@X1 nEN=H, U52=LV1-pin7 FMC_A0A1A2=100"
848,3,J2_JB3,3,0x16A,101101010,362,2,1,2,5,1,100,0,"PIX4051=U6_4051R3@X5, PIX4052=U68_4052Mux2@S2B, DG4051=U50_DAC_LV1@X2 nEN=H, U52=LV1-pin7 FMC_A0A1A2=100"
849,3,J2_JB3,4,0x169,101101001,361,1,1,2,5,1,100,0,"PIX4051=U30_4051L3@X5, PIX4052=U68_4052Mux2@S2A, DG4051=U50_DAC_LV1@X1 nEN=H, U52=LV1-pin7 FMC_A0A1A2=100"
850,3,J2_JB3,5,0x1EA,111101010,490,2,1,2,7,1,100,0,"PIX4051=U6_4051R3@X7, PIX4052=U68_4052Mux2@S2B, DG4051=U50_DAC_LV1@X2 nEN=H, U52=LV1-pin7 FMC_A0A1A2=100"
851,3,J2_JB3,6,0x1E9,111101001,489,1,1,2,7,1,100,0,"PIX4051=U30_4051L3@X7, PIX4052=U68_4052Mux2@S2A, DG4051=U50_DAC_LV1@X1 nEN=H, U52=LV1-pin7 FMC_A0A1A2=100"
852,3,J2_JB3,7,0x12A,100101010,298,2,1,2,4,1,100,0,"PIX4051=U6_4051R3@X4, PIX4052=U68_4052Mux2@S2B, DG4051=U50_DAC_LV1@X2 nEN=H, U52=LV1-pin7 FMC_A0A1A2=100"
853,3,J2_JB3,8,0x129,100101001,297,1,1,2,4,1,100,0,"PIX4051=U30_4051L3@X4, PIX4052=U68_4052Mux2@S2A, DG4051=U50_DAC_LV1@X1 nEN=H, U52=LV1-pin7 FMC_A0A1A2=100"
854,3,J2_JB3,9,0x1AA,110101010,426,2,1,2,6,1,100,0,"PIX4051=U6_4051R3@X6, PIX4052=U68_4052Mux2@S2B, DG4051=U50_DAC_LV1@X2 nEN=H, U52=LV1-pin7 FMC_A0A1A2=100"
855,3,J2_JB3,10,0x1A9,110101001,425,1,1,2,6,1,100,0,"PIX4051=U30_4051L3@X6, PIX4052=U68_4052Mux2@S2A, DG4051=U50_DAC_LV1@X1 nEN=H, U52=LV1-pin7 FMC_A0A1A2=100"
856,3,J2_JB3,11,0x06A,001101010,106,2,1,2,1,1,100,0,"PIX4051=U6_4051R3@X1, PIX4052=U68_4052Mux2@S2B, DG4051=U50_DAC_LV1@X2 nEN=H, U52=LV1-pin7 FMC_A0A1A2=100"
857,3,J2_JB3,12,0x069,001101001,105,1,1,2,1,1,100,0,"PIX4051=U30_4051L3@X1, PIX4052=U68_4052Mux2@S2A, DG4051=U50_DAC_LV1@X1 nEN=H, U52=LV1-pin7 FMC_A0A1A2=100"
858,3,J2_JB3,13,0x0AA,010101010,170,2,1,2,2,1,100,0,"PIX4051=U6_4051R3@X2, PIX4052=U68_4052Mux2@S2B, DG4051=U50_DAC_LV1@X2 nEN=H, U52=LV1-pin7 FMC_A0A1A2=100"
859,3,J2_JB3,14,0x0A9,010101001,169,1,1,2,2,1,100,0,"PIX4051=U30_4051L3@X2, PIX4052=U68_4052Mux2@S2A, DG4051=U50_DAC_LV1@X1 nEN=H, U52=LV1-pin7 FMC_A0A1A2=100"
860,3,J2_JB3,15,0x02A,000101010,42,2,1,2,0,1,100,0,"PIX4051=U6_4051R3@X0, PIX4052=U68_4052Mux2@S2B, DG4051=U50_DAC_LV1@X2 nEN=H, U52=LV1-pin7 FMC_A0A1A2=100"
861,3,J2_JB3,16,0x029,000101001,41,1,1,2,0,1,100,0,"PIX4051=U30_4051L3@X0, PIX4052=U68_4052Mux2@S2A, DG4051=U50_DAC_LV1@X1 nEN=H, U52=LV1-pin7 FMC_A0A1A2=100"
862,3,J2_JB3,17,0x0EA,011101010,234,2,1,2,3,1,100,0,"PIX4051=U6_4051R3@X3, PIX4052=U68_4052Mux2@S2B, DG4051=U50_DAC_LV1@X2 nEN=H, U52=LV1-pin7 FMC_A0A1A2=100"
863,3,J2_JB3,18,0x0E9,011101001,233,1,1,2,3,1,100,0,"PIX4051=U30_4051L3@X3, PIX4052=U68_4052Mux2@S2A, DG4051=U50_DAC_LV1@X1 nEN=H, U52=LV1-pin7 FMC_A0A1A2=100"
864,3,J2_JB3,19,0x157,101010111,343,7,0,1,5,5,101,1,"PIX4051=U7_4051R3@X5, PIX4052=U65_4052Mux3@S1B, DG4051=U53_DAC_LV1@X7 nEN=L, U52=LV1-pin1 FMC_A0A1A2=101"
865,3,J2_JB3,20,0x14B,101001011,331,3,1,0,5,1,100,0,"PIX4051=U31_4051L3@X5, PIX4052=U67_4052Mux2@S0A, DG4051=U50_DAC_LV1@X3 nEN=H, U52=LV1-pin7 FMC_A0A1A2=100"
866,3,J2_JB3,21,0x1D7,111010111,471,7,0,1,7,5,101,1,"PIX4051=U7_4051R3@X7, PIX4052=U65_4052Mux3@S1B, DG4051=U53_DAC_LV1@X7 nEN=L, U52=LV1-pin1 FMC_A0A1A2=101"
867,3,J2_JB3,22,0x1CB,111001011,459,3,1,0,7,1,100,0,"PIX4051=U31_4051L3@X7, PIX4052=U67_4052Mux2@S0A, DG4051=U50_DAC_LV1@X3 nEN=H, U52=LV1-pin7 FMC_A0A1A2=100"
868,3,J2_JB3,23,0x117,100010111,279,7,0,1,4,5,101,1,"PIX4051=U7_4051R3@X4, PIX4052=U65_4052Mux3@S1B, DG4051=U53_DAC_LV1@X7 nEN=L, U52=LV1-pin1 FMC_A0A1A2=101"
869,3,J2_JB3,24,0x10B,100001011,267,3,1,0,4,1,100,0,"PIX4051=U31_4051L3@X4, PIX4052=U67_4052Mux2@S0A, DG4051=U50_DAC_LV1@X3 nEN=H, U52=LV1-pin7 FMC_A0A1A2=100"
870,3,J2_JB3,25,0x197,110010111,407,7,0,1,6,5,101,1,"PIX4051=U7_4051R3@X6, PIX4052=U65_4052Mux3@S1B, DG4051=U53_DAC_LV1@X7 nEN=L, U52=LV1-pin1 FMC_A0A1A2=101"
871,3,J2_JB3,26,0x18B,110001011,395,3,1,0,6,1,100,0,"PIX4051=U31_4051L3@X6, PIX4052=U67_4052Mux2@S0A, DG4051=U50_DAC_LV1@X3 nEN=H, U52=LV1-pin7 FMC_A0A1A2=100"
872,3,J2_JB3,27,0x057,001010111,87,7,0,1,1,5,101,1,"PIX4051=U7_4051R3@X1, PIX4052=U65_4052Mux3@S1B, DG4051=U53_DAC_LV1@X7 nEN=L, U52=LV1-pin1 FMC_A0A1A2=101"
873,3,J2_JB3,28,0x04B,001001011,75,3,1,0,1,1,100,0,"PIX4051=U31_4051L3@X1, PIX4052=U67_4052Mux2@S0A, DG4051=U50_DAC_LV1@X3 nEN=H, U52=LV1-pin7 FMC_A0A1A2=100"
874,3,J2_JB3,29,0x097,010010111,151,7,0,1,2,5,101,1,"PIX4051=U7_4051R3@X2, PIX4052=U65_4052Mux3@S1B, DG4051=U53_DAC_LV1@X7 nEN=L, U52=LV1-pin1 FMC_A0A1A2=101"
875,3,J2_JB3,30,0x08B,010001011,139,3,1,0,2,1,100,0,"PIX4051=U31_4051L3@X2, PIX4052=U67_4052Mux2@S0A, DG4051=U50_DAC_LV1@X3 nEN=H, U52=LV1-pin7 FMC_A0A1A2=100"
876,3,J2_JB3,31,0x017,000010111,23,7,0,1,0,5,101,1,"PIX4051=U7_4051R3@X0, PIX4052=U65_4052Mux3@S1B, DG4051=U53_DAC_LV1@X7 nEN=L, U52=LV1-pin1 FMC_A0A1A2=101"
877,3,J2_JB3,32,0x00B,000001011,11,3,1,0,0,1,100,0,"PIX4051=U31_4051L3@X0, PIX4052=U67_4052Mux2@S0A, DG4051=U50_DAC_LV1@X3 nEN=H, U52=LV1-pin7 FMC_A0A1A2=100"
878,3,J2_JB3,33,0x0D7,011010111,215,7,0,1,3,5,101,1,"PIX4051=U7_4051R3@X3, PIX4052=U65_4052Mux3@S1B, DG4051=U53_DAC_LV1@X7 nEN=L, U52=LV1-pin1 FMC_A0A1A2=101"
879,3,J2_JB3,34,0x0CB,011001011,203,3,1,0,3,1,100,0,"PIX4051=U31_4051L3@X3, PIX4052=U67_4052Mux2@S0A, DG4051=U50_DAC_LV1@X3 nEN=H, U52=LV1-pin7 FMC_A0A1A2=100"
880,3,J2_JB3,35,0x147,101000111,327,7,0,0,5,5,101,1,"PIX4051=U8_4051R3@X5, PIX4052=U65_4052Mux3@S0B, DG4051=U53_DAC_LV1@X7 nEN=L, U52=LV1-pin1 FMC_A0A1A2=101"
881,3,J2_JB3,36,0x15B,101011011,347,3,1,1,5,1,100,0,"PIX4051=U32_4051L3@X5, PIX4052=U67_4052Mux2@S1A, DG4051=U50_DAC_LV1@X3 nEN=H, U52=LV1-pin7 FMC_A0A1A2=100"
882,3,J2_JB3,37,0x1C7,111000111,455,7,0,0,7,5,101,1,"PIX4051=U8_4051R3@X7, PIX4052=U65_4052Mux3@S0B, DG4051=U53_DAC_LV1@X7 nEN=L, U52=LV1-pin1 FMC_A0A1A2=101"
883,3,J2_JB3,38,0x1DB,111011011,475,3,1,1,7,1,100,0,"PIX4051=U32_4051L3@X7, PIX4052=U67_4052Mux2@S1A, DG4051=U50_DAC_LV1@X3 nEN=H, U52=LV1-pin7 FMC_A0A1A2=100"
884,3,J2_JB3,39,0x107,100000111,263,7,0,0,4,5,101,1,"PIX4051=U8_4051R3@X4, PIX4052=U65_4052Mux3@S0B, DG4051=U53_DAC_LV1@X7 nEN=L, U52=LV1-pin1 FMC_A0A1A2=101"
885,3,J2_JB3,40,0x11B,100011011,283,3,1,1,4,1,100,0,"PIX4051=U32_4051L3@X4, PIX4052=U67_4052Mux2@S1A, DG4051=U50_DAC_LV1@X3 nEN=H, U52=LV1-pin7 FMC_A0A1A2=100"
886,3,J2_JB3,41,0x187,110000111,391,7,0,0,6,5,101,1,"PIX4051=U8_4051R3@X6, PIX4052=U65_4052Mux3@S0B, DG4051=U53_DAC_LV1@X7 nEN=L, U52=LV1-pin1 FMC_A0A1A2=101"
887,3,J2_JB3,42,0x19B,110011011,411,3,1,1,6,1,100,0,"PIX4051=U32_4051L3@X6, PIX4052=U67_4052Mux2@S1A, DG4051=U50_DAC_LV1@X3 nEN=H, U52=LV1-pin7 FMC_A0A1A2=100"
888,3,J2_JB3,43,0x047,001000111,71,7,0,0,1,5,101,1,"PIX4051=U8_4051R3@X1, PIX4052=U65_4052Mux3@S0B, DG4051=U53_DAC_LV1@X7 nEN=L, U52=LV1-pin1 FMC_A0A1A2=101"
889,3,J2_JB3,44,0x05B,001011011,91,3,1,1,1,1,100,0,"PIX4051=U32_4051L3@X1, PIX4052=U67_4052Mux2@S1A, DG4051=U50_DAC_LV1@X3 nEN=H, U52=LV1-pin7 FMC_A0A1A2=100"
890,3,J2_JB3,45,0x087,010000111,135,7,0,0,2,5,101,1,"PIX4051=U8_4051R3@X2, PIX4052=U65_4052Mux3@S0B, DG4051=U53_DAC_LV1@X7 nEN=L, U52=LV1-pin1 FMC_A0A1A2=101"
891,3,J2_JB3,46,0x09B,010011011,155,3,1,1,2,1,100,0,"PIX4051=U32_4051L3@X2, PIX4052=U67_4052Mux2@S1A, DG4051=U50_DAC_LV1@X3 nEN=H, U52=LV1-pin7 FMC_A0A1A2=100"
892,3,J2_JB3,47,0x007,000000111,7,7,0,0,0,5,101,1,"PIX4051=U8_4051R3@X0, PIX4052=U65_4052Mux3@S0B, DG4051=U53_DAC_LV1@X7 nEN=L, U52=LV1-pin1 FMC_A0A1A2=101"
893,3,J2_JB3,48,0x01B,000011011,27,3,1,1,0,1,100,0,"PIX4051=U32_4051L3@X0, PIX4052=U67_4052Mux2@S1A, DG4051=U50_DAC_LV1@X3 nEN=H, U52=LV1-pin7 FMC_A0A1A2=100"
894,3,J2_JB3,49,0x0C7,011000111,199,7,0,0,3,5,101,1,"PIX4051=U8_4051R3@X3, PIX4052=U65_4052Mux3@S0B, DG4051=U53_DAC_LV1@X7 nEN=L, U52=LV1-pin1 FMC_A0A1A2=101"
895,3,J2_JB3,50,0x0DB,011011011,219,3,1,1,3,1,100,0,"PIX4051=U32_4051L3@X3, PIX4052=U67_4052Mux2@S1A, DG4051=U50_DAC_LV1@X3 nEN=H, U52=LV1-pin7 FMC_A0A1A2=100"
896,3,J2_JB3,51,0x155,101010101,341,5,0,1,5,5,101,1,"PIX4051=U9_4051R3@X5, PIX4052=U65_4052Mux3@S1A, DG4051=U53_DAC_LV1@X5 nEN=L, U52=LV1-pin1 FMC_A0A1A2=101"
897,3,J2_JB3,52,0x148,101001000,328,0,1,0,5,1,100,0,"PIX4051=U33_4051L3@X5, PIX4052=U67_4052Mux2@S0B, DG4051=U50_DAC_LV1@X0 nEN=H, U52=LV1-pin7 FMC_A0A1A2=100"
898,3,J2_JB3,53,0x1D5,111010101,469,5,0,1,7,5,101,1,"PIX4051=U9_4051R3@X7, PIX4052=U65_4052Mux3@S1A, DG4051=U53_DAC_LV1@X5 nEN=L, U52=LV1-pin1 FMC_A0A1A2=101"
899,3,J2_JB3,54,0x1C8,111001000,456,0,1,0,7,1,100,0,"PIX4051=U33_4051L3@X7, PIX4052=U67_4052Mux2@S0B, DG4051=U50_DAC_LV1@X0 nEN=H, U52=LV1-pin7 FMC_A0A1A2=100"
900,3,J2_JB3,55,0x115,100010101,277,5,0,1,4,5,101,1,"PIX4051=U9_4051R3@X4, PIX4052=U65_4052Mux3@S1A, DG4051=U53_DAC_LV1@X5 nEN=L, U52=LV1-pin1 FMC_A0A1A2=101"
901,3,J2_JB3,56,0x108,100001000,264,0,1,0,4,1,100,0,"PIX4051=U33_4051L3@X4, PIX4052=U67_4052Mux2@S0B, DG4051=U50_DAC_LV1@X0 nEN=H, U52=LV1-pin7 FMC_A0A1A2=100"
902,3,J2_JB3,57,0x195,110010101,405,5,0,1,6,5,101,1,"PIX4051=U9_4051R3@X6, PIX4052=U65_4052Mux3@S1A, DG4051=U53_DAC_LV1@X5 nEN=L, U52=LV1-pin1 FMC_A0A1A2=101"
903,3,J2_JB3,58,0x188,110001000,392,0,1,0,6,1,100,0,"PIX4051=U33_4051L3@X6, PIX4052=U67_4052Mux2@S0B, DG4051=U50_DAC_LV1@X0 nEN=H, U52=LV1-pin7 FMC_A0A1A2=100"
904,3,J2_JB3,59,0x055,001010101,85,5,0,1,1,5,101,1,"PIX4051=U9_4051R3@X1, PIX4052=U65_4052Mux3@S1A, DG4051=U53_DAC_LV1@X5 nEN=L, U52=LV1-pin1 FMC_A0A1A2=101"
905,3,J2_JB3,60,0x048,001001000,72,0,1,0,1,1,100,0,"PIX4051=U33_4051L3@X1, PIX4052=U67_4052Mux2@S0B, DG4051=U50_DAC_LV1@X0 nEN=H, U52=LV1-pin7 FMC_A0A1A2=100"
906,3,J2_JB3,61,0x095,010010101,149,5,0,1,2,5,101,1,"PIX4051=U9_4051R3@X2, PIX4052=U65_4052Mux3@S1A, DG4051=U53_DAC_LV1@X5 nEN=L, U52=LV1-pin1 FMC_A0A1A2=101"
907,3,J2_JB3,62,0x088,010001000,136,0,1,0,2,1,100,0,"PIX4051=U33_4051L3@X2, PIX4052=U67_4052Mux2@S0B, DG4051=U50_DAC_LV1@X0 nEN=H, U52=LV1-pin7 FMC_A0A1A2=100"
908,3,J2_JB3,63,0x015,000010101,21,5,0,1,0,5,101,1,"PIX4051=U9_4051R3@X0, PIX4052=U65_4052Mux3@S1A, DG4051=U53_DAC_LV1@X5 nEN=L, U52=LV1-pin1 FMC_A0A1A2=101"
909,3,J2_JB3,64,0x008,000001000,8,0,1,0,0,1,100,0,"PIX4051=U33_4051L3@X0, PIX4052=U67_4052Mux2@S0B, DG4051=U50_DAC_LV1@X0 nEN=H, U52=LV1-pin7 FMC_A0A1A2=100"
910,3,J2_JB3,65,0x0D5,011010101,213,5,0,1,3,5,101,1,"PIX4051=U9_4051R3@X3, PIX4052=U65_4052Mux3@S1A, DG4051=U53_DAC_LV1@X5 nEN=L, U52=LV1-pin1 FMC_A0A1A2=101"
911,3,J2_JB3,66,0x0C8,011001000,200,0,1,0,3,1,100,0,"PIX4051=U33_4051L3@X3, PIX4052=U67_4052Mux2@S0B, DG4051=U50_DAC_LV1@X0 nEN=H, U52=LV1-pin7 FMC_A0A1A2=100"
912,3,J2_JB3,67,0x145,101000101,325,5,0,0,5,5,101,1,"PIX4051=U10_4051R3@X5, PIX4052=U65_4052Mux3@S0A, DG4051=U53_DAC_LV1@X5 nEN=L, U52=LV1-pin1 FMC_A0A1A2=101"
913,3,J2_JB3,68,0x158,101011000,344,0,1,1,5,1,100,0,"PIX4051=U34_4051L3@X5, PIX4052=U67_4052Mux2@S1B, DG4051=U50_DAC_LV1@X0 nEN=H, U52=LV1-pin7 FMC_A0A1A2=100"
914,3,J2_JB3,69,0x1C5,111000101,453,5,0,0,7,5,101,1,"PIX4051=U10_4051R3@X7, PIX4052=U65_4052Mux3@S0A, DG4051=U53_DAC_LV1@X5 nEN=L, U52=LV1-pin1 FMC_A0A1A2=101"
915,3,J2_JB3,70,0x1D8,111011000,472,0,1,1,7,1,100,0,"PIX4051=U34_4051L3@X7, PIX4052=U67_4052Mux2@S1B, DG4051=U50_DAC_LV1@X0 nEN=H, U52=LV1-pin7 FMC_A0A1A2=100"
916,3,J2_JB3,71,0x105,100000101,261,5,0,0,4,5,101,1,"PIX4051=U10_4051R3@X4, PIX4052=U65_4052Mux3@S0A, DG4051=U53_DAC_LV1@X5 nEN=L, U52=LV1-pin1 FMC_A0A1A2=101"
917,3,J2_JB3,72,0x118,100011000,280,0,1,1,4,1,100,0,"PIX4051=U34_4051L3@X4, PIX4052=U67_4052Mux2@S1B, DG4051=U50_DAC_LV1@X0 nEN=H, U52=LV1-pin7 FMC_A0A1A2=100"
918,3,J2_JB3,73,0x185,110000101,389,5,0,0,6,5,101,1,"PIX4051=U10_4051R3@X6, PIX4052=U65_4052Mux3@S0A, DG4051=U53_DAC_LV1@X5 nEN=L, U52=LV1-pin1 FMC_A0A1A2=101"
919,3,J2_JB3,74,0x198,110011000,408,0,1,1,6,1,100,0,"PIX4051=U34_4051L3@X6, PIX4052=U67_4052Mux2@S1B, DG4051=U50_DAC_LV1@X0 nEN=H, U52=LV1-pin7 FMC_A0A1A2=100"
920,3,J2_JB3,75,0x045,001000101,69,5,0,0,1,5,101,1,"PIX4051=U10_4051R3@X1, PIX4052=U65_4052Mux3@S0A, DG4051=U53_DAC_LV1@X5 nEN=L, U52=LV1-pin1 FMC_A0A1A2=101"
921,3,J2_JB3,76,0x058,001011000,88,0,1,1,1,1,100,0,"PIX4051=U34_4051L3@X1, PIX4052=U67_4052Mux2@S1B, DG4051=U50_DAC_LV1@X0 nEN=H, U52=LV1-pin7 FMC_A0A1A2=100"
922,3,J2_JB11,1,0x085,010000101,133,5,0,0,2,5,101,1,"PIX4051=U10_4051R3@X2, PIX4052=U65_4052Mux3@S0A, DG4051=U53_DAC_LV1@X5 nEN=L, U52=LV1-pin1 FMC_A0A1A2=101"
923,3,J2_JB11,2,0x098,010011000,152,0,1,1,2,1,100,0,"PIX4051=U34_4051L3@X2, PIX4052=U67_4052Mux2@S1B, DG4051=U50_DAC_LV1@X0 nEN=H, U52=LV1-pin7 FMC_A0A1A2=100"
924,3,J2_JB11,3,0x005,000000101,5,5,0,0,0,5,101,1,"PIX4051=U10_4051R3@X0, PIX4052=U65_4052Mux3@S0A, DG4051=U53_DAC_LV1@X5 nEN=L, U52=LV1-pin1 FMC_A0A1A2=101"
925,3,J2_JB11,4,0x018,000011000,24,0,1,1,0,1,100,0,"PIX4051=U34_4051L3@X0, PIX4052=U67_4052Mux2@S1B, DG4051=U50_DAC_LV1@X0 nEN=H, U52=LV1-pin7 FMC_A0A1A2=100"
926,3,J2_JB11,5,0x0C5,011000101,197,5,0,0,3,5,101,1,"PIX4051=U10_4051R3@X3, PIX4052=U65_4052Mux3@S0A, DG4051=U53_DAC_LV1@X5 nEN=L, U52=LV1-pin1 FMC_A0A1A2=101"
927,3,J2_JB11,6,0x0D8,011011000,216,0,1,1,3,1,100,0,"PIX4051=U34_4051L3@X3, PIX4052=U67_4052Mux2@S1B, DG4051=U50_DAC_LV1@X0 nEN=H, U52=LV1-pin7 FMC_A0A1A2=100"
928,3,J2_JB11,7,0x15A,101011010,346,2,1,1,5,1,100,0,"PIX4051=U11_4051R3@X5, PIX4052=U68_4052Mux2@S1B, DG4051=U50_DAC_LV1@X2 nEN=H, U52=LV1-pin7 FMC_A0A1A2=100"
929,3,J2_JB11,8,0x149,101001001,329,1,1,0,5,1,100,0,"PIX4051=U35_4051L3@X5, PIX4052=U68_4052Mux2@S0A, DG4051=U50_DAC_LV1@X1 nEN=H, U52=LV1-pin7 FMC_A0A1A2=100"
930,3,J2_JB11,9,0x1DA,111011010,474,2,1,1,7,1,100,0,"PIX4051=U11_4051R3@X7, PIX4052=U68_4052Mux2@S1B, DG4051=U50_DAC_LV1@X2 nEN=H, U52=LV1-pin7 FMC_A0A1A2=100"
931,3,J2_JB11,10,0x1C9,111001001,457,1,1,0,7,1,100,0,"PIX4051=U35_4051L3@X7, PIX4052=U68_4052Mux2@S0A, DG4051=U50_DAC_LV1@X1 nEN=H, U52=LV1-pin7 FMC_A0A1A2=100"
932,3,J2_JB11,11,0x11A,100011010,282,2,1,1,4,1,100,0,"PIX4051=U11_4051R3@X4, PIX4052=U68_4052Mux2@S1B, DG4051=U50_DAC_LV1@X2 nEN=H, U52=LV1-pin7 FMC_A0A1A2=100"
933,3,J2_JB11,12,0x109,100001001,265,1,1,0,4,1,100,0,"PIX4051=U35_4051L3@X4, PIX4052=U68_4052Mux2@S0A, DG4051=U50_DAC_LV1@X1 nEN=H, U52=LV1-pin7 FMC_A0A1A2=100"
934,3,J2_JB11,13,0x19A,110011010,410,2,1,1,6,1,100,0,"PIX4051=U11_4051R3@X6, PIX4052=U68_4052Mux2@S1B, DG4051=U50_DAC_LV1@X2 nEN=H, U52=LV1-pin7 FMC_A0A1A2=100"
935,3,J2_JB11,14,0x189,110001001,393,1,1,0,6,1,100,0,"PIX4051=U35_4051L3@X6, PIX4052=U68_4052Mux2@S0A, DG4051=U50_DAC_LV1@X1 nEN=H, U52=LV1-pin7 FMC_A0A1A2=100"
936,3,J2_JB11,15,0x05A,001011010,90,2,1,1,1,1,100,0,"PIX4051=U11_4051R3@X1, PIX4052=U68_4052Mux2@S1B, DG4051=U50_DAC_LV1@X2 nEN=H, U52=LV1-pin7 FMC_A0A1A2=100"
937,3,J2_JB11,16,0x049,001001001,73,1,1,0,1,1,100,0,"PIX4051=U35_4051L3@X1, PIX4052=U68_4052Mux2@S0A, DG4051=U50_DAC_LV1@X1 nEN=H, U52=LV1-pin7 FMC_A0A1A2=100"
938,3,J2_JB11,17,0x09A,010011010,154,2,1,1,2,1,100,0,"PIX4051=U11_4051R3@X2, PIX4052=U68_4052Mux2@S1B, DG4051=U50_DAC_LV1@X2 nEN=H, U52=LV1-pin7 FMC_A0A1A2=100"
939,3,J2_JB11,18,0x089,010001001,137,1,1,0,2,1,100,0,"PIX4051=U35_4051L3@X2, PIX4052=U68_4052Mux2@S0A, DG4051=U50_DAC_LV1@X1 nEN=H, U52=LV1-pin7 FMC_A0A1A2=100"
940,3,J2_JB11,19,0x01A,000011010,26,2,1,1,0,1,100,0,"PIX4051=U11_4051R3@X0, PIX4052=U68_4052Mux2@S1B, DG4051=U50_DAC_LV1@X2 nEN=H, U52=LV1-pin7 FMC_A0A1A2=100"
941,3,J2_JB11,20,0x009,000001001,9,1,1,0,0,1,100,0,"PIX4051=U35_4051L3@X0, PIX4052=U68_4052Mux2@S0A, DG4051=U50_DAC_LV1@X1 nEN=H, U52=LV1-pin7 FMC_A0A1A2=100"
942,3,J2_JB11,21,0x0DA,011011010,218,2,1,1,3,1,100,0,"PIX4051=U11_4051R3@X3, PIX4052=U68_4052Mux2@S1B, DG4051=U50_DAC_LV1@X2 nEN=H, U52=LV1-pin7 FMC_A0A1A2=100"
943,3,J2_JB11,22,0x0C9,011001001,201,1,1,0,3,1,100,0,"PIX4051=U35_4051L3@X3, PIX4052=U68_4052Mux2@S0A, DG4051=U50_DAC_LV1@X1 nEN=H, U52=LV1-pin7 FMC_A0A1A2=100"
944,3,J2_JB11,23,0x14A,101001010,330,2,1,0,5,1,100,0,"PIX4051=U12_4051R3@X5, PIX4052=U68_4052Mux2@S0B, DG4051=U50_DAC_LV1@X2 nEN=H, U52=LV1-pin7 FMC_A0A1A2=100"
945,3,J2_JB11,24,0x159,101011001,345,1,1,1,5,1,100,0,"PIX4051=U36_4051L3@X5, PIX4052=U68_4052Mux2@S1A, DG4051=U50_DAC_LV1@X1 nEN=H, U52=LV1-pin7 FMC_A0A1A2=100"
946,3,J2_JB11,25,0x1CA,111001010,458,2,1,0,7,1,100,0,"PIX4051=U12_4051R3@X7, PIX4052=U68_4052Mux2@S0B, DG4051=U50_DAC_LV1@X2 nEN=H, U52=LV1-pin7 FMC_A0A1A2=100"
947,3,J2_JB11,26,0x1D9,111011001,473,1,1,1,7,1,100,0,"PIX4051=U36_4051L3@X7, PIX4052=U68_4052Mux2@S1A, DG4051=U50_DAC_LV1@X1 nEN=H, U52=LV1-pin7 FMC_A0A1A2=100"
948,3,J2_JB11,27,0x10A,100001010,266,2,1,0,4,1,100,0,"PIX4051=U12_4051R3@X4, PIX4052=U68_4052Mux2@S0B, DG4051=U50_DAC_LV1@X2 nEN=H, U52=LV1-pin7 FMC_A0A1A2=100"
949,3,J2_JB11,28,0x119,100011001,281,1,1,1,4,1,100,0,"PIX4051=U36_4051L3@X4, PIX4052=U68_4052Mux2@S1A, DG4051=U50_DAC_LV1@X1 nEN=H, U52=LV1-pin7 FMC_A0A1A2=100"
950,3,J2_JB11,29,0x18A,110001010,394,2,1,0,6,1,100,0,"PIX4051=U12_4051R3@X6, PIX4052=U68_4052Mux2@S0B, DG4051=U50_DAC_LV1@X2 nEN=H, U52=LV1-pin7 FMC_A0A1A2=100"
951,3,J2_JB11,30,0x199,110011001,409,1,1,1,6,1,100,0,"PIX4051=U36_4051L3@X6, PIX4052=U68_4052Mux2@S1A, DG4051=U50_DAC_LV1@X1 nEN=H, U52=LV1-pin7 FMC_A0A1A2=100"
952,3,J2_JB11,31,0x04A,001001010,74,2,1,0,1,1,100,0,"PIX4051=U12_4051R3@X1, PIX4052=U68_4052Mux2@S0B, DG4051=U50_DAC_LV1@X2 nEN=H, U52=LV1-pin7 FMC_A0A1A2=100"
953,3,J2_JB11,32,0x059,001011001,89,1,1,1,1,1,100,0,"PIX4051=U36_4051L3@X1, PIX4052=U68_4052Mux2@S1A, DG4051=U50_DAC_LV1@X1 nEN=H, U52=LV1-pin7 FMC_A0A1A2=100"
954,3,J2_JB11,33,0x08A,010001010,138,2,1,0,2,1,100,0,"PIX4051=U12_4051R3@X2, PIX4052=U68_4052Mux2@S0B, DG4051=U50_DAC_LV1@X2 nEN=H, U52=LV1-pin7 FMC_A0A1A2=100"
955,3,J2_JB11,34,0x099,010011001,153,1,1,1,2,1,100,0,"PIX4051=U36_4051L3@X2, PIX4052=U68_4052Mux2@S1A, DG4051=U50_DAC_LV1@X1 nEN=H, U52=LV1-pin7 FMC_A0A1A2=100"
956,3,J2_JB11,35,0x00A,000001010,10,2,1,0,0,1,100,0,"PIX4051=U12_4051R3@X0, PIX4052=U68_4052Mux2@S0B, DG4051=U50_DAC_LV1@X2 nEN=H, U52=LV1-pin7 FMC_A0A1A2=100"
957,3,J2_JB11,36,0x019,000011001,25,1,1,1,0,1,100,0,"PIX4051=U36_4051L3@X0, PIX4052=U68_4052Mux2@S1A, DG4051=U50_DAC_LV1@X1 nEN=H, U52=LV1-pin7 FMC_A0A1A2=100"
958,3,J2_JB11,37,0x0CA,011001010,202,2,1,0,3,1,100,0,"PIX4051=U12_4051R3@X3, PIX4052=U68_4052Mux2@S0B, DG4051=U50_DAC_LV1@X2 nEN=H, U52=LV1-pin7 FMC_A0A1A2=100"
959,3,J2_JB11,38,0x0D9,011011001,217,1,1,1,3,1,100,0,"PIX4051=U36_4051L3@X3, PIX4052=U68_4052Mux2@S1A, DG4051=U50_DAC_LV1@X1 nEN=H, U52=LV1-pin7 FMC_A0A1A2=100"
960,3,J2_JB11,39,0x16A,101101010,362,2,1,2,5,3,110,4,"PIX4051=U13_4051R3@X5, PIX4052=U65_4052Mux8@S2A, DG4051=U50_DAC_LV3@X2 nEN=H, U52=LV3-pin7 FMC_A0A1A2=110"
961,3,J2_JB11,40,0x169,101101001,361,1,1,2,5,3,110,4,"PIX4051=U37_4051L3@X5, PIX4052=U65_4052Mux8@S2B, DG4051=U50_DAC_LV3@X1 nEN=H, U52=LV3-pin7 FMC_A0A1A2=110"
962,3,J2_JB11,41,0x1EA,111101010,490,2,1,2,7,3,110,4,"PIX4051=U13_4051R3@X7, PIX4052=U65_4052Mux8@S2A, DG4051=U50_DAC_LV3@X2 nEN=H, U52=LV3-pin7 FMC_A0A1A2=110"
963,3,J2_JB11,42,0x1E9,111101001,489,1,1,2,7,3,110,4,"PIX4051=U37_4051L3@X7, PIX4052=U65_4052Mux8@S2B, DG4051=U50_DAC_LV3@X1 nEN=H, U52=LV3-pin7 FMC_A0A1A2=110"
964,3,J2_JB11,43,0x12A,100101010,298,2,1,2,4,3,110,4,"PIX4051=U13_4051R3@X4, PIX4052=U65_4052Mux8@S2A, DG4051=U50_DAC_LV3@X2 nEN=H, U52=LV3-pin7 FMC_A0A1A2=110"
965,3,J2_JB11,44,0x129,100101001,297,1,1,2,4,3,110,4,"PIX4051=U37_4051L3@X4, PIX4052=U65_4052Mux8@S2B, DG4051=U50_DAC_LV3@X1 nEN=H, U52=LV3-pin7 FMC_A0A1A2=110"
966,3,J2_JB11,45,0x1AA,110101010,426,2,1,2,6,3,110,4,"PIX4051=U13_4051R3@X6, PIX4052=U65_4052Mux8@S2A, DG4051=U50_DAC_LV3@X2 nEN=H, U52=LV3-pin7 FMC_A0A1A2=110"
967,3,J2_JB11,46,0x1A9,110101001,425,1,1,2,6,3,110,4,"PIX4051=U37_4051L3@X6, PIX4052=U65_4052Mux8@S2B, DG4051=U50_DAC_LV3@X1 nEN=H, U52=LV3-pin7 FMC_A0A1A2=110"
968,3,J2_JB11,47,0x06A,001101010,106,2,1,2,1,3,110,4,"PIX4051=U13_4051R3@X1, PIX4052=U65_4052Mux8@S2A, DG4051=U50_DAC_LV3@X2 nEN=H, U52=LV3-pin7 FMC_A0A1A2=110"
969,3,J2_JB11,48,0x069,001101001,105,1,1,2,1,3,110,4,"PIX4051=U37_4051L3@X1, PIX4052=U65_4052Mux8@S2B, DG4051=U50_DAC_LV3@X1 nEN=H, U52=LV3-pin7 FMC_A0A1A2=110"
970,3,J2_JB11,49,0x0AA,010101010,170,2,1,2,2,3,110,4,"PIX4051=U13_4051R3@X2, PIX4052=U65_4052Mux8@S2A, DG4051=U50_DAC_LV3@X2 nEN=H, U52=LV3-pin7 FMC_A0A1A2=110"
971,3,J2_JB11,50,0x0A9,010101001,169,1,1,2,2,3,110,4,"PIX4051=U37_4051L3@X2, PIX4052=U65_4052Mux8@S2B, DG4051=U50_DAC_LV3@X1 nEN=H, U52=LV3-pin7 FMC_A0A1A2=110"
972,3,J2_JB11,51,0x02A,000101010,42,2,1,2,0,3,110,4,"PIX4051=U13_4051R3@X0, PIX4052=U65_4052Mux8@S2A, DG4051=U50_DAC_LV3@X2 nEN=H, U52=LV3-pin7 FMC_A0A1A2=110"
973,3,J2_JB11,52,0x029,000101001,41,1,1,2,0,3,110,4,"PIX4051=U37_4051L3@X0, PIX4052=U65_4052Mux8@S2B, DG4051=U50_DAC_LV3@X1 nEN=H, U52=LV3-pin7 FMC_A0A1A2=110"
974,3,J2_JB11,53,0x0EA,011101010,234,2,1,2,3,3,110,4,"PIX4051=U13_4051R3@X3, PIX4052=U65_4052Mux8@S2A, DG4051=U50_DAC_LV3@X2 nEN=H, U52=LV3-pin7 FMC_A0A1A2=110"
975,3,J2_JB11,54,0x0E9,011101001,233,1,1,2,3,3,110,4,"PIX4051=U37_4051L3@X3, PIX4052=U65_4052Mux8@S2B, DG4051=U50_DAC_LV3@X1 nEN=H, U52=LV3-pin7 FMC_A0A1A2=110"
976,3,J2_JB11,55,0x17A,101111010,378,2,1,3,5,3,110,4,"PIX4051=U14_4051R3@X5, PIX4052=U65_4052Mux8@S3A, DG4051=U50_DAC_LV3@X2 nEN=H, U52=LV3-pin7 FMC_A0A1A2=110"
977,3,J2_JB11,56,0x179,101111001,377,1,1,3,5,3,110,4,"PIX4051=U38_4051L3@X5, PIX4052=U65_4052Mux8@S3B, DG4051=U50_DAC_LV3@X1 nEN=H, U52=LV3-pin7 FMC_A0A1A2=110"
978,3,J2_JB11,57,0x1FA,111111010,506,2,1,3,7,3,110,4,"PIX4051=U14_4051R3@X7, PIX4052=U65_4052Mux8@S3A, DG4051=U50_DAC_LV3@X2 nEN=H, U52=LV3-pin7 FMC_A0A1A2=110"
979,3,J2_JB11,58,0x1F9,111111001,505,1,1,3,7,3,110,4,"PIX4051=U38_4051L3@X7, PIX4052=U65_4052Mux8@S3B, DG4051=U50_DAC_LV3@X1 nEN=H, U52=LV3-pin7 FMC_A0A1A2=110"
980,3,J2_JB11,59,0x13A,100111010,314,2,1,3,4,3,110,4,"PIX4051=U14_4051R3@X4, PIX4052=U65_4052Mux8@S3A, DG4051=U50_DAC_LV3@X2 nEN=H, U52=LV3-pin7 FMC_A0A1A2=110"
981,3,J2_JB11,60,0x139,100111001,313,1,1,3,4,3,110,4,"PIX4051=U38_4051L3@X4, PIX4052=U65_4052Mux8@S3B, DG4051=U50_DAC_LV3@X1 nEN=H, U52=LV3-pin7 FMC_A0A1A2=110"
982,3,J2_JB11,61,0x1BA,110111010,442,2,1,3,6,3,110,4,"PIX4051=U14_4051R3@X6, PIX4052=U65_4052Mux8@S3A, DG4051=U50_DAC_LV3@X2 nEN=H, U52=LV3-pin7 FMC_A0A1A2=110"
983,3,J2_JB11,62,0x1B9,110111001,441,1,1,3,6,3,110,4,"PIX4051=U38_4051L3@X6, PIX4052=U65_4052Mux8@S3B, DG4051=U50_DAC_LV3@X1 nEN=H, U52=LV3-pin7 FMC_A0A1A2=110"
984,3,J2_JB11,63,0x07A,001111010,122,2,1,3,1,3,110,4,"PIX4051=U14_4051R3@X1, PIX4052=U65_4052Mux8@S3A, DG4051=U50_DAC_LV3@X2 nEN=H, U52=LV3-pin7 FMC_A0A1A2=110"
985,3,J2_JB11,64,0x079,001111001,121,1,1,3,1,3,110,4,"PIX4051=U38_4051L3@X1, PIX4052=U65_4052Mux8@S3B, DG4051=U50_DAC_LV3@X1 nEN=H, U52=LV3-pin7 FMC_A0A1A2=110"
986,3,J2_JB11,65,0x0BA,010111010,186,2,1,3,2,3,110,4,"PIX4051=U14_4051R3@X2, PIX4052=U65_4052Mux8@S3A, DG4051=U50_DAC_LV3@X2 nEN=H, U52=LV3-pin7 FMC_A0A1A2=110"
987,3,J2_JB11,66,0x0B9,010111001,185,1,1,3,2,3,110,4,"PIX4051=U38_4051L3@X2, PIX4052=U65_4052Mux8@S3B, DG4051=U50_DAC_LV3@X1 nEN=H, U52=LV3-pin7 FMC_A0A1A2=110"
988,3,J2_JB11,67,0x03A,000111010,58,2,1,3,0,3,110,4,"PIX4051=U14_4051R3@X0, PIX4052=U65_4052Mux8@S3A, DG4051=U50_DAC_LV3@X2 nEN=H, U52=LV3-pin7 FMC_A0A1A2=110"
989,3,J2_JB11,68,0x039,000111001,57,1,1,3,0,3,110,4,"PIX4051=U38_4051L3@X0, PIX4052=U65_4052Mux8@S3B, DG4051=U50_DAC_LV3@X1 nEN=H, U52=LV3-pin7 FMC_A0A1A2=110"
990,3,J2_JB11,69,0x0FA,011111010,250,2,1,3,3,3,110,4,"PIX4051=U14_4051R3@X3, PIX4052=U65_4052Mux8@S3A, DG4051=U50_DAC_LV3@X2 nEN=H, U52=LV3-pin7 FMC_A0A1A2=110"
991,3,J2_JB11,70,0x0F9,011111001,249,1,1,3,3,3,110,4,"PIX4051=U38_4051L3@X3, PIX4052=U65_4052Mux8@S3B, DG4051=U50_DAC_LV3@X1 nEN=H, U52=LV3-pin7 FMC_A0A1A2=110"
992,3,J2_JB11,71,0x175,101110101,373,5,0,3,5,7,111,5,"PIX4051=U15_4051R3@X5, PIX4052=U68_4052Mux9@S3B, DG4051=U53_DAC_LV3@X5 nEN=L, U52=LV3-pin1 FMC_A0A1A2=111"
993,3,J2_JB11,72,0x178,101111000,376,0,1,3,5,3,110,4,"PIX4051=U39_4051L3@X5, PIX4052=U66_4052Mux8@S3A, DG4051=U50_DAC_LV3@X0 nEN=H, U52=LV3-pin7 FMC_A0A1A2=110"
994,3,J2_JB11,73,0x1F5,111110101,501,5,0,3,7,7,111,5,"PIX4051=U15_4051R3@X7, PIX4052=U68_4052Mux9@S3B, DG4051=U53_DAC_LV3@X5 nEN=L, U52=LV3-pin1 FMC_A0A1A2=111"
995,3,J2_JB11,74,0x1F8,111111000,504,0,1,3,7,3,110,4,"PIX4051=U39_4051L3@X7, PIX4052=U66_4052Mux8@S3A, DG4051=U50_DAC_LV3@X0 nEN=H, U52=LV3-pin7 FMC_A0A1A2=110"
996,3,J2_JB11,75,0x135,100110101,309,5,0,3,4,7,111,5,"PIX4051=U15_4051R3@X4, PIX4052=U68_4052Mux9@S3B, DG4051=U53_DAC_LV3@X5 nEN=L, U52=LV3-pin1 FMC_A0A1A2=111"
997,3,J2_JB11,76,0x138,100111000,312,0,1,3,4,3,110,4,"PIX4051=U39_4051L3@X4, PIX4052=U66_4052Mux8@S3A, DG4051=U50_DAC_LV3@X0 nEN=H, U52=LV3-pin7 FMC_A0A1A2=110"
998,3,J2_JB19,1,0x1B5,110110101,437,5,0,3,6,7,111,5,"PIX4051=U15_4051R3@X6, PIX4052=U68_4052Mux9@S3B, DG4051=U53_DAC_LV3@X5 nEN=L, U52=LV3-pin1 FMC_A0A1A2=111"
999,3,J2_JB19,2,0x1B8,110111000,440,0,1,3,6,3,110,4,"PIX4051=U39_4051L3@X6, PIX4052=U66_4052Mux8@S3A, DG4051=U50_DAC_LV3@X0 nEN=H, U52=LV3-pin7 FMC_A0A1A2=110"
1000,3,J2_JB19,3,0x075,001110101,117,5,0,3,1,7,111,5,"PIX4051=U15_4051R3@X1, PIX4052=U68_4052Mux9@S3B, DG4051=U53_DAC_LV3@X5 nEN=L, U52=LV3-pin1 FMC_A0A1A2=111"
1001,3,J2_JB19,4,0x078,001111000,120,0,1,3,1,3,110,4,"PIX4051=U39_4051L3@X1, PIX4052=U66_4052Mux8@S3A, DG4051=U50_DAC_LV3@X0 nEN=H, U52=LV3-pin7 FMC_A0A1A2=110"
1002,3,J2_JB19,5,0x0B5,010110101,181,5,0,3,2,7,111,5,"PIX4051=U15_4051R3@X2, PIX4052=U68_4052Mux9@S3B, DG4051=U53_DAC_LV3@X5 nEN=L, U52=LV3-pin1 FMC_A0A1A2=111"
1003,3,J2_JB19,6,0x0B8,010111000,184,0,1,3,2,3,110,4,"PIX4051=U39_4051L3@X2, PIX4052=U66_4052Mux8@S3A, DG4051=U50_DAC_LV3@X0 nEN=H, U52=LV3-pin7 FMC_A0A1A2=110"
1004,3,J2_JB19,7,0x035,000110101,53,5,0,3,0,7,111,5,"PIX4051=U15_4051R3@X0, PIX4052=U68_4052Mux9@S3B, DG4051=U53_DAC_LV3@X5 nEN=L, U52=LV3-pin1 FMC_A0A1A2=111"
1005,3,J2_JB19,8,0x038,000111000,56,0,1,3,0,3,110,4,"PIX4051=U39_4051L3@X0, PIX4052=U66_4052Mux8@S3A, DG4051=U50_DAC_LV3@X0 nEN=H, U52=LV3-pin7 FMC_A0A1A2=110"
1006,3,J2_JB19,9,0x0F5,011110101,245,5,0,3,3,7,111,5,"PIX4051=U15_4051R3@X3, PIX4052=U68_4052Mux9@S3B, DG4051=U53_DAC_LV3@X5 nEN=L, U52=LV3-pin1 FMC_A0A1A2=111"
1007,3,J2_JB19,10,0x0F8,011111000,248,0,1,3,3,3,110,4,"PIX4051=U39_4051L3@X3, PIX4052=U66_4052Mux8@S3A, DG4051=U50_DAC_LV3@X0 nEN=H, U52=LV3-pin7 FMC_A0A1A2=110"
1008,3,J2_JB19,11,0x165,101100101,357,5,0,2,5,7,111,5,"PIX4051=U16_4051R3@X5, PIX4052=U68_4052Mux9@S2B, DG4051=U53_DAC_LV3@X5 nEN=L, U52=LV3-pin1 FMC_A0A1A2=111"
1009,3,J2_JB19,12,0x168,101101000,360,0,1,2,5,3,110,4,"PIX4051=U40_4051L3@X5, PIX4052=U66_4052Mux8@S2A, DG4051=U50_DAC_LV3@X0 nEN=H, U52=LV3-pin7 FMC_A0A1A2=110"
1010,3,J2_JB19,13,0x1E5,111100101,485,5,0,2,7,7,111,5,"PIX4051=U16_4051R3@X7, PIX4052=U68_4052Mux9@S2B, DG4051=U53_DAC_LV3@X5 nEN=L, U52=LV3-pin1 FMC_A0A1A2=111"
1011,3,J2_JB19,14,0x1E8,111101000,488,0,1,2,7,3,110,4,"PIX4051=U40_4051L3@X7, PIX4052=U66_4052Mux8@S2A, DG4051=U50_DAC_LV3@X0 nEN=H, U52=LV3-pin7 FMC_A0A1A2=110"
1012,3,J2_JB19,15,0x125,100100101,293,5,0,2,4,7,111,5,"PIX4051=U16_4051R3@X4, PIX4052=U68_4052Mux9@S2B, DG4051=U53_DAC_LV3@X5 nEN=L, U52=LV3-pin1 FMC_A0A1A2=111"
1013,3,J2_JB19,16,0x128,100101000,296,0,1,2,4,3,110,4,"PIX4051=U40_4051L3@X4, PIX4052=U66_4052Mux8@S2A, DG4051=U50_DAC_LV3@X0 nEN=H, U52=LV3-pin7 FMC_A0A1A2=110"
1014,3,J2_JB19,17,0x1A5,110100101,421,5,0,2,6,7,111,5,"PIX4051=U16_4051R3@X6, PIX4052=U68_4052Mux9@S2B, DG4051=U53_DAC_LV3@X5 nEN=L, U52=LV3-pin1 FMC_A0A1A2=111"
1015,3,J2_JB19,18,0x1A8,110101000,424,0,1,2,6,3,110,4,"PIX4051=U40_4051L3@X6, PIX4052=U66_4052Mux8@S2A, DG4051=U50_DAC_LV3@X0 nEN=H, U52=LV3-pin7 FMC_A0A1A2=110"
1016,3,J2_JB19,19,0x065,001100101,101,5,0,2,1,7,111,5,"PIX4051=U16_4051R3@X1, PIX4052=U68_4052Mux9@S2B, DG4051=U53_DAC_LV3@X5 nEN=L, U52=LV3-pin1 FMC_A0A1A2=111"
1017,3,J2_JB19,20,0x068,001101000,104,0,1,2,1,3,110,4,"PIX4051=U40_4051L3@X1, PIX4052=U66_4052Mux8@S2A, DG4051=U50_DAC_LV3@X0 nEN=H, U52=LV3-pin7 FMC_A0A1A2=110"
1018,3,J2_JB19,21,0x0A5,010100101,165,5,0,2,2,7,111,5,"PIX4051=U16_4051R3@X2, PIX4052=U68_4052Mux9@S2B, DG4051=U53_DAC_LV3@X5 nEN=L, U52=LV3-pin1 FMC_A0A1A2=111"
1019,3,J2_JB19,22,0x0A8,010101000,168,0,1,2,2,3,110,4,"PIX4051=U40_4051L3@X2, PIX4052=U66_4052Mux8@S2A, DG4051=U50_DAC_LV3@X0 nEN=H, U52=LV3-pin7 FMC_A0A1A2=110"
1020,3,J2_JB19,23,0x025,000100101,37,5,0,2,0,7,111,5,"PIX4051=U16_4051R3@X0, PIX4052=U68_4052Mux9@S2B, DG4051=U53_DAC_LV3@X5 nEN=L, U52=LV3-pin1 FMC_A0A1A2=111"
1021,3,J2_JB19,24,0x028,000101000,40,0,1,2,0,3,110,4,"PIX4051=U40_4051L3@X0, PIX4052=U66_4052Mux8@S2A, DG4051=U50_DAC_LV3@X0 nEN=H, U52=LV3-pin7 FMC_A0A1A2=110"
1022,3,J2_JB19,25,0x0E5,011100101,229,5,0,2,3,7,111,5,"PIX4051=U16_4051R3@X3, PIX4052=U68_4052Mux9@S2B, DG4051=U53_DAC_LV3@X5 nEN=L, U52=LV3-pin1 FMC_A0A1A2=111"
1023,3,J2_JB19,26,0x0E8,011101000,232,0,1,2,3,3,110,4,"PIX4051=U40_4051L3@X3, PIX4052=U66_4052Mux8@S2A, DG4051=U50_DAC_LV3@X0 nEN=H, U52=LV3-pin7 FMC_A0A1A2=110"
1024,3,J2_JB19,27,0x167,101100111,359,7,0,2,5,7,111,5,"PIX4051=U17_4051R3@X5, PIX4052=U68_4052Mux9@S2A, DG4051=U53_DAC_LV3@X7 nEN=L, U52=LV3-pin1 FMC_A0A1A2=111"
1025,3,J2_JB19,28,0x16B,101101011,363,3,1,2,5,3,110,4,"PIX4051=U41_4051L3@X5, PIX4052=U66_4052Mux8@S2B, DG4051=U50_DAC_LV3@X3 nEN=H, U52=LV3-pin7 FMC_A0A1A2=110"
1026,3,J2_JB19,29,0x1E7,111100111,487,7,0,2,7,7,111,5,"PIX4051=U17_4051R3@X7, PIX4052=U68_4052Mux9@S2A, DG4051=U53_DAC_LV3@X7 nEN=L, U52=LV3-pin1 FMC_A0A1A2=111"
1027,3,J2_JB19,30,0x1EB,111101011,491,3,1,2,7,3,110,4,"PIX4051=U41_4051L3@X7, PIX4052=U66_4052Mux8@S2B, DG4051=U50_DAC_LV3@X3 nEN=H, U52=LV3-pin7 FMC_A0A1A2=110"
1028,3,J2_JB19,31,0x127,100100111,295,7,0,2,4,7,111,5,"PIX4051=U17_4051R3@X4, PIX4052=U68_4052Mux9@S2A, DG4051=U53_DAC_LV3@X7 nEN=L, U52=LV3-pin1 FMC_A0A1A2=111"
1029,3,J2_JB19,32,0x12B,100101011,299,3,1,2,4,3,110,4,"PIX4051=U41_4051L3@X4, PIX4052=U66_4052Mux8@S2B, DG4051=U50_DAC_LV3@X3 nEN=H, U52=LV3-pin7 FMC_A0A1A2=110"
1030,3,J2_JB19,33,0x1A7,110100111,423,7,0,2,6,7,111,5,"PIX4051=U17_4051R3@X6, PIX4052=U68_4052Mux9@S2A, DG4051=U53_DAC_LV3@X7 nEN=L, U52=LV3-pin1 FMC_A0A1A2=111"
1031,3,J2_JB19,34,0x1AB,110101011,427,3,1,2,6,3,110,4,"PIX4051=U41_4051L3@X6, PIX4052=U66_4052Mux8@S2B, DG4051=U50_DAC_LV3@X3 nEN=H, U52=LV3-pin7 FMC_A0A1A2=110"
1032,3,J2_JB19,35,0x067,001100111,103,7,0,2,1,7,111,5,"PIX4051=U17_4051R3@X1, PIX4052=U68_4052Mux9@S2A, DG4051=U53_DAC_LV3@X7 nEN=L, U52=LV3-pin1 FMC_A0A1A2=111"
1033,3,J2_JB19,36,0x06B,001101011,107,3,1,2,1,3,110,4,"PIX4051=U41_4051L3@X1, PIX4052=U66_4052Mux8@S2B, DG4051=U50_DAC_LV3@X3 nEN=H, U52=LV3-pin7 FMC_A0A1A2=110"
1034,3,J2_JB19,37,0x0A7,010100111,167,7,0,2,2,7,111,5,"PIX4051=U17_4051R3@X2, PIX4052=U68_4052Mux9@S2A, DG4051=U53_DAC_LV3@X7 nEN=L, U52=LV3-pin1 FMC_A0A1A2=111"
1035,3,J2_JB19,38,0x0AB,010101011,171,3,1,2,2,3,110,4,"PIX4051=U41_4051L3@X2, PIX4052=U66_4052Mux8@S2B, DG4051=U50_DAC_LV3@X3 nEN=H, U52=LV3-pin7 FMC_A0A1A2=110"
1036,3,J2_JB19,39,0x027,000100111,39,7,0,2,0,7,111,5,"PIX4051=U17_4051R3@X0, PIX4052=U68_4052Mux9@S2A, DG4051=U53_DAC_LV3@X7 nEN=L, U52=LV3-pin1 FMC_A0A1A2=111"
1037,3,J2_JB19,40,0x02B,000101011,43,3,1,2,0,3,110,4,"PIX4051=U41_4051L3@X0, PIX4052=U66_4052Mux8@S2B, DG4051=U50_DAC_LV3@X3 nEN=H, U52=LV3-pin7 FMC_A0A1A2=110"
1038,3,J2_JB19,41,0x0E7,011100111,231,7,0,2,3,7,111,5,"PIX4051=U17_4051R3@X3, PIX4052=U68_4052Mux9@S2A, DG4051=U53_DAC_LV3@X7 nEN=L, U52=LV3-pin1 FMC_A0A1A2=111"
1039,3,J2_JB19,42,0x0EB,011101011,235,3,1,2,3,3,110,4,"PIX4051=U41_4051L3@X3, PIX4052=U66_4052Mux8@S2B, DG4051=U50_DAC_LV3@X3 nEN=H, U52=LV3-pin7 FMC_A0A1A2=110"
1040,3,J2_JB19,43,0x177,101110111,375,7,0,3,5,7,111,5,"PIX4051=U18_4051R3@X5, PIX4052=U68_4052Mux9@S3A, DG4051=U53_DAC_LV3@X7 nEN=L, U52=LV3-pin1 FMC_A0A1A2=111"
1041,3,J2_JB19,44,0x17B,101111011,379,3,1,3,5,3,110,4,"PIX4051=U42_4051L3@X5, PIX4052=U66_4052Mux8@S3B, DG4051=U50_DAC_LV3@X3 nEN=H, U52=LV3-pin7 FMC_A0A1A2=110"
1042,3,J2_JB19,45,0x1F7,111110111,503,7,0,3,7,7,111,5,"PIX4051=U18_4051R3@X7, PIX4052=U68_4052Mux9@S3A, DG4051=U53_DAC_LV3@X7 nEN=L, U52=LV3-pin1 FMC_A0A1A2=111"
1043,3,J2_JB19,46,0x1FB,111111011,507,3,1,3,7,3,110,4,"PIX4051=U42_4051L3@X7, PIX4052=U66_4052Mux8@S3B, DG4051=U50_DAC_LV3@X3 nEN=H, U52=LV3-pin7 FMC_A0A1A2=110"
1044,3,J2_JB19,47,0x137,100110111,311,7,0,3,4,7,111,5,"PIX4051=U18_4051R3@X4, PIX4052=U68_4052Mux9@S3A, DG4051=U53_DAC_LV3@X7 nEN=L, U52=LV3-pin1 FMC_A0A1A2=111"
1045,3,J2_JB19,48,0x13B,100111011,315,3,1,3,4,3,110,4,"PIX4051=U42_4051L3@X4, PIX4052=U66_4052Mux8@S3B, DG4051=U50_DAC_LV3@X3 nEN=H, U52=LV3-pin7 FMC_A0A1A2=110"
1046,3,J2_JB19,49,0x1B7,110110111,439,7,0,3,6,7,111,5,"PIX4051=U18_4051R3@X6, PIX4052=U68_4052Mux9@S3A, DG4051=U53_DAC_LV3@X7 nEN=L, U52=LV3-pin1 FMC_A0A1A2=111"
1047,3,J2_JB19,50,0x1BB,110111011,443,3,1,3,6,3,110,4,"PIX4051=U42_4051L3@X6, PIX4052=U66_4052Mux8@S3B, DG4051=U50_DAC_LV3@X3 nEN=H, U52=LV3-pin7 FMC_A0A1A2=110"
1048,3,J2_JB19,51,0x077,001110111,119,7,0,3,1,7,111,5,"PIX4051=U18_4051R3@X1, PIX4052=U68_4052Mux9@S3A, DG4051=U53_DAC_LV3@X7 nEN=L, U52=LV3-pin1 FMC_A0A1A2=111"
1049,3,J2_JB19,52,0x07B,001111011,123,3,1,3,1,3,110,4,"PIX4051=U42_4051L3@X1, PIX4052=U66_4052Mux8@S3B, DG4051=U50_DAC_LV3@X3 nEN=H, U52=LV3-pin7 FMC_A0A1A2=110"
1050,3,J2_JB19,53,0x0B7,010110111,183,7,0,3,2,7,111,5,"PIX4051=U18_4051R3@X2, PIX4052=U68_4052Mux9@S3A, DG4051=U53_DAC_LV3@X7 nEN=L, U52=LV3-pin1 FMC_A0A1A2=111"
1051,3,J2_JB19,54,0x0BB,010111011,187,3,1,3,2,3,110,4,"PIX4051=U42_4051L3@X2, PIX4052=U66_4052Mux8@S3B, DG4051=U50_DAC_LV3@X3 nEN=H, U52=LV3-pin7 FMC_A0A1A2=110"
1052,3,J2_JB19,55,0x037,000110111,55,7,0,3,0,7,111,5,"PIX4051=U18_4051R3@X0, PIX4052=U68_4052Mux9@S3A, DG4051=U53_DAC_LV3@X7 nEN=L, U52=LV3-pin1 FMC_A0A1A2=111"
1053,3,J2_JB19,56,0x03B,000111011,59,3,1,3,0,3,110,4,"PIX4051=U42_4051L3@X0, PIX4052=U66_4052Mux8@S3B, DG4051=U50_DAC_LV3@X3 nEN=H, U52=LV3-pin7 FMC_A0A1A2=110"
1054,3,J2_JB19,57,0x0F7,011110111,247,7,0,3,3,7,111,5,"PIX4051=U18_4051R3@X3, PIX4052=U68_4052Mux9@S3A, DG4051=U53_DAC_LV3@X7 nEN=L, U52=LV3-pin1 FMC_A0A1A2=111"
1055,3,J2_JB19,58,0x0FB,011111011,251,3,1,3,3,3,110,4,"PIX4051=U42_4051L3@X3, PIX4052=U66_4052Mux8@S3B, DG4051=U50_DAC_LV3@X3 nEN=H, U52=LV3-pin7 FMC_A0A1A2=110"
1056,3,J2_JB19,59,0x15A,101011010,346,2,1,1,5,3,110,4,"PIX4051=U19_4051R3@X5, PIX4052=U65_4052Mux8@S1A, DG4051=U50_DAC_LV3@X2 nEN=H, U52=LV3-pin7 FMC_A0A1A2=110"
1057,3,J2_JB19,60,0x149,101001001,329,1,1,0,5,3,110,4,"PIX4051=U43_4051L3@X5, PIX4052=U65_4052Mux8@S0B, DG4051=U50_DAC_LV3@X1 nEN=H, U52=LV3-pin7 FMC_A0A1A2=110"
1058,3,J2_JB19,61,0x1DA,111011010,474,2,1,1,7,3,110,4,"PIX4051=U19_4051R3@X7, PIX4052=U65_4052Mux8@S1A, DG4051=U50_DAC_LV3@X2 nEN=H, U52=LV3-pin7 FMC_A0A1A2=110"
1059,3,J2_JB19,62,0x1C9,111001001,457,1,1,0,7,3,110,4,"PIX4051=U43_4051L3@X7, PIX4052=U65_4052Mux8@S0B, DG4051=U50_DAC_LV3@X1 nEN=H, U52=LV3-pin7 FMC_A0A1A2=110"
1060,3,J2_JB19,63,0x11A,100011010,282,2,1,1,4,3,110,4,"PIX4051=U19_4051R3@X4, PIX4052=U65_4052Mux8@S1A, DG4051=U50_DAC_LV3@X2 nEN=H, U52=LV3-pin7 FMC_A0A1A2=110"
1061,3,J2_JB19,64,0x109,100001001,265,1,1,0,4,3,110,4,"PIX4051=U43_4051L3@X4, PIX4052=U65_4052Mux8@S0B, DG4051=U50_DAC_LV3@X1 nEN=H, U52=LV3-pin7 FMC_A0A1A2=110"
1062,3,J2_JB19,65,0x19A,110011010,410,2,1,1,6,3,110,4,"PIX4051=U19_4051R3@X6, PIX4052=U65_4052Mux8@S1A, DG4051=U50_DAC_LV3@X2 nEN=H, U52=LV3-pin7 FMC_A0A1A2=110"
1063,3,J2_JB19,66,0x189,110001001,393,1,1,0,6,3,110,4,"PIX4051=U43_4051L3@X6, PIX4052=U65_4052Mux8@S0B, DG4051=U50_DAC_LV3@X1 nEN=H, U52=LV3-pin7 FMC_A0A1A2=110"
1064,3,J2_JB19,67,0x05A,001011010,90,2,1,1,1,3,110,4,"PIX4051=U19_4051R3@X1, PIX4052=U65_4052Mux8@S1A, DG4051=U50_DAC_LV3@X2 nEN=H, U52=LV3-pin7 FMC_A0A1A2=110"
1065,3,J2_JB19,68,0x049,001001001,73,1,1,0,1,3,110,4,"PIX4051=U43_4051L3@X1, PIX4052=U65_4052Mux8@S0B, DG4051=U50_DAC_LV3@X1 nEN=H, U52=LV3-pin7 FMC_A0A1A2=110"
1066,3,J2_JB19,69,0x09A,010011010,154,2,1,1,2,3,110,4,"PIX4051=U19_4051R3@X2, PIX4052=U65_4052Mux8@S1A, DG4051=U50_DAC_LV3@X2 nEN=H, U52=LV3-pin7 FMC_A0A1A2=110"
1067,3,J2_JB19,70,0x089,010001001,137,1,1,0,2,3,110,4,"PIX4051=U43_4051L3@X2, PIX4052=U65_4052Mux8@S0B, DG4051=U50_DAC_LV3@X1 nEN=H, U52=LV3-pin7 FMC_A0A1A2=110"
1068,3,J2_JB19,71,0x01A,000011010,26,2,1,1,0,3,110,4,"PIX4051=U19_4051R3@X0, PIX4052=U65_4052Mux8@S1A, DG4051=U50_DAC_LV3@X2 nEN=H, U52=LV3-pin7 FMC_A0A1A2=110"
1069,3,J2_JB19,72,0x009,000001001,9,1,1,0,0,3,110,4,"PIX4051=U43_4051L3@X0, PIX4052=U65_4052Mux8@S0B, DG4051=U50_DAC_LV3@X1 nEN=H, U52=LV3-pin7 FMC_A0A1A2=110"
1070,3,J2_JB19,73,0x0DA,011011010,218,2,1,1,3,3,110,4,"PIX4051=U19_4051R3@X3, PIX4052=U65_4052Mux8@S1A, DG4051=U50_DAC_LV3@X2 nEN=H, U52=LV3-pin7 FMC_A0A1A2=110"
1071,3,J2_JB19,74,0x0C9,011001001,201,1,1,0,3,3,110,4,"PIX4051=U43_4051L3@X3, PIX4052=U65_4052Mux8@S0B, DG4051=U50_DAC_LV3@X1 nEN=H, U52=LV3-pin7 FMC_A0A1A2=110"
1072,3,J2_JB19,75,0x14A,101001010,330,2,1,0,5,3,110,4,"PIX4051=U20_4051R3@X5, PIX4052=U65_4052Mux8@S0A, DG4051=U50_DAC_LV3@X2 nEN=H, U52=LV3-pin7 FMC_A0A1A2=110"
1073,3,J2_JB19,76,0x159,101011001,345,1,1,1,5,3,110,4,"PIX4051=U44_4051L3@X5, PIX4052=U65_4052Mux8@S1B, DG4051=U50_DAC_LV3@X1 nEN=H, U52=LV3-pin7 FMC_A0A1A2=110"
1074,3,J1_JA11,3,0x0DB,011011011,219,3,1,1,3,3,110,4,"PIX4051=U48_4051L3@X3, PIX4052=U66_4052Mux8@S1B, DG4051=U50_DAC_LV3@X3 nEN=H, U52=LV3-pin7 FMC_A0A1A2=110"
1075,3,J1_JA11,4,0x0C7,011000111,199,7,0,0,3,7,111,5,"PIX4051=U24_4051R3@X3, PIX4052=U68_4052Mux9@S0A, DG4051=U53_DAC_LV3@X7 nEN=L, U52=LV3-pin1 FMC_A0A1A2=111"
1076,3,J1_JA11,5,0x01B,000011011,27,3,1,1,0,3,110,4,"PIX4051=U48_4051L3@X0, PIX4052=U66_4052Mux8@S1B, DG4051=U50_DAC_LV3@X3 nEN=H, U52=LV3-pin7 FMC_A0A1A2=110"
1077,3,J1_JA11,6,0x007,000000111,7,7,0,0,0,7,111,5,"PIX4051=U24_4051R3@X0, PIX4052=U68_4052Mux9@S0A, DG4051=U53_DAC_LV3@X7 nEN=L, U52=LV3-pin1 FMC_A0A1A2=111"
1078,3,J1_JA11,7,0x09B,010011011,155,3,1,1,2,3,110,4,"PIX4051=U48_4051L3@X2, PIX4052=U66_4052Mux8@S1B, DG4051=U50_DAC_LV3@X3 nEN=H, U52=LV3-pin7 FMC_A0A1A2=110"
1079,3,J1_JA11,8,0x087,010000111,135,7,0,0,2,7,111,5,"PIX4051=U24_4051R3@X2, PIX4052=U68_4052Mux9@S0A, DG4051=U53_DAC_LV3@X7 nEN=L, U52=LV3-pin1 FMC_A0A1A2=111"
1080,3,J1_JA11,9,0x05B,001011011,91,3,1,1,1,3,110,4,"PIX4051=U48_4051L3@X1, PIX4052=U66_4052Mux8@S1B, DG4051=U50_DAC_LV3@X3 nEN=H, U52=LV3-pin7 FMC_A0A1A2=110"
1081,3,J1_JA11,10,0x047,001000111,71,7,0,0,1,7,111,5,"PIX4051=U24_4051R3@X1, PIX4052=U68_4052Mux9@S0A, DG4051=U53_DAC_LV3@X7 nEN=L, U52=LV3-pin1 FMC_A0A1A2=111"
1082,3,J1_JA11,11,0x19B,110011011,411,3,1,1,6,3,110,4,"PIX4051=U48_4051L3@X6, PIX4052=U66_4052Mux8@S1B, DG4051=U50_DAC_LV3@X3 nEN=H, U52=LV3-pin7 FMC_A0A1A2=110"
1083,3,J1_JA11,12,0x187,110000111,391,7,0,0,6,7,111,5,"PIX4051=U24_4051R3@X6, PIX4052=U68_4052Mux9@S0A, DG4051=U53_DAC_LV3@X7 nEN=L, U52=LV3-pin1 FMC_A0A1A2=111"
1084,3,J1_JA11,13,0x11B,100011011,283,3,1,1,4,3,110,4,"PIX4051=U48_4051L3@X4, PIX4052=U66_4052Mux8@S1B, DG4051=U50_DAC_LV3@X3 nEN=H, U52=LV3-pin7 FMC_A0A1A2=110"
1085,3,J1_JA11,14,0x107,100000111,263,7,0,0,4,7,111,5,"PIX4051=U24_4051R3@X4, PIX4052=U68_4052Mux9@S0A, DG4051=U53_DAC_LV3@X7 nEN=L, U52=LV3-pin1 FMC_A0A1A2=111"
1086,3,J1_JA11,15,0x1DB,111011011,475,3,1,1,7,3,110,4,"PIX4051=U48_4051L3@X7, PIX4052=U66_4052Mux8@S1B, DG4051=U50_DAC_LV3@X3 nEN=H, U52=LV3-pin7 FMC_A0A1A2=110"
1087,3,J1_JA11,16,0x1C7,111000111,455,7,0,0,7,7,111,5,"PIX4051=U24_4051R3@X7, PIX4052=U68_4052Mux9@S0A, DG4051=U53_DAC_LV3@X7 nEN=L, U52=LV3-pin1 FMC_A0A1A2=111"
1088,3,J1_JA11,17,0x15B,101011011,347,3,1,1,5,3,110,4,"PIX4051=U48_4051L3@X5, PIX4052=U66_4052Mux8@S1B, DG4051=U50_DAC_LV3@X3 nEN=H, U52=LV3-pin7 FMC_A0A1A2=110"
1089,3,J1_JA11,18,0x147,101000111,327,7,0,0,5,7,111,5,"PIX4051=U24_4051R3@X5, PIX4052=U68_4052Mux9@S0A, DG4051=U53_DAC_LV3@X7 nEN=L, U52=LV3-pin1 FMC_A0A1A2=111"
1090,3,J1_JA11,19,0x0CB,011001011,203,3,1,0,3,3,110,4,"PIX4051=U47_4051L3@X3, PIX4052=U66_4052Mux8@S0B, DG4051=U50_DAC_LV3@X3 nEN=H, U52=LV3-pin7 FMC_A0A1A2=110"
1091,3,J1_JA11,20,0x0D7,011010111,215,7,0,1,3,7,111,5,"PIX4051=U23_4051R3@X3, PIX4052=U68_4052Mux9@S1A, DG4051=U53_DAC_LV3@X7 nEN=L, U52=LV3-pin1 FMC_A0A1A2=111"
1092,3,J1_JA11,21,0x00B,000001011,11,3,1,0,0,3,110,4,"PIX4051=U47_4051L3@X0, PIX4052=U66_4052Mux8@S0B, DG4051=U50_DAC_LV3@X3 nEN=H, U52=LV3-pin7 FMC_A0A1A2=110"
1093,3,J1_JA11,22,0x017,000010111,23,7,0,1,0,7,111,5,"PIX4051=U23_4051R3@X0, PIX4052=U68_4052Mux9@S1A, DG4051=U53_DAC_LV3@X7 nEN=L, U52=LV3-pin1 FMC_A0A1A2=111"
1094,3,J1_JA11,23,0x08B,010001011,139,3,1,0,2,3,110,4,"PIX4051=U47_4051L3@X2, PIX4052=U66_4052Mux8@S0B, DG4051=U50_DAC_LV3@X3 nEN=H, U52=LV3-pin7 FMC_A0A1A2=110"
1095,3,J1_JA11,24,0x097,010010111,151,7,0,1,2,7,111,5,"PIX4051=U23_4051R3@X2, PIX4052=U68_4052Mux9@S1A, DG4051=U53_DAC_LV3@X7 nEN=L, U52=LV3-pin1 FMC_A0A1A2=111"
1096,3,J1_JA11,25,0x04B,001001011,75,3,1,0,1,3,110,4,"PIX4051=U47_4051L3@X1, PIX4052=U66_4052Mux8@S0B, DG4051=U50_DAC_LV3@X3 nEN=H, U52=LV3-pin7 FMC_A0A1A2=110"
1097,3,J1_JA11,26,0x057,001010111,87,7,0,1,1,7,111,5,"PIX4051=U23_4051R3@X1, PIX4052=U68_4052Mux9@S1A, DG4051=U53_DAC_LV3@X7 nEN=L, U52=LV3-pin1 FMC_A0A1A2=111"
1098,3,J1_JA11,27,0x18B,110001011,395,3,1,0,6,3,110,4,"PIX4051=U47_4051L3@X6, PIX4052=U66_4052Mux8@S0B, DG4051=U50_DAC_LV3@X3 nEN=H, U52=LV3-pin7 FMC_A0A1A2=110"
1099,3,J1_JA11,28,0x197,110010111,407,7,0,1,6,7,111,5,"PIX4051=U23_4051R3@X6, PIX4052=U68_4052Mux9@S1A, DG4051=U53_DAC_LV3@X7 nEN=L, U52=LV3-pin1 FMC_A0A1A2=111"
1100,3,J1_JA11,29,0x10B,100001011,267,3,1,0,4,3,110,4,"PIX4051=U47_4051L3@X4, PIX4052=U66_4052Mux8@S0B, DG4051=U50_DAC_LV3@X3 nEN=H, U52=LV3-pin7 FMC_A0A1A2=110"
1101,3,J1_JA11,30,0x117,100010111,279,7,0,1,4,7,111,5,"PIX4051=U23_4051R3@X4, PIX4052=U68_4052Mux9@S1A, DG4051=U53_DAC_LV3@X7 nEN=L, U52=LV3-pin1 FMC_A0A1A2=111"
1102,3,J1_JA11,31,0x1CB,111001011,459,3,1,0,7,3,110,4,"PIX4051=U47_4051L3@X7, PIX4052=U66_4052Mux8@S0B, DG4051=U50_DAC_LV3@X3 nEN=H, U52=LV3-pin7 FMC_A0A1A2=110"
1103,3,J1_JA11,32,0x1D7,111010111,471,7,0,1,7,7,111,5,"PIX4051=U23_4051R3@X7, PIX4052=U68_4052Mux9@S1A, DG4051=U53_DAC_LV3@X7 nEN=L, U52=LV3-pin1 FMC_A0A1A2=111"
1104,3,J1_JA11,33,0x14B,101001011,331,3,1,0,5,3,110,4,"PIX4051=U47_4051L3@X5, PIX4052=U66_4052Mux8@S0B, DG4051=U50_DAC_LV3@X3 nEN=H, U52=LV3-pin7 FMC_A0A1A2=110"
1105,3,J1_JA11,34,0x157,101010111,343,7,0,1,5,7,111,5,"PIX4051=U23_4051R3@X5, PIX4052=U68_4052Mux9@S1A, DG4051=U53_DAC_LV3@X7 nEN=L, U52=LV3-pin1 FMC_A0A1A2=111"
1106,3,J1_JA11,35,0x0D8,011011000,216,0,1,1,3,3,110,4,"PIX4051=U46_4051L3@X3, PIX4052=U66_4052Mux8@S1A, DG4051=U50_DAC_LV3@X0 nEN=H, U52=LV3-pin7 FMC_A0A1A2=110"
1107,3,J1_JA11,36,0x0C5,011000101,197,5,0,0,3,7,111,5,"PIX4051=U22_4051R3@X3, PIX4052=U68_4052Mux9@S0B, DG4051=U53_DAC_LV3@X5 nEN=L, U52=LV3-pin1 FMC_A0A1A2=111"
1108,3,J1_JA11,37,0x018,000011000,24,0,1,1,0,3,110,4,"PIX4051=U46_4051L3@X0, PIX4052=U66_4052Mux8@S1A, DG4051=U50_DAC_LV3@X0 nEN=H, U52=LV3-pin7 FMC_A0A1A2=110"
1109,3,J1_JA11,38,0x005,000000101,5,5,0,0,0,7,111,5,"PIX4051=U22_4051R3@X0, PIX4052=U68_4052Mux9@S0B, DG4051=U53_DAC_LV3@X5 nEN=L, U52=LV3-pin1 FMC_A0A1A2=111"
1110,3,J1_JA11,39,0x098,010011000,152,0,1,1,2,3,110,4,"PIX4051=U46_4051L3@X2, PIX4052=U66_4052Mux8@S1A, DG4051=U50_DAC_LV3@X0 nEN=H, U52=LV3-pin7 FMC_A0A1A2=110"
1111,3,J1_JA11,40,0x085,010000101,133,5,0,0,2,7,111,5,"PIX4051=U22_4051R3@X2, PIX4052=U68_4052Mux9@S0B, DG4051=U53_DAC_LV3@X5 nEN=L, U52=LV3-pin1 FMC_A0A1A2=111"
1112,3,J1_JA11,41,0x058,001011000,88,0,1,1,1,3,110,4,"PIX4051=U46_4051L3@X1, PIX4052=U66_4052Mux8@S1A, DG4051=U50_DAC_LV3@X0 nEN=H, U52=LV3-pin7 FMC_A0A1A2=110"
1113,3,J1_JA11,42,0x045,001000101,69,5,0,0,1,7,111,5,"PIX4051=U22_4051R3@X1, PIX4052=U68_4052Mux9@S0B, DG4051=U53_DAC_LV3@X5 nEN=L, U52=LV3-pin1 FMC_A0A1A2=111"
1114,3,J1_JA11,43,0x198,110011000,408,0,1,1,6,3,110,4,"PIX4051=U46_4051L3@X6, PIX4052=U66_4052Mux8@S1A, DG4051=U50_DAC_LV3@X0 nEN=H, U52=LV3-pin7 FMC_A0A1A2=110"
1115,3,J1_JA11,44,0x185,110000101,389,5,0,0,6,7,111,5,"PIX4051=U22_4051R3@X6, PIX4052=U68_4052Mux9@S0B, DG4051=U53_DAC_LV3@X5 nEN=L, U52=LV3-pin1 FMC_A0A1A2=111"
1116,3,J1_JA11,45,0x118,100011000,280,0,1,1,4,3,110,4,"PIX4051=U46_4051L3@X4, PIX4052=U66_4052Mux8@S1A, DG4051=U50_DAC_LV3@X0 nEN=H, U52=LV3-pin7 FMC_A0A1A2=110"
1117,3,J1_JA11,46,0x105,100000101,261,5,0,0,4,7,111,5,"PIX4051=U22_4051R3@X4, PIX4052=U68_4052Mux9@S0B, DG4051=U53_DAC_LV3@X5 nEN=L, U52=LV3-pin1 FMC_A0A1A2=111"
1118,3,J1_JA11,47,0x1D8,111011000,472,0,1,1,7,3,110,4,"PIX4051=U46_4051L3@X7, PIX4052=U66_4052Mux8@S1A, DG4051=U50_DAC_LV3@X0 nEN=H, U52=LV3-pin7 FMC_A0A1A2=110"
1119,3,J1_JA11,48,0x1C5,111000101,453,5,0,0,7,7,111,5,"PIX4051=U22_4051R3@X7, PIX4052=U68_4052Mux9@S0B, DG4051=U53_DAC_LV3@X5 nEN=L, U52=LV3-pin1 FMC_A0A1A2=111"
1120,3,J1_JA11,49,0x158,101011000,344,0,1,1,5,3,110,4,"PIX4051=U46_4051L3@X5, PIX4052=U66_4052Mux8@S1A, DG4051=U50_DAC_LV3@X0 nEN=H, U52=LV3-pin7 FMC_A0A1A2=110"
1121,3,J1_JA11,50,0x145,101000101,325,5,0,0,5,7,111,5,"PIX4051=U22_4051R3@X5, PIX4052=U68_4052Mux9@S0B, DG4051=U53_DAC_LV3@X5 nEN=L, U52=LV3-pin1 FMC_A0A1A2=111"
1122,3,J1_JA11,51,0x0C8,011001000,200,0,1,0,3,3,110,4,"PIX4051=U45_4051L3@X3, PIX4052=U66_4052Mux8@S0A, DG4051=U50_DAC_LV3@X0 nEN=H, U52=LV3-pin7 FMC_A0A1A2=110"
1123,3,J1_JA11,52,0x0D5,011010101,213,5,0,1,3,7,111,5,"PIX4051=U21_4051R3@X3, PIX4052=U68_4052Mux9@S1B, DG4051=U53_DAC_LV3@X5 nEN=L, U52=LV3-pin1 FMC_A0A1A2=111"
1124,3,J1_JA11,53,0x008,000001000,8,0,1,0,0,3,110,4,"PIX4051=U45_4051L3@X0, PIX4052=U66_4052Mux8@S0A, DG4051=U50_DAC_LV3@X0 nEN=H, U52=LV3-pin7 FMC_A0A1A2=110"
1125,3,J1_JA11,54,0x015,000010101,21,5,0,1,0,7,111,5,"PIX4051=U21_4051R3@X0, PIX4052=U68_4052Mux9@S1B, DG4051=U53_DAC_LV3@X5 nEN=L, U52=LV3-pin1 FMC_A0A1A2=111"
1126,3,J1_JA11,55,0x088,010001000,136,0,1,0,2,3,110,4,"PIX4051=U45_4051L3@X2, PIX4052=U66_4052Mux8@S0A, DG4051=U50_DAC_LV3@X0 nEN=H, U52=LV3-pin7 FMC_A0A1A2=110"
1127,3,J1_JA11,56,0x095,010010101,149,5,0,1,2,7,111,5,"PIX4051=U21_4051R3@X2, PIX4052=U68_4052Mux9@S1B, DG4051=U53_DAC_LV3@X5 nEN=L, U52=LV3-pin1 FMC_A0A1A2=111"
1128,3,J1_JA11,57,0x048,001001000,72,0,1,0,1,3,110,4,"PIX4051=U45_4051L3@X1, PIX4052=U66_4052Mux8@S0A, DG4051=U50_DAC_LV3@X0 nEN=H, U52=LV3-pin7 FMC_A0A1A2=110"
1129,3,J1_JA11,58,0x055,001010101,85,5,0,1,1,7,111,5,"PIX4051=U21_4051R3@X1, PIX4052=U68_4052Mux9@S1B, DG4051=U53_DAC_LV3@X5 nEN=L, U52=LV3-pin1 FMC_A0A1A2=111"
1130,3,J1_JA11,59,0x188,110001000,392,0,1,0,6,3,110,4,"PIX4051=U45_4051L3@X6, PIX4052=U66_4052Mux8@S0A, DG4051=U50_DAC_LV3@X0 nEN=H, U52=LV3-pin7 FMC_A0A1A2=110"
1131,3,J1_JA11,60,0x195,110010101,405,5,0,1,6,7,111,5,"PIX4051=U21_4051R3@X6, PIX4052=U68_4052Mux9@S1B, DG4051=U53_DAC_LV3@X5 nEN=L, U52=LV3-pin1 FMC_A0A1A2=111"
1132,3,J1_JA11,61,0x108,100001000,264,0,1,0,4,3,110,4,"PIX4051=U45_4051L3@X4, PIX4052=U66_4052Mux8@S0A, DG4051=U50_DAC_LV3@X0 nEN=H, U52=LV3-pin7 FMC_A0A1A2=110"
1133,3,J1_JA11,62,0x115,100010101,277,5,0,1,4,7,111,5,"PIX4051=U21_4051R3@X4, PIX4052=U68_4052Mux9@S1B, DG4051=U53_DAC_LV3@X5 nEN=L, U52=LV3-pin1 FMC_A0A1A2=111"
1134,3,J1_JA11,63,0x1C8,111001000,456,0,1,0,7,3,110,4,"PIX4051=U45_4051L3@X7, PIX4052=U66_4052Mux8@S0A, DG4051=U50_DAC_LV3@X0 nEN=H, U52=LV3-pin7 FMC_A0A1A2=110"
1135,3,J1_JA11,64,0x1D5,111010101,469,5,0,1,7,7,111,5,"PIX4051=U21_4051R3@X7, PIX4052=U68_4052Mux9@S1B, DG4051=U53_DAC_LV3@X5 nEN=L, U52=LV3-pin1 FMC_A0A1A2=111"
1136,3,J1_JA11,65,0x148,101001000,328,0,1,0,5,3,110,4,"PIX4051=U45_4051L3@X5, PIX4052=U66_4052Mux8@S0A, DG4051=U50_DAC_LV3@X0 nEN=H, U52=LV3-pin7 FMC_A0A1A2=110"
1137,3,J1_JA11,66,0x155,101010101,341,5,0,1,5,7,111,5,"PIX4051=U21_4051R3@X5, PIX4052=U68_4052Mux9@S1B, DG4051=U53_DAC_LV3@X5 nEN=L, U52=LV3-pin1 FMC_A0A1A2=111"
1138,3,J1_JA11,67,0x0D9,011011001,217,1,1,1,3,3,110,4,"PIX4051=U44_4051L3@X3, PIX4052=U65_4052Mux8@S1B, DG4051=U50_DAC_LV3@X1 nEN=H, U52=LV3-pin7 FMC_A0A1A2=110"
1139,3,J1_JA11,68,0x0CA,011001010,202,2,1,0,3,3,110,4,"PIX4051=U20_4051R3@X3, PIX4052=U65_4052Mux8@S0A, DG4051=U50_DAC_LV3@X2 nEN=H, U52=LV3-pin7 FMC_A0A1A2=110"
1140,3,J1_JA11,69,0x019,000011001,25,1,1,1,0,3,110,4,"PIX4051=U44_4051L3@X0, PIX4052=U65_4052Mux8@S1B, DG4051=U50_DAC_LV3@X1 nEN=H, U52=LV3-pin7 FMC_A0A1A2=110"
1141,3,J1_JA11,70,0x00A,000001010,10,2,1,0,0,3,110,4,"PIX4051=U20_4051R3@X0, PIX4052=U65_4052Mux8@S0A, DG4051=U50_DAC_LV3@X2 nEN=H, U52=LV3-pin7 FMC_A0A1A2=110"
1142,3,J1_JA11,71,0x099,010011001,153,1,1,1,2,3,110,4,"PIX4051=U44_4051L3@X2, PIX4052=U65_4052Mux8@S1B, DG4051=U50_DAC_LV3@X1 nEN=H, U52=LV3-pin7 FMC_A0A1A2=110"
1143,3,J1_JA11,72,0x08A,010001010,138,2,1,0,2,3,110,4,"PIX4051=U20_4051R3@X2, PIX4052=U65_4052Mux8@S0A, DG4051=U50_DAC_LV3@X2 nEN=H, U52=LV3-pin7 FMC_A0A1A2=110"
1144,3,J1_JA11,73,0x059,001011001,89,1,1,1,1,3,110,4,"PIX4051=U44_4051L3@X1, PIX4052=U65_4052Mux8@S1B, DG4051=U50_DAC_LV3@X1 nEN=H, U52=LV3-pin7 FMC_A0A1A2=110"
1145,3,J1_JA11,74,0x04A,001001010,74,2,1,0,1,3,110,4,"PIX4051=U20_4051R3@X1, PIX4052=U65_4052Mux8@S0A, DG4051=U50_DAC_LV3@X2 nEN=H, U52=LV3-pin7 FMC_A0A1A2=110"
1146,3,J1_JA11,75,0x199,110011001,409,1,1,1,6,3,110,4,"PIX4051=U44_4051L3@X6, PIX4052=U65_4052Mux8@S1B, DG4051=U50_DAC_LV3@X1 nEN=H, U52=LV3-pin7 FMC_A0A1A2=110"
1147,3,J1_JA11,76,0x18A,110001010,394,2,1,0,6,3,110,4,"PIX4051=U20_4051R3@X6, PIX4052=U65_4052Mux8@S0A, DG4051=U50_DAC_LV3@X2 nEN=H, U52=LV3-pin7 FMC_A0A1A2=110"
1148,3,J1_JA11,77,0x119,100011001,281,1,1,1,4,3,110,4,"PIX4051=U44_4051L3@X4, PIX4052=U65_4052Mux8@S1B, DG4051=U50_DAC_LV3@X1 nEN=H, U52=LV3-pin7 FMC_A0A1A2=110"
1149,3,J1_JA11,78,0x10A,100001010,266,2,1,0,4,3,110,4,"PIX4051=U20_4051R3@X4, PIX4052=U65_4052Mux8@S0A, DG4051=U50_DAC_LV3@X2 nEN=H, U52=LV3-pin7 FMC_A0A1A2=110"
1150,3,J1_JA11,79,0x1D9,111011001,473,1,1,1,7,3,110,4,"PIX4051=U44_4051L3@X7, PIX4052=U65_4052Mux8@S1B, DG4051=U50_DAC_LV3@X1 nEN=H, U52=LV3-pin7 FMC_A0A1A2=110"
1151,3,J1_JA11,80,0x1CA,111001010,458,2,1,0,7,3,110,4,"PIX4051=U20_4051R3@X7, PIX4052=U65_4052Mux8@S0A, DG4051=U50_DAC_LV3@X2 nEN=H, U52=LV3-pin7 FMC_A0A1A2=110"
1152,4,J1_JA4,3,0x172,101110010,370,2,0,3,5,5,101,1,"PIX4051=U1_4051R4@X5, PIX4052=U68_4052Mux3@S3B, DG4051=U53_DAC_LV1@X2 nEN=L, U52=LV1-pin1 FMC_A0A1A2=101"
1153,4,J1_JA4,4,0x176,101110110,374,6,0,3,5,5,101,1,"PIX4051=U25_4051L4@X5, PIX4052=U66_4052Mux3@S3A, DG4051=U53_DAC_LV1@X6 nEN=L, U52=LV1-pin1 FMC_A0A1A2=101"
1154,4,J1_JA4,5,0x1F2,111110010,498,2,0,3,7,5,101,1,"PIX4051=U1_4051R4@X7, PIX4052=U68_4052Mux3@S3B, DG4051=U53_DAC_LV1@X2 nEN=L, U52=LV1-pin1 FMC_A0A1A2=101"
1155,4,J1_JA4,6,0x1F6,111110110,502,6,0,3,7,5,101,1,"PIX4051=U25_4051L4@X7, PIX4052=U66_4052Mux3@S3A, DG4051=U53_DAC_LV1@X6 nEN=L, U52=LV1-pin1 FMC_A0A1A2=101"
1156,4,J1_JA4,7,0x132,100110010,306,2,0,3,4,5,101,1,"PIX4051=U1_4051R4@X4, PIX4052=U68_4052Mux3@S3B, DG4051=U53_DAC_LV1@X2 nEN=L, U52=LV1-pin1 FMC_A0A1A2=101"
1157,4,J1_JA4,8,0x136,100110110,310,6,0,3,4,5,101,1,"PIX4051=U25_4051L4@X4, PIX4052=U66_4052Mux3@S3A, DG4051=U53_DAC_LV1@X6 nEN=L, U52=LV1-pin1 FMC_A0A1A2=101"
1158,4,J1_JA4,9,0x1B2,110110010,434,2,0,3,6,5,101,1,"PIX4051=U1_4051R4@X6, PIX4052=U68_4052Mux3@S3B, DG4051=U53_DAC_LV1@X2 nEN=L, U52=LV1-pin1 FMC_A0A1A2=101"
1159,4,J1_JA4,10,0x1B6,110110110,438,6,0,3,6,5,101,1,"PIX4051=U25_4051L4@X6, PIX4052=U66_4052Mux3@S3A, DG4051=U53_DAC_LV1@X6 nEN=L, U52=LV1-pin1 FMC_A0A1A2=101"
1160,4,J1_JA4,11,0x072,001110010,114,2,0,3,1,5,101,1,"PIX4051=U1_4051R4@X1, PIX4052=U68_4052Mux3@S3B, DG4051=U53_DAC_LV1@X2 nEN=L, U52=LV1-pin1 FMC_A0A1A2=101"
1161,4,J1_JA4,12,0x076,001110110,118,6,0,3,1,5,101,1,"PIX4051=U25_4051L4@X1, PIX4052=U66_4052Mux3@S3A, DG4051=U53_DAC_LV1@X6 nEN=L, U52=LV1-pin1 FMC_A0A1A2=101"
1162,4,J1_JA4,13,0x0B2,010110010,178,2,0,3,2,5,101,1,"PIX4051=U1_4051R4@X2, PIX4052=U68_4052Mux3@S3B, DG4051=U53_DAC_LV1@X2 nEN=L, U52=LV1-pin1 FMC_A0A1A2=101"
1163,4,J1_JA4,14,0x0B6,010110110,182,6,0,3,2,5,101,1,"PIX4051=U25_4051L4@X2, PIX4052=U66_4052Mux3@S3A, DG4051=U53_DAC_LV1@X6 nEN=L, U52=LV1-pin1 FMC_A0A1A2=101"
1164,4,J1_JA4,15,0x032,000110010,50,2,0,3,0,5,101,1,"PIX4051=U1_4051R4@X0, PIX4052=U68_4052Mux3@S3B, DG4051=U53_DAC_LV1@X2 nEN=L, U52=LV1-pin1 FMC_A0A1A2=101"
1165,4,J1_JA4,16,0x036,000110110,54,6,0,3,0,5,101,1,"PIX4051=U25_4051L4@X0, PIX4052=U66_4052Mux3@S3A, DG4051=U53_DAC_LV1@X6 nEN=L, U52=LV1-pin1 FMC_A0A1A2=101"
1166,4,J1_JA4,17,0x0F2,011110010,242,2,0,3,3,5,101,1,"PIX4051=U1_4051R4@X3, PIX4052=U68_4052Mux3@S3B, DG4051=U53_DAC_LV1@X2 nEN=L, U52=LV1-pin1 FMC_A0A1A2=101"
1167,4,J1_JA4,18,0x0F6,011110110,246,6,0,3,3,5,101,1,"PIX4051=U25_4051L4@X3, PIX4052=U66_4052Mux3@S3A, DG4051=U53_DAC_LV1@X6 nEN=L, U52=LV1-pin1 FMC_A0A1A2=101"
1168,4,J1_JA4,19,0x162,101100010,354,2,0,2,5,5,101,1,"PIX4051=U2_4051R4@X5, PIX4052=U68_4052Mux3@S2B, DG4051=U53_DAC_LV1@X2 nEN=L, U52=LV1-pin1 FMC_A0A1A2=101"
1169,4,J1_JA4,20,0x166,101100110,358,6,0,2,5,5,101,1,"PIX4051=U26_4051L4@X5, PIX4052=U66_4052Mux3@S2A, DG4051=U53_DAC_LV1@X6 nEN=L, U52=LV1-pin1 FMC_A0A1A2=101"
1170,4,J1_JA4,21,0x1E2,111100010,482,2,0,2,7,5,101,1,"PIX4051=U2_4051R4@X7, PIX4052=U68_4052Mux3@S2B, DG4051=U53_DAC_LV1@X2 nEN=L, U52=LV1-pin1 FMC_A0A1A2=101"
1171,4,J1_JA4,22,0x1E6,111100110,486,6,0,2,7,5,101,1,"PIX4051=U26_4051L4@X7, PIX4052=U66_4052Mux3@S2A, DG4051=U53_DAC_LV1@X6 nEN=L, U52=LV1-pin1 FMC_A0A1A2=101"
1172,4,J1_JA4,23,0x122,100100010,290,2,0,2,4,5,101,1,"PIX4051=U2_4051R4@X4, PIX4052=U68_4052Mux3@S2B, DG4051=U53_DAC_LV1@X2 nEN=L, U52=LV1-pin1 FMC_A0A1A2=101"
1173,4,J1_JA4,24,0x126,100100110,294,6,0,2,4,5,101,1,"PIX4051=U26_4051L4@X4, PIX4052=U66_4052Mux3@S2A, DG4051=U53_DAC_LV1@X6 nEN=L, U52=LV1-pin1 FMC_A0A1A2=101"
1174,4,J1_JA4,25,0x1A2,110100010,418,2,0,2,6,5,101,1,"PIX4051=U2_4051R4@X6, PIX4052=U68_4052Mux3@S2B, DG4051=U53_DAC_LV1@X2 nEN=L, U52=LV1-pin1 FMC_A0A1A2=101"
1175,4,J1_JA4,26,0x1A6,110100110,422,6,0,2,6,5,101,1,"PIX4051=U26_4051L4@X6, PIX4052=U66_4052Mux3@S2A, DG4051=U53_DAC_LV1@X6 nEN=L, U52=LV1-pin1 FMC_A0A1A2=101"
1176,4,J1_JA4,27,0x062,001100010,98,2,0,2,1,5,101,1,"PIX4051=U2_4051R4@X1, PIX4052=U68_4052Mux3@S2B, DG4051=U53_DAC_LV1@X2 nEN=L, U52=LV1-pin1 FMC_A0A1A2=101"
1177,4,J1_JA4,28,0x066,001100110,102,6,0,2,1,5,101,1,"PIX4051=U26_4051L4@X1, PIX4052=U66_4052Mux3@S2A, DG4051=U53_DAC_LV1@X6 nEN=L, U52=LV1-pin1 FMC_A0A1A2=101"
1178,4,J1_JA4,29,0x0A2,010100010,162,2,0,2,2,5,101,1,"PIX4051=U2_4051R4@X2, PIX4052=U68_4052Mux3@S2B, DG4051=U53_DAC_LV1@X2 nEN=L, U52=LV1-pin1 FMC_A0A1A2=101"
1179,4,J1_JA4,30,0x0A6,010100110,166,6,0,2,2,5,101,1,"PIX4051=U26_4051L4@X2, PIX4052=U66_4052Mux3@S2A, DG4051=U53_DAC_LV1@X6 nEN=L, U52=LV1-pin1 FMC_A0A1A2=101"
1180,4,J1_JA4,31,0x022,000100010,34,2,0,2,0,5,101,1,"PIX4051=U2_4051R4@X0, PIX4052=U68_4052Mux3@S2B, DG4051=U53_DAC_LV1@X2 nEN=L, U52=LV1-pin1 FMC_A0A1A2=101"
1181,4,J1_JA4,32,0x026,000100110,38,6,0,2,0,5,101,1,"PIX4051=U26_4051L4@X0, PIX4052=U66_4052Mux3@S2A, DG4051=U53_DAC_LV1@X6 nEN=L, U52=LV1-pin1 FMC_A0A1A2=101"
1182,4,J1_JA4,33,0x0E2,011100010,226,2,0,2,3,5,101,1,"PIX4051=U2_4051R4@X3, PIX4052=U68_4052Mux3@S2B, DG4051=U53_DAC_LV1@X2 nEN=L, U52=LV1-pin1 FMC_A0A1A2=101"
1183,4,J1_JA4,34,0x0E6,011100110,230,6,0,2,3,5,101,1,"PIX4051=U26_4051L4@X3, PIX4052=U66_4052Mux3@S2A, DG4051=U53_DAC_LV1@X6 nEN=L, U52=LV1-pin1 FMC_A0A1A2=101"
1184,4,J1_JA4,35,0x161,101100001,353,1,0,2,5,5,101,1,"PIX4051=U3_4051R4@X5, PIX4052=U68_4052Mux3@S2A, DG4051=U53_DAC_LV1@X1 nEN=L, U52=LV1-pin1 FMC_A0A1A2=101"
1185,4,J1_JA4,36,0x164,101100100,356,4,0,2,5,5,101,1,"PIX4051=U27_4051L4@X5, PIX4052=U66_4052Mux3@S2B, DG4051=U53_DAC_LV1@X4 nEN=L, U52=LV1-pin1 FMC_A0A1A2=101"
1186,4,J1_JA4,37,0x1E1,111100001,481,1,0,2,7,5,101,1,"PIX4051=U3_4051R4@X7, PIX4052=U68_4052Mux3@S2A, DG4051=U53_DAC_LV1@X1 nEN=L, U52=LV1-pin1 FMC_A0A1A2=101"
1187,4,J1_JA4,38,0x1E4,111100100,484,4,0,2,7,5,101,1,"PIX4051=U27_4051L4@X7, PIX4052=U66_4052Mux3@S2B, DG4051=U53_DAC_LV1@X4 nEN=L, U52=LV1-pin1 FMC_A0A1A2=101"
1188,4,J1_JA4,39,0x121,100100001,289,1,0,2,4,5,101,1,"PIX4051=U3_4051R4@X4, PIX4052=U68_4052Mux3@S2A, DG4051=U53_DAC_LV1@X1 nEN=L, U52=LV1-pin1 FMC_A0A1A2=101"
1189,4,J1_JA4,40,0x124,100100100,292,4,0,2,4,5,101,1,"PIX4051=U27_4051L4@X4, PIX4052=U66_4052Mux3@S2B, DG4051=U53_DAC_LV1@X4 nEN=L, U52=LV1-pin1 FMC_A0A1A2=101"
1190,4,J1_JA4,41,0x1A1,110100001,417,1,0,2,6,5,101,1,"PIX4051=U3_4051R4@X6, PIX4052=U68_4052Mux3@S2A, DG4051=U53_DAC_LV1@X1 nEN=L, U52=LV1-pin1 FMC_A0A1A2=101"
1191,4,J1_JA4,42,0x1A4,110100100,420,4,0,2,6,5,101,1,"PIX4051=U27_4051L4@X6, PIX4052=U66_4052Mux3@S2B, DG4051=U53_DAC_LV1@X4 nEN=L, U52=LV1-pin1 FMC_A0A1A2=101"
1192,4,J1_JA4,43,0x061,001100001,97,1,0,2,1,5,101,1,"PIX4051=U3_4051R4@X1, PIX4052=U68_4052Mux3@S2A, DG4051=U53_DAC_LV1@X1 nEN=L, U52=LV1-pin1 FMC_A0A1A2=101"
1193,4,J1_JA4,44,0x064,001100100,100,4,0,2,1,5,101,1,"PIX4051=U27_4051L4@X1, PIX4052=U66_4052Mux3@S2B, DG4051=U53_DAC_LV1@X4 nEN=L, U52=LV1-pin1 FMC_A0A1A2=101"
1194,4,J1_JA4,45,0x0A1,010100001,161,1,0,2,2,5,101,1,"PIX4051=U3_4051R4@X2, PIX4052=U68_4052Mux3@S2A, DG4051=U53_DAC_LV1@X1 nEN=L, U52=LV1-pin1 FMC_A0A1A2=101"
1195,4,J1_JA4,46,0x0A4,010100100,164,4,0,2,2,5,101,1,"PIX4051=U27_4051L4@X2, PIX4052=U66_4052Mux3@S2B, DG4051=U53_DAC_LV1@X4 nEN=L, U52=LV1-pin1 FMC_A0A1A2=101"
1196,4,J1_JA4,47,0x021,000100001,33,1,0,2,0,5,101,1,"PIX4051=U3_4051R4@X0, PIX4052=U68_4052Mux3@S2A, DG4051=U53_DAC_LV1@X1 nEN=L, U52=LV1-pin1 FMC_A0A1A2=101"
1197,4,J1_JA4,48,0x024,000100100,36,4,0,2,0,5,101,1,"PIX4051=U27_4051L4@X0, PIX4052=U66_4052Mux3@S2B, DG4051=U53_DAC_LV1@X4 nEN=L, U52=LV1-pin1 FMC_A0A1A2=101"
1198,4,J1_JA4,49,0x0E1,011100001,225,1,0,2,3,5,101,1,"PIX4051=U3_4051R4@X3, PIX4052=U68_4052Mux3@S2A, DG4051=U53_DAC_LV1@X1 nEN=L, U52=LV1-pin1 FMC_A0A1A2=101"
1199,4,J1_JA4,50,0x0E4,011100100,228,4,0,2,3,5,101,1,"PIX4051=U27_4051L4@X3, PIX4052=U66_4052Mux3@S2B, DG4051=U53_DAC_LV1@X4 nEN=L, U52=LV1-pin1 FMC_A0A1A2=101"
1200,4,J1_JA4,51,0x171,101110001,369,1,0,3,5,5,101,1,"PIX4051=U4_4051R4@X5, PIX4052=U68_4052Mux3@S3A, DG4051=U53_DAC_LV1@X1 nEN=L, U52=LV1-pin1 FMC_A0A1A2=101"
1201,4,J1_JA4,52,0x174,101110100,372,4,0,3,5,5,101,1,"PIX4051=U28_4051L4@X5, PIX4052=U66_4052Mux3@S3B, DG4051=U53_DAC_LV1@X4 nEN=L, U52=LV1-pin1 FMC_A0A1A2=101"
1202,4,J1_JA4,53,0x1F1,111110001,497,1,0,3,7,5,101,1,"PIX4051=U4_4051R4@X7, PIX4052=U68_4052Mux3@S3A, DG4051=U53_DAC_LV1@X1 nEN=L, U52=LV1-pin1 FMC_A0A1A2=101"
1203,4,J1_JA4,54,0x1F4,111110100,500,4,0,3,7,5,101,1,"PIX4051=U28_4051L4@X7, PIX4052=U66_4052Mux3@S3B, DG4051=U53_DAC_LV1@X4 nEN=L, U52=LV1-pin1 FMC_A0A1A2=101"
1204,4,J1_JA4,55,0x131,100110001,305,1,0,3,4,5,101,1,"PIX4051=U4_4051R4@X4, PIX4052=U68_4052Mux3@S3A, DG4051=U53_DAC_LV1@X1 nEN=L, U52=LV1-pin1 FMC_A0A1A2=101"
1205,4,J1_JA4,56,0x134,100110100,308,4,0,3,4,5,101,1,"PIX4051=U28_4051L4@X4, PIX4052=U66_4052Mux3@S3B, DG4051=U53_DAC_LV1@X4 nEN=L, U52=LV1-pin1 FMC_A0A1A2=101"
1206,4,J1_JA4,57,0x1B1,110110001,433,1,0,3,6,5,101,1,"PIX4051=U4_4051R4@X6, PIX4052=U68_4052Mux3@S3A, DG4051=U53_DAC_LV1@X1 nEN=L, U52=LV1-pin1 FMC_A0A1A2=101"
1207,4,J1_JA4,58,0x1B4,110110100,436,4,0,3,6,5,101,1,"PIX4051=U28_4051L4@X6, PIX4052=U66_4052Mux3@S3B, DG4051=U53_DAC_LV1@X4 nEN=L, U52=LV1-pin1 FMC_A0A1A2=101"
1208,4,J1_JA4,59,0x071,001110001,113,1,0,3,1,5,101,1,"PIX4051=U4_4051R4@X1, PIX4052=U68_4052Mux3@S3A, DG4051=U53_DAC_LV1@X1 nEN=L, U52=LV1-pin1 FMC_A0A1A2=101"
1209,4,J1_JA4,60,0x074,001110100,116,4,0,3,1,5,101,1,"PIX4051=U28_4051L4@X1, PIX4052=U66_4052Mux3@S3B, DG4051=U53_DAC_LV1@X4 nEN=L, U52=LV1-pin1 FMC_A0A1A2=101"
1210,4,J1_JA4,61,0x0B1,010110001,177,1,0,3,2,5,101,1,"PIX4051=U4_4051R4@X2, PIX4052=U68_4052Mux3@S3A, DG4051=U53_DAC_LV1@X1 nEN=L, U52=LV1-pin1 FMC_A0A1A2=101"
1211,4,J1_JA4,62,0x0B4,010110100,180,4,0,3,2,5,101,1,"PIX4051=U28_4051L4@X2, PIX4052=U66_4052Mux3@S3B, DG4051=U53_DAC_LV1@X4 nEN=L, U52=LV1-pin1 FMC_A0A1A2=101"
1212,4,J1_JA4,63,0x031,000110001,49,1,0,3,0,5,101,1,"PIX4051=U4_4051R4@X0, PIX4052=U68_4052Mux3@S3A, DG4051=U53_DAC_LV1@X1 nEN=L, U52=LV1-pin1 FMC_A0A1A2=101"
1213,4,J1_JA4,64,0x034,000110100,52,4,0,3,0,5,101,1,"PIX4051=U28_4051L4@X0, PIX4052=U66_4052Mux3@S3B, DG4051=U53_DAC_LV1@X4 nEN=L, U52=LV1-pin1 FMC_A0A1A2=101"
1214,4,J1_JA4,65,0x0F1,011110001,241,1,0,3,3,5,101,1,"PIX4051=U4_4051R4@X3, PIX4052=U68_4052Mux3@S3A, DG4051=U53_DAC_LV1@X1 nEN=L, U52=LV1-pin1 FMC_A0A1A2=101"
1215,4,J1_JA4,66,0x0F4,011110100,244,4,0,3,3,5,101,1,"PIX4051=U28_4051L4@X3, PIX4052=U66_4052Mux3@S3B, DG4051=U53_DAC_LV1@X4 nEN=L, U52=LV1-pin1 FMC_A0A1A2=101"
1216,4,J1_JA4,67,0x170,101110000,368,0,0,3,5,5,101,1,"PIX4051=U5_4051R4@X5, PIX4052=U67_4052Mux3@S3B, DG4051=U53_DAC_LV1@X0 nEN=L, U52=LV1-pin1 FMC_A0A1A2=101"
1217,4,J1_JA4,68,0x173,101110011,371,3,0,3,5,5,101,1,"PIX4051=U29_4051L4@X5, PIX4052=U67_4052Mux3@S3A, DG4051=U53_DAC_LV1@X3 nEN=L, U52=LV1-pin1 FMC_A0A1A2=101"
1218,4,J1_JA4,69,0x1F0,111110000,496,0,0,3,7,5,101,1,"PIX4051=U5_4051R4@X7, PIX4052=U67_4052Mux3@S3B, DG4051=U53_DAC_LV1@X0 nEN=L, U52=LV1-pin1 FMC_A0A1A2=101"
1219,4,J1_JA4,70,0x1F3,111110011,499,3,0,3,7,5,101,1,"PIX4051=U29_4051L4@X7, PIX4052=U67_4052Mux3@S3A, DG4051=U53_DAC_LV1@X3 nEN=L, U52=LV1-pin1 FMC_A0A1A2=101"
1220,4,J1_JA4,71,0x130,100110000,304,0,0,3,4,5,101,1,"PIX4051=U5_4051R4@X4, PIX4052=U67_4052Mux3@S3B, DG4051=U53_DAC_LV1@X0 nEN=L, U52=LV1-pin1 FMC_A0A1A2=101"
1221,4,J1_JA4,72,0x133,100110011,307,3,0,3,4,5,101,1,"PIX4051=U29_4051L4@X4, PIX4052=U67_4052Mux3@S3A, DG4051=U53_DAC_LV1@X3 nEN=L, U52=LV1-pin1 FMC_A0A1A2=101"
1222,4,J1_JA4,73,0x1B0,110110000,432,0,0,3,6,5,101,1,"PIX4051=U5_4051R4@X6, PIX4052=U67_4052Mux3@S3B, DG4051=U53_DAC_LV1@X0 nEN=L, U52=LV1-pin1 FMC_A0A1A2=101"
1223,4,J1_JA4,74,0x1B3,110110011,435,3,0,3,6,5,101,1,"PIX4051=U29_4051L4@X6, PIX4052=U67_4052Mux3@S3A, DG4051=U53_DAC_LV1@X3 nEN=L, U52=LV1-pin1 FMC_A0A1A2=101"
1224,4,J1_JA4,75,0x070,001110000,112,0,0,3,1,5,101,1,"PIX4051=U5_4051R4@X1, PIX4052=U67_4052Mux3@S3B, DG4051=U53_DAC_LV1@X0 nEN=L, U52=LV1-pin1 FMC_A0A1A2=101"
1225,4,J1_JA4,76,0x073,001110011,115,3,0,3,1,5,101,1,"PIX4051=U29_4051L4@X1, PIX4052=U67_4052Mux3@S3A, DG4051=U53_DAC_LV1@X3 nEN=L, U52=LV1-pin1 FMC_A0A1A2=101"
1226,4,J1_JA4,77,0x0B0,010110000,176,0,0,3,2,5,101,1,"PIX4051=U5_4051R4@X2, PIX4052=U67_4052Mux3@S3B, DG4051=U53_DAC_LV1@X0 nEN=L, U52=LV1-pin1 FMC_A0A1A2=101"
1227,4,J1_JA4,78,0x0B3,010110011,179,3,0,3,2,5,101,1,"PIX4051=U29_4051L4@X2, PIX4052=U67_4052Mux3@S3A, DG4051=U53_DAC_LV1@X3 nEN=L, U52=LV1-pin1 FMC_A0A1A2=101"
1228,4,J1_JA4,79,0x030,000110000,48,0,0,3,0,5,101,1,"PIX4051=U5_4051R4@X0, PIX4052=U67_4052Mux3@S3B, DG4051=U53_DAC_LV1@X0 nEN=L, U52=LV1-pin1 FMC_A0A1A2=101"
1229,4,J1_JA4,80,0x033,000110011,51,3,0,3,0,5,101,1,"PIX4051=U29_4051L4@X0, PIX4052=U67_4052Mux3@S3A, DG4051=U53_DAC_LV1@X3 nEN=L, U52=LV1-pin1 FMC_A0A1A2=101"
1230,4,J2_JB4,1,0x0F0,011110000,240,0,0,3,3,5,101,1,"PIX4051=U5_4051R4@X3, PIX4052=U67_4052Mux3@S3B, DG4051=U53_DAC_LV1@X0 nEN=L, U52=LV1-pin1 FMC_A0A1A2=101"
1231,4,J2_JB4,2,0x0F3,011110011,243,3,0,3,3,5,101,1,"PIX4051=U29_4051L4@X3, PIX4052=U67_4052Mux3@S3A, DG4051=U53_DAC_LV1@X3 nEN=L, U52=LV1-pin1 FMC_A0A1A2=101"
1232,4,J2_JB4,3,0x160,101100000,352,0,0,2,5,5,101,1,"PIX4051=U6_4051R4@X5, PIX4052=U67_4052Mux3@S2B, DG4051=U53_DAC_LV1@X0 nEN=L, U52=LV1-pin1 FMC_A0A1A2=101"
1233,4,J2_JB4,4,0x163,101100011,355,3,0,2,5,5,101,1,"PIX4051=U30_4051L4@X5, PIX4052=U67_4052Mux3@S2A, DG4051=U53_DAC_LV1@X3 nEN=L, U52=LV1-pin1 FMC_A0A1A2=101"
1234,4,J2_JB4,5,0x1E0,111100000,480,0,0,2,7,5,101,1,"PIX4051=U6_4051R4@X7, PIX4052=U67_4052Mux3@S2B, DG4051=U53_DAC_LV1@X0 nEN=L, U52=LV1-pin1 FMC_A0A1A2=101"
1235,4,J2_JB4,6,0x1E3,111100011,483,3,0,2,7,5,101,1,"PIX4051=U30_4051L4@X7, PIX4052=U67_4052Mux3@S2A, DG4051=U53_DAC_LV1@X3 nEN=L, U52=LV1-pin1 FMC_A0A1A2=101"
1236,4,J2_JB4,7,0x120,100100000,288,0,0,2,4,5,101,1,"PIX4051=U6_4051R4@X4, PIX4052=U67_4052Mux3@S2B, DG4051=U53_DAC_LV1@X0 nEN=L, U52=LV1-pin1 FMC_A0A1A2=101"
1237,4,J2_JB4,8,0x123,100100011,291,3,0,2,4,5,101,1,"PIX4051=U30_4051L4@X4, PIX4052=U67_4052Mux3@S2A, DG4051=U53_DAC_LV1@X3 nEN=L, U52=LV1-pin1 FMC_A0A1A2=101"
1238,4,J2_JB4,9,0x1A0,110100000,416,0,0,2,6,5,101,1,"PIX4051=U6_4051R4@X6, PIX4052=U67_4052Mux3@S2B, DG4051=U53_DAC_LV1@X0 nEN=L, U52=LV1-pin1 FMC_A0A1A2=101"
1239,4,J2_JB4,10,0x1A3,110100011,419,3,0,2,6,5,101,1,"PIX4051=U30_4051L4@X6, PIX4052=U67_4052Mux3@S2A, DG4051=U53_DAC_LV1@X3 nEN=L, U52=LV1-pin1 FMC_A0A1A2=101"
1240,4,J2_JB4,11,0x060,001100000,96,0,0,2,1,5,101,1,"PIX4051=U6_4051R4@X1, PIX4052=U67_4052Mux3@S2B, DG4051=U53_DAC_LV1@X0 nEN=L, U52=LV1-pin1 FMC_A0A1A2=101"
1241,4,J2_JB4,12,0x063,001100011,99,3,0,2,1,5,101,1,"PIX4051=U30_4051L4@X1, PIX4052=U67_4052Mux3@S2A, DG4051=U53_DAC_LV1@X3 nEN=L, U52=LV1-pin1 FMC_A0A1A2=101"
1242,4,J2_JB4,13,0x0A0,010100000,160,0,0,2,2,5,101,1,"PIX4051=U6_4051R4@X2, PIX4052=U67_4052Mux3@S2B, DG4051=U53_DAC_LV1@X0 nEN=L, U52=LV1-pin1 FMC_A0A1A2=101"
1243,4,J2_JB4,14,0x0A3,010100011,163,3,0,2,2,5,101,1,"PIX4051=U30_4051L4@X2, PIX4052=U67_4052Mux3@S2A, DG4051=U53_DAC_LV1@X3 nEN=L, U52=LV1-pin1 FMC_A0A1A2=101"
1244,4,J2_JB4,15,0x020,000100000,32,0,0,2,0,5,101,1,"PIX4051=U6_4051R4@X0, PIX4052=U67_4052Mux3@S2B, DG4051=U53_DAC_LV1@X0 nEN=L, U52=LV1-pin1 FMC_A0A1A2=101"
1245,4,J2_JB4,16,0x023,000100011,35,3,0,2,0,5,101,1,"PIX4051=U30_4051L4@X0, PIX4052=U67_4052Mux3@S2A, DG4051=U53_DAC_LV1@X3 nEN=L, U52=LV1-pin1 FMC_A0A1A2=101"
1246,4,J2_JB4,17,0x0E0,011100000,224,0,0,2,3,5,101,1,"PIX4051=U6_4051R4@X3, PIX4052=U67_4052Mux3@S2B, DG4051=U53_DAC_LV1@X0 nEN=L, U52=LV1-pin1 FMC_A0A1A2=101"
1247,4,J2_JB4,18,0x0E3,011100011,227,3,0,2,3,5,101,1,"PIX4051=U30_4051L4@X3, PIX4052=U67_4052Mux3@S2A, DG4051=U53_DAC_LV1@X3 nEN=L, U52=LV1-pin1 FMC_A0A1A2=101"
1248,4,J2_JB4,19,0x152,101010010,338,2,0,1,5,5,101,1,"PIX4051=U7_4051R4@X5, PIX4052=U68_4052Mux3@S1B, DG4051=U53_DAC_LV1@X2 nEN=L, U52=LV1-pin1 FMC_A0A1A2=101"
1249,4,J2_JB4,20,0x146,101000110,326,6,0,0,5,5,101,1,"PIX4051=U31_4051L4@X5, PIX4052=U66_4052Mux3@S0A, DG4051=U53_DAC_LV1@X6 nEN=L, U52=LV1-pin1 FMC_A0A1A2=101"
1250,4,J2_JB4,21,0x1D2,111010010,466,2,0,1,7,5,101,1,"PIX4051=U7_4051R4@X7, PIX4052=U68_4052Mux3@S1B, DG4051=U53_DAC_LV1@X2 nEN=L, U52=LV1-pin1 FMC_A0A1A2=101"
1251,4,J2_JB4,22,0x1C6,111000110,454,6,0,0,7,5,101,1,"PIX4051=U31_4051L4@X7, PIX4052=U66_4052Mux3@S0A, DG4051=U53_DAC_LV1@X6 nEN=L, U52=LV1-pin1 FMC_A0A1A2=101"
1252,4,J2_JB4,23,0x112,100010010,274,2,0,1,4,5,101,1,"PIX4051=U7_4051R4@X4, PIX4052=U68_4052Mux3@S1B, DG4051=U53_DAC_LV1@X2 nEN=L, U52=LV1-pin1 FMC_A0A1A2=101"
1253,4,J2_JB4,24,0x106,100000110,262,6,0,0,4,5,101,1,"PIX4051=U31_4051L4@X4, PIX4052=U66_4052Mux3@S0A, DG4051=U53_DAC_LV1@X6 nEN=L, U52=LV1-pin1 FMC_A0A1A2=101"
1254,4,J2_JB4,25,0x192,110010010,402,2,0,1,6,5,101,1,"PIX4051=U7_4051R4@X6, PIX4052=U68_4052Mux3@S1B, DG4051=U53_DAC_LV1@X2 nEN=L, U52=LV1-pin1 FMC_A0A1A2=101"
1255,4,J2_JB4,26,0x186,110000110,390,6,0,0,6,5,101,1,"PIX4051=U31_4051L4@X6, PIX4052=U66_4052Mux3@S0A, DG4051=U53_DAC_LV1@X6 nEN=L, U52=LV1-pin1 FMC_A0A1A2=101"
1256,4,J2_JB4,27,0x052,001010010,82,2,0,1,1,5,101,1,"PIX4051=U7_4051R4@X1, PIX4052=U68_4052Mux3@S1B, DG4051=U53_DAC_LV1@X2 nEN=L, U52=LV1-pin1 FMC_A0A1A2=101"
1257,4,J2_JB4,28,0x046,001000110,70,6,0,0,1,5,101,1,"PIX4051=U31_4051L4@X1, PIX4052=U66_4052Mux3@S0A, DG4051=U53_DAC_LV1@X6 nEN=L, U52=LV1-pin1 FMC_A0A1A2=101"
1258,4,J2_JB4,29,0x092,010010010,146,2,0,1,2,5,101,1,"PIX4051=U7_4051R4@X2, PIX4052=U68_4052Mux3@S1B, DG4051=U53_DAC_LV1@X2 nEN=L, U52=LV1-pin1 FMC_A0A1A2=101"
1259,4,J2_JB4,30,0x086,010000110,134,6,0,0,2,5,101,1,"PIX4051=U31_4051L4@X2, PIX4052=U66_4052Mux3@S0A, DG4051=U53_DAC_LV1@X6 nEN=L, U52=LV1-pin1 FMC_A0A1A2=101"
1260,4,J2_JB4,31,0x012,000010010,18,2,0,1,0,5,101,1,"PIX4051=U7_4051R4@X0, PIX4052=U68_4052Mux3@S1B, DG4051=U53_DAC_LV1@X2 nEN=L, U52=LV1-pin1 FMC_A0A1A2=101"
1261,4,J2_JB4,32,0x006,000000110,6,6,0,0,0,5,101,1,"PIX4051=U31_4051L4@X0, PIX4052=U66_4052Mux3@S0A, DG4051=U53_DAC_LV1@X6 nEN=L, U52=LV1-pin1 FMC_A0A1A2=101"
1262,4,J2_JB4,33,0x0D2,011010010,210,2,0,1,3,5,101,1,"PIX4051=U7_4051R4@X3, PIX4052=U68_4052Mux3@S1B, DG4051=U53_DAC_LV1@X2 nEN=L, U52=LV1-pin1 FMC_A0A1A2=101"
1263,4,J2_JB4,34,0x0C6,011000110,198,6,0,0,3,5,101,1,"PIX4051=U31_4051L4@X3, PIX4052=U66_4052Mux3@S0A, DG4051=U53_DAC_LV1@X6 nEN=L, U52=LV1-pin1 FMC_A0A1A2=101"
1264,4,J2_JB4,35,0x142,101000010,322,2,0,0,5,5,101,1,"PIX4051=U8_4051R4@X5, PIX4052=U68_4052Mux3@S0B, DG4051=U53_DAC_LV1@X2 nEN=L, U52=LV1-pin1 FMC_A0A1A2=101"
1265,4,J2_JB4,36,0x156,101010110,342,6,0,1,5,5,101,1,"PIX4051=U32_4051L4@X5, PIX4052=U66_4052Mux3@S1A, DG4051=U53_DAC_LV1@X6 nEN=L, U52=LV1-pin1 FMC_A0A1A2=101"
1266,4,J2_JB4,37,0x1C2,111000010,450,2,0,0,7,5,101,1,"PIX4051=U8_4051R4@X7, PIX4052=U68_4052Mux3@S0B, DG4051=U53_DAC_LV1@X2 nEN=L, U52=LV1-pin1 FMC_A0A1A2=101"
1267,4,J2_JB4,38,0x1D6,111010110,470,6,0,1,7,5,101,1,"PIX4051=U32_4051L4@X7, PIX4052=U66_4052Mux3@S1A, DG4051=U53_DAC_LV1@X6 nEN=L, U52=LV1-pin1 FMC_A0A1A2=101"
1268,4,J2_JB4,39,0x102,100000010,258,2,0,0,4,5,101,1,"PIX4051=U8_4051R4@X4, PIX4052=U68_4052Mux3@S0B, DG4051=U53_DAC_LV1@X2 nEN=L, U52=LV1-pin1 FMC_A0A1A2=101"
1269,4,J2_JB4,40,0x116,100010110,278,6,0,1,4,5,101,1,"PIX4051=U32_4051L4@X4, PIX4052=U66_4052Mux3@S1A, DG4051=U53_DAC_LV1@X6 nEN=L, U52=LV1-pin1 FMC_A0A1A2=101"
1270,4,J2_JB4,41,0x182,110000010,386,2,0,0,6,5,101,1,"PIX4051=U8_4051R4@X6, PIX4052=U68_4052Mux3@S0B, DG4051=U53_DAC_LV1@X2 nEN=L, U52=LV1-pin1 FMC_A0A1A2=101"
1271,4,J2_JB4,42,0x196,110010110,406,6,0,1,6,5,101,1,"PIX4051=U32_4051L4@X6, PIX4052=U66_4052Mux3@S1A, DG4051=U53_DAC_LV1@X6 nEN=L, U52=LV1-pin1 FMC_A0A1A2=101"
1272,4,J2_JB4,43,0x042,001000010,66,2,0,0,1,5,101,1,"PIX4051=U8_4051R4@X1, PIX4052=U68_4052Mux3@S0B, DG4051=U53_DAC_LV1@X2 nEN=L, U52=LV1-pin1 FMC_A0A1A2=101"
1273,4,J2_JB4,44,0x056,001010110,86,6,0,1,1,5,101,1,"PIX4051=U32_4051L4@X1, PIX4052=U66_4052Mux3@S1A, DG4051=U53_DAC_LV1@X6 nEN=L, U52=LV1-pin1 FMC_A0A1A2=101"
1274,4,J2_JB4,45,0x082,010000010,130,2,0,0,2,5,101,1,"PIX4051=U8_4051R4@X2, PIX4052=U68_4052Mux3@S0B, DG4051=U53_DAC_LV1@X2 nEN=L, U52=LV1-pin1 FMC_A0A1A2=101"
1275,4,J2_JB4,46,0x096,010010110,150,6,0,1,2,5,101,1,"PIX4051=U32_4051L4@X2, PIX4052=U66_4052Mux3@S1A, DG4051=U53_DAC_LV1@X6 nEN=L, U52=LV1-pin1 FMC_A0A1A2=101"
1276,4,J2_JB4,47,0x002,000000010,2,2,0,0,0,5,101,1,"PIX4051=U8_4051R4@X0, PIX4052=U68_4052Mux3@S0B, DG4051=U53_DAC_LV1@X2 nEN=L, U52=LV1-pin1 FMC_A0A1A2=101"
1277,4,J2_JB4,48,0x016,000010110,22,6,0,1,0,5,101,1,"PIX4051=U32_4051L4@X0, PIX4052=U66_4052Mux3@S1A, DG4051=U53_DAC_LV1@X6 nEN=L, U52=LV1-pin1 FMC_A0A1A2=101"
1278,4,J2_JB4,49,0x0C2,011000010,194,2,0,0,3,5,101,1,"PIX4051=U8_4051R4@X3, PIX4052=U68_4052Mux3@S0B, DG4051=U53_DAC_LV1@X2 nEN=L, U52=LV1-pin1 FMC_A0A1A2=101"
1279,4,J2_JB4,50,0x0D6,011010110,214,6,0,1,3,5,101,1,"PIX4051=U32_4051L4@X3, PIX4052=U66_4052Mux3@S1A, DG4051=U53_DAC_LV1@X6 nEN=L, U52=LV1-pin1 FMC_A0A1A2=101"
1280,4,J2_JB4,51,0x151,101010001,337,1,0,1,5,5,101,1,"PIX4051=U9_4051R4@X5, PIX4052=U68_4052Mux3@S1A, DG4051=U53_DAC_LV1@X1 nEN=L, U52=LV1-pin1 FMC_A0A1A2=101"
1281,4,J2_JB4,52,0x144,101000100,324,4,0,0,5,5,101,1,"PIX4051=U33_4051L4@X5, PIX4052=U66_4052Mux3@S0B, DG4051=U53_DAC_LV1@X4 nEN=L, U52=LV1-pin1 FMC_A0A1A2=101"
1282,4,J2_JB4,53,0x1D1,111010001,465,1,0,1,7,5,101,1,"PIX4051=U9_4051R4@X7, PIX4052=U68_4052Mux3@S1A, DG4051=U53_DAC_LV1@X1 nEN=L, U52=LV1-pin1 FMC_A0A1A2=101"
1283,4,J2_JB4,54,0x1C4,111000100,452,4,0,0,7,5,101,1,"PIX4051=U33_4051L4@X7, PIX4052=U66_4052Mux3@S0B, DG4051=U53_DAC_LV1@X4 nEN=L, U52=LV1-pin1 FMC_A0A1A2=101"
1284,4,J2_JB4,55,0x111,100010001,273,1,0,1,4,5,101,1,"PIX4051=U9_4051R4@X4, PIX4052=U68_4052Mux3@S1A, DG4051=U53_DAC_LV1@X1 nEN=L, U52=LV1-pin1 FMC_A0A1A2=101"
1285,4,J2_JB4,56,0x104,100000100,260,4,0,0,4,5,101,1,"PIX4051=U33_4051L4@X4, PIX4052=U66_4052Mux3@S0B, DG4051=U53_DAC_LV1@X4 nEN=L, U52=LV1-pin1 FMC_A0A1A2=101"
1286,4,J2_JB4,57,0x191,110010001,401,1,0,1,6,5,101,1,"PIX4051=U9_4051R4@X6, PIX4052=U68_4052Mux3@S1A, DG4051=U53_DAC_LV1@X1 nEN=L, U52=LV1-pin1 FMC_A0A1A2=101"
1287,4,J2_JB4,58,0x184,110000100,388,4,0,0,6,5,101,1,"PIX4051=U33_4051L4@X6, PIX4052=U66_4052Mux3@S0B, DG4051=U53_DAC_LV1@X4 nEN=L, U52=LV1-pin1 FMC_A0A1A2=101"
1288,4,J2_JB4,59,0x051,001010001,81,1,0,1,1,5,101,1,"PIX4051=U9_4051R4@X1, PIX4052=U68_4052Mux3@S1A, DG4051=U53_DAC_LV1@X1 nEN=L, U52=LV1-pin1 FMC_A0A1A2=101"
1289,4,J2_JB4,60,0x044,001000100,68,4,0,0,1,5,101,1,"PIX4051=U33_4051L4@X1, PIX4052=U66_4052Mux3@S0B, DG4051=U53_DAC_LV1@X4 nEN=L, U52=LV1-pin1 FMC_A0A1A2=101"
1290,4,J2_JB4,61,0x091,010010001,145,1,0,1,2,5,101,1,"PIX4051=U9_4051R4@X2, PIX4052=U68_4052Mux3@S1A, DG4051=U53_DAC_LV1@X1 nEN=L, U52=LV1-pin1 FMC_A0A1A2=101"
1291,4,J2_JB4,62,0x084,010000100,132,4,0,0,2,5,101,1,"PIX4051=U33_4051L4@X2, PIX4052=U66_4052Mux3@S0B, DG4051=U53_DAC_LV1@X4 nEN=L, U52=LV1-pin1 FMC_A0A1A2=101"
1292,4,J2_JB4,63,0x011,000010001,17,1,0,1,0,5,101,1,"PIX4051=U9_4051R4@X0, PIX4052=U68_4052Mux3@S1A, DG4051=U53_DAC_LV1@X1 nEN=L, U52=LV1-pin1 FMC_A0A1A2=101"
1293,4,J2_JB4,64,0x004,000000100,4,4,0,0,0,5,101,1,"PIX4051=U33_4051L4@X0, PIX4052=U66_4052Mux3@S0B, DG4051=U53_DAC_LV1@X4 nEN=L, U52=LV1-pin1 FMC_A0A1A2=101"
1294,4,J2_JB4,65,0x0D1,011010001,209,1,0,1,3,5,101,1,"PIX4051=U9_4051R4@X3, PIX4052=U68_4052Mux3@S1A, DG4051=U53_DAC_LV1@X1 nEN=L, U52=LV1-pin1 FMC_A0A1A2=101"
1295,4,J2_JB4,66,0x0C4,011000100,196,4,0,0,3,5,101,1,"PIX4051=U33_4051L4@X3, PIX4052=U66_4052Mux3@S0B, DG4051=U53_DAC_LV1@X4 nEN=L, U52=LV1-pin1 FMC_A0A1A2=101"
1296,4,J2_JB4,67,0x141,101000001,321,1,0,0,5,5,101,1,"PIX4051=U10_4051R4@X5, PIX4052=U68_4052Mux3@S0A, DG4051=U53_DAC_LV1@X1 nEN=L, U52=LV1-pin1 FMC_A0A1A2=101"
1297,4,J2_JB4,68,0x154,101010100,340,4,0,1,5,5,101,1,"PIX4051=U34_4051L4@X5, PIX4052=U66_4052Mux3@S1B, DG4051=U53_DAC_LV1@X4 nEN=L, U52=LV1-pin1 FMC_A0A1A2=101"
1298,4,J2_JB4,69,0x1C1,111000001,449,1,0,0,7,5,101,1,"PIX4051=U10_4051R4@X7, PIX4052=U68_4052Mux3@S0A, DG4051=U53_DAC_LV1@X1 nEN=L, U52=LV1-pin1 FMC_A0A1A2=101"
1299,4,J2_JB4,70,0x1D4,111010100,468,4,0,1,7,5,101,1,"PIX4051=U34_4051L4@X7, PIX4052=U66_4052Mux3@S1B, DG4051=U53_DAC_LV1@X4 nEN=L, U52=LV1-pin1 FMC_A0A1A2=101"
1300,4,J2_JB4,71,0x101,100000001,257,1,0,0,4,5,101,1,"PIX4051=U10_4051R4@X4, PIX4052=U68_4052Mux3@S0A, DG4051=U53_DAC_LV1@X1 nEN=L, U52=LV1-pin1 FMC_A0A1A2=101"
1301,4,J2_JB4,72,0x114,100010100,276,4,0,1,4,5,101,1,"PIX4051=U34_4051L4@X4, PIX4052=U66_4052Mux3@S1B, DG4051=U53_DAC_LV1@X4 nEN=L, U52=LV1-pin1 FMC_A0A1A2=101"
1302,4,J2_JB4,73,0x181,110000001,385,1,0,0,6,5,101,1,"PIX4051=U10_4051R4@X6, PIX4052=U68_4052Mux3@S0A, DG4051=U53_DAC_LV1@X1 nEN=L, U52=LV1-pin1 FMC_A0A1A2=101"
1303,4,J2_JB4,74,0x194,110010100,404,4,0,1,6,5,101,1,"PIX4051=U34_4051L4@X6, PIX4052=U66_4052Mux3@S1B, DG4051=U53_DAC_LV1@X4 nEN=L, U52=LV1-pin1 FMC_A0A1A2=101"
1304,4,J2_JB4,75,0x041,001000001,65,1,0,0,1,5,101,1,"PIX4051=U10_4051R4@X1, PIX4052=U68_4052Mux3@S0A, DG4051=U53_DAC_LV1@X1 nEN=L, U52=LV1-pin1 FMC_A0A1A2=101"
1305,4,J2_JB4,76,0x054,001010100,84,4,0,1,1,5,101,1,"PIX4051=U34_4051L4@X1, PIX4052=U66_4052Mux3@S1B, DG4051=U53_DAC_LV1@X4 nEN=L, U52=LV1-pin1 FMC_A0A1A2=101"
1306,4,J2_JB12,1,0x081,010000001,129,1,0,0,2,5,101,1,"PIX4051=U10_4051R4@X2, PIX4052=U68_4052Mux3@S0A, DG4051=U53_DAC_LV1@X1 nEN=L, U52=LV1-pin1 FMC_A0A1A2=101"
1307,4,J2_JB12,2,0x094,010010100,148,4,0,1,2,5,101,1,"PIX4051=U34_4051L4@X2, PIX4052=U66_4052Mux3@S1B, DG4051=U53_DAC_LV1@X4 nEN=L, U52=LV1-pin1 FMC_A0A1A2=101"
1308,4,J2_JB12,3,0x001,000000001,1,1,0,0,0,5,101,1,"PIX4051=U10_4051R4@X0, PIX4052=U68_4052Mux3@S0A, DG4051=U53_DAC_LV1@X1 nEN=L, U52=LV1-pin1 FMC_A0A1A2=101"
1309,4,J2_JB12,4,0x014,000010100,20,4,0,1,0,5,101,1,"PIX4051=U34_4051L4@X0, PIX4052=U66_4052Mux3@S1B, DG4051=U53_DAC_LV1@X4 nEN=L, U52=LV1-pin1 FMC_A0A1A2=101"
1310,4,J2_JB12,5,0x0C1,011000001,193,1,0,0,3,5,101,1,"PIX4051=U10_4051R4@X3, PIX4052=U68_4052Mux3@S0A, DG4051=U53_DAC_LV1@X1 nEN=L, U52=LV1-pin1 FMC_A0A1A2=101"
1311,4,J2_JB12,6,0x0D4,011010100,212,4,0,1,3,5,101,1,"PIX4051=U34_4051L4@X3, PIX4052=U66_4052Mux3@S1B, DG4051=U53_DAC_LV1@X4 nEN=L, U52=LV1-pin1 FMC_A0A1A2=101"
1312,4,J2_JB12,7,0x150,101010000,336,0,0,1,5,5,101,1,"PIX4051=U11_4051R4@X5, PIX4052=U67_4052Mux3@S1B, DG4051=U53_DAC_LV1@X0 nEN=L, U52=LV1-pin1 FMC_A0A1A2=101"
1313,4,J2_JB12,8,0x143,101000011,323,3,0,0,5,5,101,1,"PIX4051=U35_4051L4@X5, PIX4052=U67_4052Mux3@S0A, DG4051=U53_DAC_LV1@X3 nEN=L, U52=LV1-pin1 FMC_A0A1A2=101"
1314,4,J2_JB12,9,0x1D0,111010000,464,0,0,1,7,5,101,1,"PIX4051=U11_4051R4@X7, PIX4052=U67_4052Mux3@S1B, DG4051=U53_DAC_LV1@X0 nEN=L, U52=LV1-pin1 FMC_A0A1A2=101"
1315,4,J2_JB12,10,0x1C3,111000011,451,3,0,0,7,5,101,1,"PIX4051=U35_4051L4@X7, PIX4052=U67_4052Mux3@S0A, DG4051=U53_DAC_LV1@X3 nEN=L, U52=LV1-pin1 FMC_A0A1A2=101"
1316,4,J2_JB12,11,0x110,100010000,272,0,0,1,4,5,101,1,"PIX4051=U11_4051R4@X4, PIX4052=U67_4052Mux3@S1B, DG4051=U53_DAC_LV1@X0 nEN=L, U52=LV1-pin1 FMC_A0A1A2=101"
1317,4,J2_JB12,12,0x103,100000011,259,3,0,0,4,5,101,1,"PIX4051=U35_4051L4@X4, PIX4052=U67_4052Mux3@S0A, DG4051=U53_DAC_LV1@X3 nEN=L, U52=LV1-pin1 FMC_A0A1A2=101"
1318,4,J2_JB12,13,0x190,110010000,400,0,0,1,6,5,101,1,"PIX4051=U11_4051R4@X6, PIX4052=U67_4052Mux3@S1B, DG4051=U53_DAC_LV1@X0 nEN=L, U52=LV1-pin1 FMC_A0A1A2=101"
1319,4,J2_JB12,14,0x183,110000011,387,3,0,0,6,5,101,1,"PIX4051=U35_4051L4@X6, PIX4052=U67_4052Mux3@S0A, DG4051=U53_DAC_LV1@X3 nEN=L, U52=LV1-pin1 FMC_A0A1A2=101"
1320,4,J2_JB12,15,0x050,001010000,80,0,0,1,1,5,101,1,"PIX4051=U11_4051R4@X1, PIX4052=U67_4052Mux3@S1B, DG4051=U53_DAC_LV1@X0 nEN=L, U52=LV1-pin1 FMC_A0A1A2=101"
1321,4,J2_JB12,16,0x043,001000011,67,3,0,0,1,5,101,1,"PIX4051=U35_4051L4@X1, PIX4052=U67_4052Mux3@S0A, DG4051=U53_DAC_LV1@X3 nEN=L, U52=LV1-pin1 FMC_A0A1A2=101"
1322,4,J2_JB12,17,0x090,010010000,144,0,0,1,2,5,101,1,"PIX4051=U11_4051R4@X2, PIX4052=U67_4052Mux3@S1B, DG4051=U53_DAC_LV1@X0 nEN=L, U52=LV1-pin1 FMC_A0A1A2=101"
1323,4,J2_JB12,18,0x083,010000011,131,3,0,0,2,5,101,1,"PIX4051=U35_4051L4@X2, PIX4052=U67_4052Mux3@S0A, DG4051=U53_DAC_LV1@X3 nEN=L, U52=LV1-pin1 FMC_A0A1A2=101"
1324,4,J2_JB12,19,0x010,000010000,16,0,0,1,0,5,101,1,"PIX4051=U11_4051R4@X0, PIX4052=U67_4052Mux3@S1B, DG4051=U53_DAC_LV1@X0 nEN=L, U52=LV1-pin1 FMC_A0A1A2=101"
1325,4,J2_JB12,20,0x003,000000011,3,3,0,0,0,5,101,1,"PIX4051=U35_4051L4@X0, PIX4052=U67_4052Mux3@S0A, DG4051=U53_DAC_LV1@X3 nEN=L, U52=LV1-pin1 FMC_A0A1A2=101"
1326,4,J2_JB12,21,0x0D0,011010000,208,0,0,1,3,5,101,1,"PIX4051=U11_4051R4@X3, PIX4052=U67_4052Mux3@S1B, DG4051=U53_DAC_LV1@X0 nEN=L, U52=LV1-pin1 FMC_A0A1A2=101"
1327,4,J2_JB12,22,0x0C3,011000011,195,3,0,0,3,5,101,1,"PIX4051=U35_4051L4@X3, PIX4052=U67_4052Mux3@S0A, DG4051=U53_DAC_LV1@X3 nEN=L, U52=LV1-pin1 FMC_A0A1A2=101"
1328,4,J2_JB12,23,0x140,101000000,320,0,0,0,5,5,101,1,"PIX4051=U12_4051R4@X5, PIX4052=U67_4052Mux3@S0B, DG4051=U53_DAC_LV1@X0 nEN=L, U52=LV1-pin1 FMC_A0A1A2=101"
1329,4,J2_JB12,24,0x153,101010011,339,3,0,1,5,5,101,1,"PIX4051=U36_4051L4@X5, PIX4052=U67_4052Mux3@S1A, DG4051=U53_DAC_LV1@X3 nEN=L, U52=LV1-pin1 FMC_A0A1A2=101"
1330,4,J2_JB12,25,0x1C0,111000000,448,0,0,0,7,5,101,1,"PIX4051=U12_4051R4@X7, PIX4052=U67_4052Mux3@S0B, DG4051=U53_DAC_LV1@X0 nEN=L, U52=LV1-pin1 FMC_A0A1A2=101"
1331,4,J2_JB12,26,0x1D3,111010011,467,3,0,1,7,5,101,1,"PIX4051=U36_4051L4@X7, PIX4052=U67_4052Mux3@S1A, DG4051=U53_DAC_LV1@X3 nEN=L, U52=LV1-pin1 FMC_A0A1A2=101"
1332,4,J2_JB12,27,0x100,100000000,256,0,0,0,4,5,101,1,"PIX4051=U12_4051R4@X4, PIX4052=U67_4052Mux3@S0B, DG4051=U53_DAC_LV1@X0 nEN=L, U52=LV1-pin1 FMC_A0A1A2=101"
1333,4,J2_JB12,28,0x113,100010011,275,3,0,1,4,5,101,1,"PIX4051=U36_4051L4@X4, PIX4052=U67_4052Mux3@S1A, DG4051=U53_DAC_LV1@X3 nEN=L, U52=LV1-pin1 FMC_A0A1A2=101"
1334,4,J2_JB12,29,0x180,110000000,384,0,0,0,6,5,101,1,"PIX4051=U12_4051R4@X6, PIX4052=U67_4052Mux3@S0B, DG4051=U53_DAC_LV1@X0 nEN=L, U52=LV1-pin1 FMC_A0A1A2=101"
1335,4,J2_JB12,30,0x193,110010011,403,3,0,1,6,5,101,1,"PIX4051=U36_4051L4@X6, PIX4052=U67_4052Mux3@S1A, DG4051=U53_DAC_LV1@X3 nEN=L, U52=LV1-pin1 FMC_A0A1A2=101"
1336,4,J2_JB12,31,0x040,001000000,64,0,0,0,1,5,101,1,"PIX4051=U12_4051R4@X1, PIX4052=U67_4052Mux3@S0B, DG4051=U53_DAC_LV1@X0 nEN=L, U52=LV1-pin1 FMC_A0A1A2=101"
1337,4,J2_JB12,32,0x053,001010011,83,3,0,1,1,5,101,1,"PIX4051=U36_4051L4@X1, PIX4052=U67_4052Mux3@S1A, DG4051=U53_DAC_LV1@X3 nEN=L, U52=LV1-pin1 FMC_A0A1A2=101"
1338,4,J2_JB12,33,0x080,010000000,128,0,0,0,2,5,101,1,"PIX4051=U12_4051R4@X2, PIX4052=U67_4052Mux3@S0B, DG4051=U53_DAC_LV1@X0 nEN=L, U52=LV1-pin1 FMC_A0A1A2=101"
1339,4,J2_JB12,34,0x093,010010011,147,3,0,1,2,5,101,1,"PIX4051=U36_4051L4@X2, PIX4052=U67_4052Mux3@S1A, DG4051=U53_DAC_LV1@X3 nEN=L, U52=LV1-pin1 FMC_A0A1A2=101"
1340,4,J2_JB12,35,0x000,000000000,0,0,0,0,0,5,101,1,"PIX4051=U12_4051R4@X0, PIX4052=U67_4052Mux3@S0B, DG4051=U53_DAC_LV1@X0 nEN=L, U52=LV1-pin1 FMC_A0A1A2=101"
1341,4,J2_JB12,36,0x013,000010011,19,3,0,1,0,5,101,1,"PIX4051=U36_4051L4@X0, PIX4052=U67_4052Mux3@S1A, DG4051=U53_DAC_LV1@X3 nEN=L, U52=LV1-pin1 FMC_A0A1A2=101"
1342,4,J2_JB12,37,0x0C0,011000000,192,0,0,0,3,5,101,1,"PIX4051=U12_4051R4@X3, PIX4052=U67_4052Mux3@S0B, DG4051=U53_DAC_LV1@X0 nEN=L, U52=LV1-pin1 FMC_A0A1A2=101"
1343,4,J2_JB12,38,0x0D3,011010011,211,3,0,1,3,5,101,1,"PIX4051=U36_4051L4@X3, PIX4052=U67_4052Mux3@S1A, DG4051=U53_DAC_LV1@X3 nEN=L, U52=LV1-pin1 FMC_A0A1A2=101"
1344,4,J2_JB12,39,0x160,101100000,352,0,0,2,5,7,111,5,"PIX4051=U13_4051R4@X5, PIX4052=U66_4052Mux9@S2A, DG4051=U53_DAC_LV3@X0 nEN=L, U52=LV3-pin1 FMC_A0A1A2=111"
1345,4,J2_JB12,40,0x163,101100011,355,3,0,2,5,7,111,5,"PIX4051=U37_4051L4@X5, PIX4052=U66_4052Mux9@S2B, DG4051=U53_DAC_LV3@X3 nEN=L, U52=LV3-pin1 FMC_A0A1A2=111"
1346,4,J2_JB12,41,0x1E0,111100000,480,0,0,2,7,7,111,5,"PIX4051=U13_4051R4@X7, PIX4052=U66_4052Mux9@S2A, DG4051=U53_DAC_LV3@X0 nEN=L, U52=LV3-pin1 FMC_A0A1A2=111"
1347,4,J2_JB12,42,0x1E3,111100011,483,3,0,2,7,7,111,5,"PIX4051=U37_4051L4@X7, PIX4052=U66_4052Mux9@S2B, DG4051=U53_DAC_LV3@X3 nEN=L, U52=LV3-pin1 FMC_A0A1A2=111"
1348,4,J2_JB12,43,0x120,100100000,288,0,0,2,4,7,111,5,"PIX4051=U13_4051R4@X4, PIX4052=U66_4052Mux9@S2A, DG4051=U53_DAC_LV3@X0 nEN=L, U52=LV3-pin1 FMC_A0A1A2=111"
1349,4,J2_JB12,44,0x123,100100011,291,3,0,2,4,7,111,5,"PIX4051=U37_4051L4@X4, PIX4052=U66_4052Mux9@S2B, DG4051=U53_DAC_LV3@X3 nEN=L, U52=LV3-pin1 FMC_A0A1A2=111"
1350,4,J2_JB12,45,0x1A0,110100000,416,0,0,2,6,7,111,5,"PIX4051=U13_4051R4@X6, PIX4052=U66_4052Mux9@S2A, DG4051=U53_DAC_LV3@X0 nEN=L, U52=LV3-pin1 FMC_A0A1A2=111"
1351,4,J2_JB12,46,0x1A3,110100011,419,3,0,2,6,7,111,5,"PIX4051=U37_4051L4@X6, PIX4052=U66_4052Mux9@S2B, DG4051=U53_DAC_LV3@X3 nEN=L, U52=LV3-pin1 FMC_A0A1A2=111"
1352,4,J2_JB12,47,0x060,001100000,96,0,0,2,1,7,111,5,"PIX4051=U13_4051R4@X1, PIX4052=U66_4052Mux9@S2A, DG4051=U53_DAC_LV3@X0 nEN=L, U52=LV3-pin1 FMC_A0A1A2=111"
1353,4,J2_JB12,48,0x063,001100011,99,3,0,2,1,7,111,5,"PIX4051=U37_4051L4@X1, PIX4052=U66_4052Mux9@S2B, DG4051=U53_DAC_LV3@X3 nEN=L, U52=LV3-pin1 FMC_A0A1A2=111"
1354,4,J2_JB12,49,0x0A0,010100000,160,0,0,2,2,7,111,5,"PIX4051=U13_4051R4@X2, PIX4052=U66_4052Mux9@S2A, DG4051=U53_DAC_LV3@X0 nEN=L, U52=LV3-pin1 FMC_A0A1A2=111"
1355,4,J2_JB12,50,0x0A3,010100011,163,3,0,2,2,7,111,5,"PIX4051=U37_4051L4@X2, PIX4052=U66_4052Mux9@S2B, DG4051=U53_DAC_LV3@X3 nEN=L, U52=LV3-pin1 FMC_A0A1A2=111"
1356,4,J2_JB12,51,0x020,000100000,32,0,0,2,0,7,111,5,"PIX4051=U13_4051R4@X0, PIX4052=U66_4052Mux9@S2A, DG4051=U53_DAC_LV3@X0 nEN=L, U52=LV3-pin1 FMC_A0A1A2=111"
1357,4,J2_JB12,52,0x023,000100011,35,3,0,2,0,7,111,5,"PIX4051=U37_4051L4@X0, PIX4052=U66_4052Mux9@S2B, DG4051=U53_DAC_LV3@X3 nEN=L, U52=LV3-pin1 FMC_A0A1A2=111"
1358,4,J2_JB12,53,0x0E0,011100000,224,0,0,2,3,7,111,5,"PIX4051=U13_4051R4@X3, PIX4052=U66_4052Mux9@S2A, DG4051=U53_DAC_LV3@X0 nEN=L, U52=LV3-pin1 FMC_A0A1A2=111"
1359,4,J2_JB12,54,0x0E3,011100011,227,3,0,2,3,7,111,5,"PIX4051=U37_4051L4@X3, PIX4052=U66_4052Mux9@S2B, DG4051=U53_DAC_LV3@X3 nEN=L, U52=LV3-pin1 FMC_A0A1A2=111"
1360,4,J2_JB12,55,0x170,101110000,368,0,0,3,5,7,111,5,"PIX4051=U14_4051R4@X5, PIX4052=U66_4052Mux9@S3A, DG4051=U53_DAC_LV3@X0 nEN=L, U52=LV3-pin1 FMC_A0A1A2=111"
1361,4,J2_JB12,56,0x173,101110011,371,3,0,3,5,7,111,5,"PIX4051=U38_4051L4@X5, PIX4052=U66_4052Mux9@S3B, DG4051=U53_DAC_LV3@X3 nEN=L, U52=LV3-pin1 FMC_A0A1A2=111"
1362,4,J2_JB12,57,0x1F0,111110000,496,0,0,3,7,7,111,5,"PIX4051=U14_4051R4@X7, PIX4052=U66_4052Mux9@S3A, DG4051=U53_DAC_LV3@X0 nEN=L, U52=LV3-pin1 FMC_A0A1A2=111"
1363,4,J2_JB12,58,0x1F3,111110011,499,3,0,3,7,7,111,5,"PIX4051=U38_4051L4@X7, PIX4052=U66_4052Mux9@S3B, DG4051=U53_DAC_LV3@X3 nEN=L, U52=LV3-pin1 FMC_A0A1A2=111"
1364,4,J2_JB12,59,0x130,100110000,304,0,0,3,4,7,111,5,"PIX4051=U14_4051R4@X4, PIX4052=U66_4052Mux9@S3A, DG4051=U53_DAC_LV3@X0 nEN=L, U52=LV3-pin1 FMC_A0A1A2=111"
1365,4,J2_JB12,60,0x133,100110011,307,3,0,3,4,7,111,5,"PIX4051=U38_4051L4@X4, PIX4052=U66_4052Mux9@S3B, DG4051=U53_DAC_LV3@X3 nEN=L, U52=LV3-pin1 FMC_A0A1A2=111"
1366,4,J2_JB12,61,0x1B0,110110000,432,0,0,3,6,7,111,5,"PIX4051=U14_4051R4@X6, PIX4052=U66_4052Mux9@S3A, DG4051=U53_DAC_LV3@X0 nEN=L, U52=LV3-pin1 FMC_A0A1A2=111"
1367,4,J2_JB12,62,0x1B3,110110011,435,3,0,3,6,7,111,5,"PIX4051=U38_4051L4@X6, PIX4052=U66_4052Mux9@S3B, DG4051=U53_DAC_LV3@X3 nEN=L, U52=LV3-pin1 FMC_A0A1A2=111"
1368,4,J2_JB12,63,0x070,001110000,112,0,0,3,1,7,111,5,"PIX4051=U14_4051R4@X1, PIX4052=U66_4052Mux9@S3A, DG4051=U53_DAC_LV3@X0 nEN=L, U52=LV3-pin1 FMC_A0A1A2=111"
1369,4,J2_JB12,64,0x073,001110011,115,3,0,3,1,7,111,5,"PIX4051=U38_4051L4@X1, PIX4052=U66_4052Mux9@S3B, DG4051=U53_DAC_LV3@X3 nEN=L, U52=LV3-pin1 FMC_A0A1A2=111"
1370,4,J2_JB12,65,0x0B0,010110000,176,0,0,3,2,7,111,5,"PIX4051=U14_4051R4@X2, PIX4052=U66_4052Mux9@S3A, DG4051=U53_DAC_LV3@X0 nEN=L, U52=LV3-pin1 FMC_A0A1A2=111"
1371,4,J2_JB12,66,0x0B3,010110011,179,3,0,3,2,7,111,5,"PIX4051=U38_4051L4@X2, PIX4052=U66_4052Mux9@S3B, DG4051=U53_DAC_LV3@X3 nEN=L, U52=LV3-pin1 FMC_A0A1A2=111"
1372,4,J2_JB12,67,0x030,000110000,48,0,0,3,0,7,111,5,"PIX4051=U14_4051R4@X0, PIX4052=U66_4052Mux9@S3A, DG4051=U53_DAC_LV3@X0 nEN=L, U52=LV3-pin1 FMC_A0A1A2=111"
1373,4,J2_JB12,68,0x033,000110011,51,3,0,3,0,7,111,5,"PIX4051=U38_4051L4@X0, PIX4052=U66_4052Mux9@S3B, DG4051=U53_DAC_LV3@X3 nEN=L, U52=LV3-pin1 FMC_A0A1A2=111"
1374,4,J2_JB12,69,0x0F0,011110000,240,0,0,3,3,7,111,5,"PIX4051=U14_4051R4@X3, PIX4052=U66_4052Mux9@S3A, DG4051=U53_DAC_LV3@X0 nEN=L, U52=LV3-pin1 FMC_A0A1A2=111"
1375,4,J2_JB12,70,0x0F3,011110011,243,3,0,3,3,7,111,5,"PIX4051=U38_4051L4@X3, PIX4052=U66_4052Mux9@S3B, DG4051=U53_DAC_LV3@X3 nEN=L, U52=LV3-pin1 FMC_A0A1A2=111"
1376,4,J2_JB12,71,0x171,101110001,369,1,0,3,5,7,111,5,"PIX4051=U15_4051R4@X5, PIX4052=U65_4052Mux9@S3B, DG4051=U53_DAC_LV3@X1 nEN=L, U52=LV3-pin1 FMC_A0A1A2=111"
1377,4,J2_JB12,72,0x174,101110100,372,4,0,3,5,7,111,5,"PIX4051=U39_4051L4@X5, PIX4052=U67_4052Mux9@S3A, DG4051=U53_DAC_LV3@X4 nEN=L, U52=LV3-pin1 FMC_A0A1A2=111"
1378,4,J2_JB12,73,0x1F1,111110001,497,1,0,3,7,7,111,5,"PIX4051=U15_4051R4@X7, PIX4052=U65_4052Mux9@S3B, DG4051=U53_DAC_LV3@X1 nEN=L, U52=LV3-pin1 FMC_A0A1A2=111"
1379,4,J2_JB12,74,0x1F4,111110100,500,4,0,3,7,7,111,5,"PIX4051=U39_4051L4@X7, PIX4052=U67_4052Mux9@S3A, DG4051=U53_DAC_LV3@X4 nEN=L, U52=LV3-pin1 FMC_A0A1A2=111"
1380,4,J2_JB12,75,0x131,100110001,305,1,0,3,4,7,111,5,"PIX4051=U15_4051R4@X4, PIX4052=U65_4052Mux9@S3B, DG4051=U53_DAC_LV3@X1 nEN=L, U52=LV3-pin1 FMC_A0A1A2=111"
1381,4,J2_JB12,76,0x134,100110100,308,4,0,3,4,7,111,5,"PIX4051=U39_4051L4@X4, PIX4052=U67_4052Mux9@S3A, DG4051=U53_DAC_LV3@X4 nEN=L, U52=LV3-pin1 FMC_A0A1A2=111"
1382,4,J2_JB20,1,0x1B1,110110001,433,1,0,3,6,7,111,5,"PIX4051=U15_4051R4@X6, PIX4052=U65_4052Mux9@S3B, DG4051=U53_DAC_LV3@X1 nEN=L, U52=LV3-pin1 FMC_A0A1A2=111"
1383,4,J2_JB20,2,0x1B4,110110100,436,4,0,3,6,7,111,5,"PIX4051=U39_4051L4@X6, PIX4052=U67_4052Mux9@S3A, DG4051=U53_DAC_LV3@X4 nEN=L, U52=LV3-pin1 FMC_A0A1A2=111"
1384,4,J2_JB20,3,0x071,001110001,113,1,0,3,1,7,111,5,"PIX4051=U15_4051R4@X1, PIX4052=U65_4052Mux9@S3B, DG4051=U53_DAC_LV3@X1 nEN=L, U52=LV3-pin1 FMC_A0A1A2=111"
1385,4,J2_JB20,4,0x074,001110100,116,4,0,3,1,7,111,5,"PIX4051=U39_4051L4@X1, PIX4052=U67_4052Mux9@S3A, DG4051=U53_DAC_LV3@X4 nEN=L, U52=LV3-pin1 FMC_A0A1A2=111"
1386,4,J2_JB20,5,0x0B1,010110001,177,1,0,3,2,7,111,5,"PIX4051=U15_4051R4@X2, PIX4052=U65_4052Mux9@S3B, DG4051=U53_DAC_LV3@X1 nEN=L, U52=LV3-pin1 FMC_A0A1A2=111"
1387,4,J2_JB20,6,0x0B4,010110100,180,4,0,3,2,7,111,5,"PIX4051=U39_4051L4@X2, PIX4052=U67_4052Mux9@S3A, DG4051=U53_DAC_LV3@X4 nEN=L, U52=LV3-pin1 FMC_A0A1A2=111"
1388,4,J2_JB20,7,0x031,000110001,49,1,0,3,0,7,111,5,"PIX4051=U15_4051R4@X0, PIX4052=U65_4052Mux9@S3B, DG4051=U53_DAC_LV3@X1 nEN=L, U52=LV3-pin1 FMC_A0A1A2=111"
1389,4,J2_JB20,8,0x034,000110100,52,4,0,3,0,7,111,5,"PIX4051=U39_4051L4@X0, PIX4052=U67_4052Mux9@S3A, DG4051=U53_DAC_LV3@X4 nEN=L, U52=LV3-pin1 FMC_A0A1A2=111"
1390,4,J2_JB20,9,0x0F1,011110001,241,1,0,3,3,7,111,5,"PIX4051=U15_4051R4@X3, PIX4052=U65_4052Mux9@S3B, DG4051=U53_DAC_LV3@X1 nEN=L, U52=LV3-pin1 FMC_A0A1A2=111"
1391,4,J2_JB20,10,0x0F4,011110100,244,4,0,3,3,7,111,5,"PIX4051=U39_4051L4@X3, PIX4052=U67_4052Mux9@S3A, DG4051=U53_DAC_LV3@X4 nEN=L, U52=LV3-pin1 FMC_A0A1A2=111"
1392,4,J2_JB20,11,0x161,101100001,353,1,0,2,5,7,111,5,"PIX4051=U16_4051R4@X5, PIX4052=U65_4052Mux9@S2B, DG4051=U53_DAC_LV3@X1 nEN=L, U52=LV3-pin1 FMC_A0A1A2=111"
1393,4,J2_JB20,12,0x164,101100100,356,4,0,2,5,7,111,5,"PIX4051=U40_4051L4@X5, PIX4052=U67_4052Mux9@S2A, DG4051=U53_DAC_LV3@X4 nEN=L, U52=LV3-pin1 FMC_A0A1A2=111"
1394,4,J2_JB20,13,0x1E1,111100001,481,1,0,2,7,7,111,5,"PIX4051=U16_4051R4@X7, PIX4052=U65_4052Mux9@S2B, DG4051=U53_DAC_LV3@X1 nEN=L, U52=LV3-pin1 FMC_A0A1A2=111"
1395,4,J2_JB20,14,0x1E4,111100100,484,4,0,2,7,7,111,5,"PIX4051=U40_4051L4@X7, PIX4052=U67_4052Mux9@S2A, DG4051=U53_DAC_LV3@X4 nEN=L, U52=LV3-pin1 FMC_A0A1A2=111"
1396,4,J2_JB20,15,0x121,100100001,289,1,0,2,4,7,111,5,"PIX4051=U16_4051R4@X4, PIX4052=U65_4052Mux9@S2B, DG4051=U53_DAC_LV3@X1 nEN=L, U52=LV3-pin1 FMC_A0A1A2=111"
1397,4,J2_JB20,16,0x124,100100100,292,4,0,2,4,7,111,5,"PIX4051=U40_4051L4@X4, PIX4052=U67_4052Mux9@S2A, DG4051=U53_DAC_LV3@X4 nEN=L, U52=LV3-pin1 FMC_A0A1A2=111"
1398,4,J2_JB20,17,0x1A1,110100001,417,1,0,2,6,7,111,5,"PIX4051=U16_4051R4@X6, PIX4052=U65_4052Mux9@S2B, DG4051=U53_DAC_LV3@X1 nEN=L, U52=LV3-pin1 FMC_A0A1A2=111"
1399,4,J2_JB20,18,0x1A4,110100100,420,4,0,2,6,7,111,5,"PIX4051=U40_4051L4@X6, PIX4052=U67_4052Mux9@S2A, DG4051=U53_DAC_LV3@X4 nEN=L, U52=LV3-pin1 FMC_A0A1A2=111"
1400,4,J2_JB20,19,0x061,001100001,97,1,0,2,1,7,111,5,"PIX4051=U16_4051R4@X1, PIX4052=U65_4052Mux9@S2B, DG4051=U53_DAC_LV3@X1 nEN=L, U52=LV3-pin1 FMC_A0A1A2=111"
1401,4,J2_JB20,20,0x064,001100100,100,4,0,2,1,7,111,5,"PIX4051=U40_4051L4@X1, PIX4052=U67_4052Mux9@S2A, DG4051=U53_DAC_LV3@X4 nEN=L, U52=LV3-pin1 FMC_A0A1A2=111"
1402,4,J2_JB20,21,0x0A1,010100001,161,1,0,2,2,7,111,5,"PIX4051=U16_4051R4@X2, PIX4052=U65_4052Mux9@S2B, DG4051=U53_DAC_LV3@X1 nEN=L, U52=LV3-pin1 FMC_A0A1A2=111"
1403,4,J2_JB20,22,0x0A4,010100100,164,4,0,2,2,7,111,5,"PIX4051=U40_4051L4@X2, PIX4052=U67_4052Mux9@S2A, DG4051=U53_DAC_LV3@X4 nEN=L, U52=LV3-pin1 FMC_A0A1A2=111"
1404,4,J2_JB20,23,0x021,000100001,33,1,0,2,0,7,111,5,"PIX4051=U16_4051R4@X0, PIX4052=U65_4052Mux9@S2B, DG4051=U53_DAC_LV3@X1 nEN=L, U52=LV3-pin1 FMC_A0A1A2=111"
1405,4,J2_JB20,24,0x024,000100100,36,4,0,2,0,7,111,5,"PIX4051=U40_4051L4@X0, PIX4052=U67_4052Mux9@S2A, DG4051=U53_DAC_LV3@X4 nEN=L, U52=LV3-pin1 FMC_A0A1A2=111"
1406,4,J2_JB20,25,0x0E1,011100001,225,1,0,2,3,7,111,5,"PIX4051=U16_4051R4@X3, PIX4052=U65_4052Mux9@S2B, DG4051=U53_DAC_LV3@X1 nEN=L, U52=LV3-pin1 FMC_A0A1A2=111"
1407,4,J2_JB20,26,0x0E4,011100100,228,4,0,2,3,7,111,5,"PIX4051=U40_4051L4@X3, PIX4052=U67_4052Mux9@S2A, DG4051=U53_DAC_LV3@X4 nEN=L, U52=LV3-pin1 FMC_A0A1A2=111"
1408,4,J2_JB20,27,0x162,101100010,354,2,0,2,5,7,111,5,"PIX4051=U17_4051R4@X5, PIX4052=U65_4052Mux9@S2A, DG4051=U53_DAC_LV3@X2 nEN=L, U52=LV3-pin1 FMC_A0A1A2=111"
1409,4,J2_JB20,28,0x166,101100110,358,6,0,2,5,7,111,5,"PIX4051=U41_4051L4@X5, PIX4052=U67_4052Mux9@S2B, DG4051=U53_DAC_LV3@X6 nEN=L, U52=LV3-pin1 FMC_A0A1A2=111"
1410,4,J2_JB20,29,0x1E2,111100010,482,2,0,2,7,7,111,5,"PIX4051=U17_4051R4@X7, PIX4052=U65_4052Mux9@S2A, DG4051=U53_DAC_LV3@X2 nEN=L, U52=LV3-pin1 FMC_A0A1A2=111"
1411,4,J2_JB20,30,0x1E6,111100110,486,6,0,2,7,7,111,5,"PIX4051=U41_4051L4@X7, PIX4052=U67_4052Mux9@S2B, DG4051=U53_DAC_LV3@X6 nEN=L, U52=LV3-pin1 FMC_A0A1A2=111"
1412,4,J2_JB20,31,0x122,100100010,290,2,0,2,4,7,111,5,"PIX4051=U17_4051R4@X4, PIX4052=U65_4052Mux9@S2A, DG4051=U53_DAC_LV3@X2 nEN=L, U52=LV3-pin1 FMC_A0A1A2=111"
1413,4,J2_JB20,32,0x126,100100110,294,6,0,2,4,7,111,5,"PIX4051=U41_4051L4@X4, PIX4052=U67_4052Mux9@S2B, DG4051=U53_DAC_LV3@X6 nEN=L, U52=LV3-pin1 FMC_A0A1A2=111"
1414,4,J2_JB20,33,0x1A2,110100010,418,2,0,2,6,7,111,5,"PIX4051=U17_4051R4@X6, PIX4052=U65_4052Mux9@S2A, DG4051=U53_DAC_LV3@X2 nEN=L, U52=LV3-pin1 FMC_A0A1A2=111"
1415,4,J2_JB20,34,0x1A6,110100110,422,6,0,2,6,7,111,5,"PIX4051=U41_4051L4@X6, PIX4052=U67_4052Mux9@S2B, DG4051=U53_DAC_LV3@X6 nEN=L, U52=LV3-pin1 FMC_A0A1A2=111"
1416,4,J2_JB20,35,0x062,001100010,98,2,0,2,1,7,111,5,"PIX4051=U17_4051R4@X1, PIX4052=U65_4052Mux9@S2A, DG4051=U53_DAC_LV3@X2 nEN=L, U52=LV3-pin1 FMC_A0A1A2=111"
1417,4,J2_JB20,36,0x066,001100110,102,6,0,2,1,7,111,5,"PIX4051=U41_4051L4@X1, PIX4052=U67_4052Mux9@S2B, DG4051=U53_DAC_LV3@X6 nEN=L, U52=LV3-pin1 FMC_A0A1A2=111"
1418,4,J2_JB20,37,0x0A2,010100010,162,2,0,2,2,7,111,5,"PIX4051=U17_4051R4@X2, PIX4052=U65_4052Mux9@S2A, DG4051=U53_DAC_LV3@X2 nEN=L, U52=LV3-pin1 FMC_A0A1A2=111"
1419,4,J2_JB20,38,0x0A6,010100110,166,6,0,2,2,7,111,5,"PIX4051=U41_4051L4@X2, PIX4052=U67_4052Mux9@S2B, DG4051=U53_DAC_LV3@X6 nEN=L, U52=LV3-pin1 FMC_A0A1A2=111"
1420,4,J2_JB20,39,0x022,000100010,34,2,0,2,0,7,111,5,"PIX4051=U17_4051R4@X0, PIX4052=U65_4052Mux9@S2A, DG4051=U53_DAC_LV3@X2 nEN=L, U52=LV3-pin1 FMC_A0A1A2=111"
1421,4,J2_JB20,40,0x026,000100110,38,6,0,2,0,7,111,5,"PIX4051=U41_4051L4@X0, PIX4052=U67_4052Mux9@S2B, DG4051=U53_DAC_LV3@X6 nEN=L, U52=LV3-pin1 FMC_A0A1A2=111"
1422,4,J2_JB20,41,0x0E2,011100010,226,2,0,2,3,7,111,5,"PIX4051=U17_4051R4@X3, PIX4052=U65_4052Mux9@S2A, DG4051=U53_DAC_LV3@X2 nEN=L, U52=LV3-pin1 FMC_A0A1A2=111"
1423,4,J2_JB20,42,0x0E6,011100110,230,6,0,2,3,7,111,5,"PIX4051=U41_4051L4@X3, PIX4052=U67_4052Mux9@S2B, DG4051=U53_DAC_LV3@X6 nEN=L, U52=LV3-pin1 FMC_A0A1A2=111"
1424,4,J2_JB20,43,0x172,101110010,370,2,0,3,5,7,111,5,"PIX4051=U18_4051R4@X5, PIX4052=U65_4052Mux9@S3A, DG4051=U53_DAC_LV3@X2 nEN=L, U52=LV3-pin1 FMC_A0A1A2=111"
1425,4,J2_JB20,44,0x176,101110110,374,6,0,3,5,7,111,5,"PIX4051=U42_4051L4@X5, PIX4052=U67_4052Mux9@S3B, DG4051=U53_DAC_LV3@X6 nEN=L, U52=LV3-pin1 FMC_A0A1A2=111"
1426,4,J2_JB20,45,0x1F2,111110010,498,2,0,3,7,7,111,5,"PIX4051=U18_4051R4@X7, PIX4052=U65_4052Mux9@S3A, DG4051=U53_DAC_LV3@X2 nEN=L, U52=LV3-pin1 FMC_A0A1A2=111"
1427,4,J2_JB20,46,0x1F6,111110110,502,6,0,3,7,7,111,5,"PIX4051=U42_4051L4@X7, PIX4052=U67_4052Mux9@S3B, DG4051=U53_DAC_LV3@X6 nEN=L, U52=LV3-pin1 FMC_A0A1A2=111"
1428,4,J2_JB20,47,0x132,100110010,306,2,0,3,4,7,111,5,"PIX4051=U18_4051R4@X4, PIX4052=U65_4052Mux9@S3A, DG4051=U53_DAC_LV3@X2 nEN=L, U52=LV3-pin1 FMC_A0A1A2=111"
1429,4,J2_JB20,48,0x136,100110110,310,6,0,3,4,7,111,5,"PIX4051=U42_4051L4@X4, PIX4052=U67_4052Mux9@S3B, DG4051=U53_DAC_LV3@X6 nEN=L, U52=LV3-pin1 FMC_A0A1A2=111"
1430,4,J2_JB20,49,0x1B2,110110010,434,2,0,3,6,7,111,5,"PIX4051=U18_4051R4@X6, PIX4052=U65_4052Mux9@S3A, DG4051=U53_DAC_LV3@X2 nEN=L, U52=LV3-pin1 FMC_A0A1A2=111"
1431,4,J2_JB20,50,0x1B6,110110110,438,6,0,3,6,7,111,5,"PIX4051=U42_4051L4@X6, PIX4052=U67_4052Mux9@S3B, DG4051=U53_DAC_LV3@X6 nEN=L, U52=LV3-pin1 FMC_A0A1A2=111"
1432,4,J2_JB20,51,0x072,001110010,114,2,0,3,1,7,111,5,"PIX4051=U18_4051R4@X1, PIX4052=U65_4052Mux9@S3A, DG4051=U53_DAC_LV3@X2 nEN=L, U52=LV3-pin1 FMC_A0A1A2=111"
1433,4,J2_JB20,52,0x076,001110110,118,6,0,3,1,7,111,5,"PIX4051=U42_4051L4@X1, PIX4052=U67_4052Mux9@S3B, DG4051=U53_DAC_LV3@X6 nEN=L, U52=LV3-pin1 FMC_A0A1A2=111"
1434,4,J2_JB20,53,0x0B2,010110010,178,2,0,3,2,7,111,5,"PIX4051=U18_4051R4@X2, PIX4052=U65_4052Mux9@S3A, DG4051=U53_DAC_LV3@X2 nEN=L, U52=LV3-pin1 FMC_A0A1A2=111"
1435,4,J2_JB20,54,0x0B6,010110110,182,6,0,3,2,7,111,5,"PIX4051=U42_4051L4@X2, PIX4052=U67_4052Mux9@S3B, DG4051=U53_DAC_LV3@X6 nEN=L, U52=LV3-pin1 FMC_A0A1A2=111"
1436,4,J2_JB20,55,0x032,000110010,50,2,0,3,0,7,111,5,"PIX4051=U18_4051R4@X0, PIX4052=U65_4052Mux9@S3A, DG4051=U53_DAC_LV3@X2 nEN=L, U52=LV3-pin1 FMC_A0A1A2=111"
1437,4,J2_JB20,56,0x036,000110110,54,6,0,3,0,7,111,5,"PIX4051=U42_4051L4@X0, PIX4052=U67_4052Mux9@S3B, DG4051=U53_DAC_LV3@X6 nEN=L, U52=LV3-pin1 FMC_A0A1A2=111"
1438,4,J2_JB20,57,0x0F2,011110010,242,2,0,3,3,7,111,5,"PIX4051=U18_4051R4@X3, PIX4052=U65_4052Mux9@S3A, DG4051=U53_DAC_LV3@X2 nEN=L, U52=LV3-pin1 FMC_A0A1A2=111"
1439,4,J2_JB20,58,0x0F6,011110110,246,6,0,3,3,7,111,5,"PIX4051=U42_4051L4@X3, PIX4052=U67_4052Mux9@S3B, DG4051=U53_DAC_LV3@X6 nEN=L, U52=LV3-pin1 FMC_A0A1A2=111"
1440,4,J2_JB20,59,0x150,101010000,336,0,0,1,5,7,111,5,"PIX4051=U19_4051R4@X5, PIX4052=U66_4052Mux9@S1A, DG4051=U53_DAC_LV3@X0 nEN=L, U52=LV3-pin1 FMC_A0A1A2=111"
1441,4,J2_JB20,60,0x143,101000011,323,3,0,0,5,7,111,5,"PIX4051=U43_4051L4@X5, PIX4052=U66_4052Mux9@S0B, DG4051=U53_DAC_LV3@X3 nEN=L, U52=LV3-pin1 FMC_A0A1A2=111"
1442,4,J2_JB20,61,0x1D0,111010000,464,0,0,1,7,7,111,5,"PIX4051=U19_4051R4@X7, PIX4052=U66_4052Mux9@S1A, DG4051=U53_DAC_LV3@X0 nEN=L, U52=LV3-pin1 FMC_A0A1A2=111"
1443,4,J2_JB20,62,0x1C3,111000011,451,3,0,0,7,7,111,5,"PIX4051=U43_4051L4@X7, PIX4052=U66_4052Mux9@S0B, DG4051=U53_DAC_LV3@X3 nEN=L, U52=LV3-pin1 FMC_A0A1A2=111"
1444,4,J2_JB20,63,0x110,100010000,272,0,0,1,4,7,111,5,"PIX4051=U19_4051R4@X4, PIX4052=U66_4052Mux9@S1A, DG4051=U53_DAC_LV3@X0 nEN=L, U52=LV3-pin1 FMC_A0A1A2=111"
1445,4,J2_JB20,64,0x103,100000011,259,3,0,0,4,7,111,5,"PIX4051=U43_4051L4@X4, PIX4052=U66_4052Mux9@S0B, DG4051=U53_DAC_LV3@X3 nEN=L, U52=LV3-pin1 FMC_A0A1A2=111"
1446,4,J2_JB20,65,0x190,110010000,400,0,0,1,6,7,111,5,"PIX4051=U19_4051R4@X6, PIX4052=U66_4052Mux9@S1A, DG4051=U53_DAC_LV3@X0 nEN=L, U52=LV3-pin1 FMC_A0A1A2=111"
1447,4,J2_JB20,66,0x183,110000011,387,3,0,0,6,7,111,5,"PIX4051=U43_4051L4@X6, PIX4052=U66_4052Mux9@S0B, DG4051=U53_DAC_LV3@X3 nEN=L, U52=LV3-pin1 FMC_A0A1A2=111"
1448,4,J2_JB20,67,0x050,001010000,80,0,0,1,1,7,111,5,"PIX4051=U19_4051R4@X1, PIX4052=U66_4052Mux9@S1A, DG4051=U53_DAC_LV3@X0 nEN=L, U52=LV3-pin1 FMC_A0A1A2=111"
1449,4,J2_JB20,68,0x043,001000011,67,3,0,0,1,7,111,5,"PIX4051=U43_4051L4@X1, PIX4052=U66_4052Mux9@S0B, DG4051=U53_DAC_LV3@X3 nEN=L, U52=LV3-pin1 FMC_A0A1A2=111"
1450,4,J2_JB20,69,0x090,010010000,144,0,0,1,2,7,111,5,"PIX4051=U19_4051R4@X2, PIX4052=U66_4052Mux9@S1A, DG4051=U53_DAC_LV3@X0 nEN=L, U52=LV3-pin1 FMC_A0A1A2=111"
1451,4,J2_JB20,70,0x083,010000011,131,3,0,0,2,7,111,5,"PIX4051=U43_4051L4@X2, PIX4052=U66_4052Mux9@S0B, DG4051=U53_DAC_LV3@X3 nEN=L, U52=LV3-pin1 FMC_A0A1A2=111"
1452,4,J2_JB20,71,0x010,000010000,16,0,0,1,0,7,111,5,"PIX4051=U19_4051R4@X0, PIX4052=U66_4052Mux9@S1A, DG4051=U53_DAC_LV3@X0 nEN=L, U52=LV3-pin1 FMC_A0A1A2=111"
1453,4,J2_JB20,72,0x003,000000011,3,3,0,0,0,7,111,5,"PIX4051=U43_4051L4@X0, PIX4052=U66_4052Mux9@S0B, DG4051=U53_DAC_LV3@X3 nEN=L, U52=LV3-pin1 FMC_A0A1A2=111"
1454,4,J2_JB20,73,0x0D0,011010000,208,0,0,1,3,7,111,5,"PIX4051=U19_4051R4@X3, PIX4052=U66_4052Mux9@S1A, DG4051=U53_DAC_LV3@X0 nEN=L, U52=LV3-pin1 FMC_A0A1A2=111"
1455,4,J2_JB20,74,0x0C3,011000011,195,3,0,0,3,7,111,5,"PIX4051=U43_4051L4@X3, PIX4052=U66_4052Mux9@S0B, DG4051=U53_DAC_LV3@X3 nEN=L, U52=LV3-pin1 FMC_A0A1A2=111"
1456,4,J2_JB20,75,0x140,101000000,320,0,0,0,5,7,111,5,"PIX4051=U20_4051R4@X5, PIX4052=U66_4052Mux9@S0A, DG4051=U53_DAC_LV3@X0 nEN=L, U52=LV3-pin1 FMC_A0A1A2=111"
1457,4,J2_JB20,76,0x153,101010011,339,3,0,1,5,7,111,5,"PIX4051=U44_4051L4@X5, PIX4052=U66_4052Mux9@S1B, DG4051=U53_DAC_LV3@X3 nEN=L, U52=LV3-pin1 FMC_A0A1A2=111"
1458,4,J1_JA12,3,0x0D6,011010110,214,6,0,1,3,7,111,5,"PIX4051=U48_4051L4@X3, PIX4052=U67_4052Mux9@S1B, DG4051=U53_DAC_LV3@X6 nEN=L, U52=LV3-pin1 FMC_A0A1A2=111"
1459,4,J1_JA12,4,0x0C2,011000010,194,2,0,0,3,7,111,5,"PIX4051=U24_4051R4@X3, PIX4052=U65_4052Mux9@S0A, DG4051=U53_DAC_LV3@X2 nEN=L, U52=LV3-pin1 FMC_A0A1A2=111"
1460,4,J1_JA12,5,0x016,000010110,22,6,0,1,0,7,111,5,"PIX4051=U48_4051L4@X0, PIX4052=U67_4052Mux9@S1B, DG4051=U53_DAC_LV3@X6 nEN=L, U52=LV3-pin1 FMC_A0A1A2=111"
1461,4,J1_JA12,6,0x002,000000010,2,2,0,0,0,7,111,5,"PIX4051=U24_4051R4@X0, PIX4052=U65_4052Mux9@S0A, DG4051=U53_DAC_LV3@X2 nEN=L, U52=LV3-pin1 FMC_A0A1A2=111"
1462,4,J1_JA12,7,0x096,010010110,150,6,0,1,2,7,111,5,"PIX4051=U48_4051L4@X2, PIX4052=U67_4052Mux9@S1B, DG4051=U53_DAC_LV3@X6 nEN=L, U52=LV3-pin1 FMC_A0A1A2=111"
1463,4,J1_JA12,8,0x082,010000010,130,2,0,0,2,7,111,5,"PIX4051=U24_4051R4@X2, PIX4052=U65_4052Mux9@S0A, DG4051=U53_DAC_LV3@X2 nEN=L, U52=LV3-pin1 FMC_A0A1A2=111"
1464,4,J1_JA12,9,0x056,001010110,86,6,0,1,1,7,111,5,"PIX4051=U48_4051L4@X1, PIX4052=U67_4052Mux9@S1B, DG4051=U53_DAC_LV3@X6 nEN=L, U52=LV3-pin1 FMC_A0A1A2=111"
1465,4,J1_JA12,10,0x042,001000010,66,2,0,0,1,7,111,5,"PIX4051=U24_4051R4@X1, PIX4052=U65_4052Mux9@S0A, DG4051=U53_DAC_LV3@X2 nEN=L, U52=LV3-pin1 FMC_A0A1A2=111"
1466,4,J1_JA12,11,0x196,110010110,406,6,0,1,6,7,111,5,"PIX4051=U48_4051L4@X6, PIX4052=U67_4052Mux9@S1B, DG4051=U53_DAC_LV3@X6 nEN=L, U52=LV3-pin1 FMC_A0A1A2=111"
1467,4,J1_JA12,12,0x182,110000010,386,2,0,0,6,7,111,5,"PIX4051=U24_4051R4@X6, PIX4052=U65_4052Mux9@S0A, DG4051=U53_DAC_LV3@X2 nEN=L, U52=LV3-pin1 FMC_A0A1A2=111"
1468,4,J1_JA12,13,0x116,100010110,278,6,0,1,4,7,111,5,"PIX4051=U48_4051L4@X4, PIX4052=U67_4052Mux9@S1B, DG4051=U53_DAC_LV3@X6 nEN=L, U52=LV3-pin1 FMC_A0A1A2=111"
1469,4,J1_JA12,14,0x102,100000010,258,2,0,0,4,7,111,5,"PIX4051=U24_4051R4@X4, PIX4052=U65_4052Mux9@S0A, DG4051=U53_DAC_LV3@X2 nEN=L, U52=LV3-pin1 FMC_A0A1A2=111"
1470,4,J1_JA12,15,0x1D6,111010110,470,6,0,1,7,7,111,5,"PIX4051=U48_4051L4@X7, PIX4052=U67_4052Mux9@S1B, DG4051=U53_DAC_LV3@X6 nEN=L, U52=LV3-pin1 FMC_A0A1A2=111"
1471,4,J1_JA12,16,0x1C2,111000010,450,2,0,0,7,7,111,5,"PIX4051=U24_4051R4@X7, PIX4052=U65_4052Mux9@S0A, DG4051=U53_DAC_LV3@X2 nEN=L, U52=LV3-pin1 FMC_A0A1A2=111"
1472,4,J1_JA12,17,0x156,101010110,342,6,0,1,5,7,111,5,"PIX4051=U48_4051L4@X5, PIX4052=U67_4052Mux9@S1B, DG4051=U53_DAC_LV3@X6 nEN=L, U52=LV3-pin1 FMC_A0A1A2=111"
1473,4,J1_JA12,18,0x142,101000010,322,2,0,0,5,7,111,5,"PIX4051=U24_4051R4@X5, PIX4052=U65_4052Mux9@S0A, DG4051=U53_DAC_LV3@X2 nEN=L, U52=LV3-pin1 FMC_A0A1A2=111"
1474,4,J1_JA12,19,0x0C6,011000110,198,6,0,0,3,7,111,5,"PIX4051=U47_4051L4@X3, PIX4052=U67_4052Mux9@S0B, DG4051=U53_DAC_LV3@X6 nEN=L, U52=LV3-pin1 FMC_A0A1A2=111"
1475,4,J1_JA12,20,0x0D2,011010010,210,2,0,1,3,7,111,5,"PIX4051=U23_4051R4@X3, PIX4052=U65_4052Mux9@S1A, DG4051=U53_DAC_LV3@X2 nEN=L, U52=LV3-pin1 FMC_A0A1A2=111"
1476,4,J1_JA12,21,0x006,000000110,6,6,0,0,0,7,111,5,"PIX4051=U47_4051L4@X0, PIX4052=U67_4052Mux9@S0B, DG4051=U53_DAC_LV3@X6 nEN=L, U52=LV3-pin1 FMC_A0A1A2=111"
1477,4,J1_JA12,22,0x012,000010010,18,2,0,1,0,7,111,5,"PIX4051=U23_4051R4@X0, PIX4052=U65_4052Mux9@S1A, DG4051=U53_DAC_LV3@X2 nEN=L, U52=LV3-pin1 FMC_A0A1A2=111"
1478,4,J1_JA12,23,0x086,010000110,134,6,0,0,2,7,111,5,"PIX4051=U47_4051L4@X2, PIX4052=U67_4052Mux9@S0B, DG4051=U53_DAC_LV3@X6 nEN=L, U52=LV3-pin1 FMC_A0A1A2=111"
1479,4,J1_JA12,24,0x092,010010010,146,2,0,1,2,7,111,5,"PIX4051=U23_4051R4@X2, PIX4052=U65_4052Mux9@S1A, DG4051=U53_DAC_LV3@X2 nEN=L, U52=LV3-pin1 FMC_A0A1A2=111"
1480,4,J1_JA12,25,0x046,001000110,70,6,0,0,1,7,111,5,"PIX4051=U47_4051L4@X1, PIX4052=U67_4052Mux9@S0B, DG4051=U53_DAC_LV3@X6 nEN=L, U52=LV3-pin1 FMC_A0A1A2=111"
1481,4,J1_JA12,26,0x052,001010010,82,2,0,1,1,7,111,5,"PIX4051=U23_4051R4@X1, PIX4052=U65_4052Mux9@S1A, DG4051=U53_DAC_LV3@X2 nEN=L, U52=LV3-pin1 FMC_A0A1A2=111"
1482,4,J1_JA12,27,0x186,110000110,390,6,0,0,6,7,111,5,"PIX4051=U47_4051L4@X6, PIX4052=U67_4052Mux9@S0B, DG4051=U53_DAC_LV3@X6 nEN=L, U52=LV3-pin1 FMC_A0A1A2=111"
1483,4,J1_JA12,28,0x192,110010010,402,2,0,1,6,7,111,5,"PIX4051=U23_4051R4@X6, PIX4052=U65_4052Mux9@S1A, DG4051=U53_DAC_LV3@X2 nEN=L, U52=LV3-pin1 FMC_A0A1A2=111"
1484,4,J1_JA12,29,0x106,100000110,262,6,0,0,4,7,111,5,"PIX4051=U47_4051L4@X4, PIX4052=U67_4052Mux9@S0B, DG4051=U53_DAC_LV3@X6 nEN=L, U52=LV3-pin1 FMC_A0A1A2=111"
1485,4,J1_JA12,30,0x112,100010010,274,2,0,1,4,7,111,5,"PIX4051=U23_4051R4@X4, PIX4052=U65_4052Mux9@S1A, DG4051=U53_DAC_LV3@X2 nEN=L, U52=LV3-pin1 FMC_A0A1A2=111"
1486,4,J1_JA12,31,0x1C6,111000110,454,6,0,0,7,7,111,5,"PIX4051=U47_4051L4@X7, PIX4052=U67_4052Mux9@S0B, DG4051=U53_DAC_LV3@X6 nEN=L, U52=LV3-pin1 FMC_A0A1A2=111"
1487,4,J1_JA12,32,0x1D2,111010010,466,2,0,1,7,7,111,5,"PIX4051=U23_4051R4@X7, PIX4052=U65_4052Mux9@S1A, DG4051=U53_DAC_LV3@X2 nEN=L, U52=LV3-pin1 FMC_A0A1A2=111"
1488,4,J1_JA12,33,0x146,101000110,326,6,0,0,5,7,111,5,"PIX4051=U47_4051L4@X5, PIX4052=U67_4052Mux9@S0B, DG4051=U53_DAC_LV3@X6 nEN=L, U52=LV3-pin1 FMC_A0A1A2=111"
1489,4,J1_JA12,34,0x152,101010010,338,2,0,1,5,7,111,5,"PIX4051=U23_4051R4@X5, PIX4052=U65_4052Mux9@S1A, DG4051=U53_DAC_LV3@X2 nEN=L, U52=LV3-pin1 FMC_A0A1A2=111"
1490,4,J1_JA12,35,0x0D4,011010100,212,4,0,1,3,7,111,5,"PIX4051=U46_4051L4@X3, PIX4052=U67_4052Mux9@S1A, DG4051=U53_DAC_LV3@X4 nEN=L, U52=LV3-pin1 FMC_A0A1A2=111"
1491,4,J1_JA12,36,0x0C1,011000001,193,1,0,0,3,7,111,5,"PIX4051=U22_4051R4@X3, PIX4052=U65_4052Mux9@S0B, DG4051=U53_DAC_LV3@X1 nEN=L, U52=LV3-pin1 FMC_A0A1A2=111"
1492,4,J1_JA12,37,0x014,000010100,20,4,0,1,0,7,111,5,"PIX4051=U46_4051L4@X0, PIX4052=U67_4052Mux9@S1A, DG4051=U53_DAC_LV3@X4 nEN=L, U52=LV3-pin1 FMC_A0A1A2=111"
1493,4,J1_JA12,38,0x001,000000001,1,1,0,0,0,7,111,5,"PIX4051=U22_4051R4@X0, PIX4052=U65_4052Mux9@S0B, DG4051=U53_DAC_LV3@X1 nEN=L, U52=LV3-pin1 FMC_A0A1A2=111"
1494,4,J1_JA12,39,0x094,010010100,148,4,0,1,2,7,111,5,"PIX4051=U46_4051L4@X2, PIX4052=U67_4052Mux9@S1A, DG4051=U53_DAC_LV3@X4 nEN=L, U52=LV3-pin1 FMC_A0A1A2=111"
1495,4,J1_JA12,40,0x081,010000001,129,1,0,0,2,7,111,5,"PIX4051=U22_4051R4@X2, PIX4052=U65_4052Mux9@S0B, DG4051=U53_DAC_LV3@X1 nEN=L, U52=LV3-pin1 FMC_A0A1A2=111"
1496,4,J1_JA12,41,0x054,001010100,84,4,0,1,1,7,111,5,"PIX4051=U46_4051L4@X1, PIX4052=U67_4052Mux9@S1A, DG4051=U53_DAC_LV3@X4 nEN=L, U52=LV3-pin1 FMC_A0A1A2=111"
1497,4,J1_JA12,42,0x041,001000001,65,1,0,0,1,7,111,5,"PIX4051=U22_4051R4@X1, PIX4052=U65_4052Mux9@S0B, DG4051=U53_DAC_LV3@X1 nEN=L, U52=LV3-pin1 FMC_A0A1A2=111"
1498,4,J1_JA12,43,0x194,110010100,404,4,0,1,6,7,111,5,"PIX4051=U46_4051L4@X6, PIX4052=U67_4052Mux9@S1A, DG4051=U53_DAC_LV3@X4 nEN=L, U52=LV3-pin1 FMC_A0A1A2=111"
1499,4,J1_JA12,44,0x181,110000001,385,1,0,0,6,7,111,5,"PIX4051=U22_4051R4@X6, PIX4052=U65_4052Mux9@S0B, DG4051=U53_DAC_LV3@X1 nEN=L, U52=LV3-pin1 FMC_A0A1A2=111"
1500,4,J1_JA12,45,0x114,100010100,276,4,0,1,4,7,111,5,"PIX4051=U46_4051L4@X4, PIX4052=U67_4052Mux9@S1A, DG4051=U53_DAC_LV3@X4 nEN=L, U52=LV3-pin1 FMC_A0A1A2=111"
1501,4,J1_JA12,46,0x101,100000001,257,1,0,0,4,7,111,5,"PIX4051=U22_4051R4@X4, PIX4052=U65_4052Mux9@S0B, DG4051=U53_DAC_LV3@X1 nEN=L, U52=LV3-pin1 FMC_A0A1A2=111"
1502,4,J1_JA12,47,0x1D4,111010100,468,4,0,1,7,7,111,5,"PIX4051=U46_4051L4@X7, PIX4052=U67_4052Mux9@S1A, DG4051=U53_DAC_LV3@X4 nEN=L, U52=LV3-pin1 FMC_A0A1A2=111"
1503,4,J1_JA12,48,0x1C1,111000001,449,1,0,0,7,7,111,5,"PIX4051=U22_4051R4@X7, PIX4052=U65_4052Mux9@S0B, DG4051=U53_DAC_LV3@X1 nEN=L, U52=LV3-pin1 FMC_A0A1A2=111"
1504,4,J1_JA12,49,0x154,101010100,340,4,0,1,5,7,111,5,"PIX4051=U46_4051L4@X5, PIX4052=U67_4052Mux9@S1A, DG4051=U53_DAC_LV3@X4 nEN=L, U52=LV3-pin1 FMC_A0A1A2=111"
1505,4,J1_JA12,50,0x141,101000001,321,1,0,0,5,7,111,5,"PIX4051=U22_4051R4@X5, PIX4052=U65_4052Mux9@S0B, DG4051=U53_DAC_LV3@X1 nEN=L, U52=LV3-pin1 FMC_A0A1A2=111"
1506,4,J1_JA12,51,0x0C4,011000100,196,4,0,0,3,7,111,5,"PIX4051=U45_4051L4@X3, PIX4052=U67_4052Mux9@S0A, DG4051=U53_DAC_LV3@X4 nEN=L, U52=LV3-pin1 FMC_A0A1A2=111"
1507,4,J1_JA12,52,0x0D1,011010001,209,1,0,1,3,7,111,5,"PIX4051=U21_4051R4@X3, PIX4052=U65_4052Mux9@S1B, DG4051=U53_DAC_LV3@X1 nEN=L, U52=LV3-pin1 FMC_A0A1A2=111"
1508,4,J1_JA12,53,0x004,000000100,4,4,0,0,0,7,111,5,"PIX4051=U45_4051L4@X0, PIX4052=U67_4052Mux9@S0A, DG4051=U53_DAC_LV3@X4 nEN=L, U52=LV3-pin1 FMC_A0A1A2=111"
1509,4,J1_JA12,54,0x011,000010001,17,1,0,1,0,7,111,5,"PIX4051=U21_4051R4@X0, PIX4052=U65_4052Mux9@S1B, DG4051=U53_DAC_LV3@X1 nEN=L, U52=LV3-pin1 FMC_A0A1A2=111"
1510,4,J1_JA12,55,0x084,010000100,132,4,0,0,2,7,111,5,"PIX4051=U45_4051L4@X2, PIX4052=U67_4052Mux9@S0A, DG4051=U53_DAC_LV3@X4 nEN=L, U52=LV3-pin1 FMC_A0A1A2=111"
1511,4,J1_JA12,56,0x091,010010001,145,1,0,1,2,7,111,5,"PIX4051=U21_4051R4@X2, PIX4052=U65_4052Mux9@S1B, DG4051=U53_DAC_LV3@X1 nEN=L, U52=LV3-pin1 FMC_A0A1A2=111"
1512,4,J1_JA12,57,0x044,001000100,68,4,0,0,1,7,111,5,"PIX4051=U45_4051L4@X1, PIX4052=U67_4052Mux9@S0A, DG4051=U53_DAC_LV3@X4 nEN=L, U52=LV3-pin1 FMC_A0A1A2=111"
1513,4,J1_JA12,58,0x051,001010001,81,1,0,1,1,7,111,5,"PIX4051=U21_4051R4@X1, PIX4052=U65_4052Mux9@S1B, DG4051=U53_DAC_LV3@X1 nEN=L, U52=LV3-pin1 FMC_A0A1A2=111"
1514,4,J1_JA12,59,0x184,110000100,388,4,0,0,6,7,111,5,"PIX4051=U45_4051L4@X6, PIX4052=U67_4052Mux9@S0A, DG4051=U53_DAC_LV3@X4 nEN=L, U52=LV3-pin1 FMC_A0A1A2=111"
1515,4,J1_JA12,60,0x191,110010001,401,1,0,1,6,7,111,5,"PIX4051=U21_4051R4@X6, PIX4052=U65_4052Mux9@S1B, DG4051=U53_DAC_LV3@X1 nEN=L, U52=LV3-pin1 FMC_A0A1A2=111"
1516,4,J1_JA12,61,0x104,100000100,260,4,0,0,4,7,111,5,"PIX4051=U45_4051L4@X4, PIX4052=U67_4052Mux9@S0A, DG4051=U53_DAC_LV3@X4 nEN=L, U52=LV3-pin1 FMC_A0A1A2=111"
1517,4,J1_JA12,62,0x111,100010001,273,1,0,1,4,7,111,5,"PIX4051=U21_4051R4@X4, PIX4052=U65_4052Mux9@S1B, DG4051=U53_DAC_LV3@X1 nEN=L, U52=LV3-pin1 FMC_A0A1A2=111"
1518,4,J1_JA12,63,0x1C4,111000100,452,4,0,0,7,7,111,5,"PIX4051=U45_4051L4@X7, PIX4052=U67_4052Mux9@S0A, DG4051=U53_DAC_LV3@X4 nEN=L, U52=LV3-pin1 FMC_A0A1A2=111"
1519,4,J1_JA12,64,0x1D1,111010001,465,1,0,1,7,7,111,5,"PIX4051=U21_4051R4@X7, PIX4052=U65_4052Mux9@S1B, DG4051=U53_DAC_LV3@X1 nEN=L, U52=LV3-pin1 FMC_A0A1A2=111"
1520,4,J1_JA12,65,0x144,101000100,324,4,0,0,5,7,111,5,"PIX4051=U45_4051L4@X5, PIX4052=U67_4052Mux9@S0A, DG4051=U53_DAC_LV3@X4 nEN=L, U52=LV3-pin1 FMC_A0A1A2=111"
1521,4,J1_JA12,66,0x151,101010001,337,1,0,1,5,7,111,5,"PIX4051=U21_4051R4@X5, PIX4052=U65_4052Mux9@S1B, DG4051=U53_DAC_LV3@X1 nEN=L, U52=LV3-pin1 FMC_A0A1A2=111"
1522,4,J1_JA12,67,0x0D3,011010011,211,3,0,1,3,7,111,5,"PIX4051=U44_4051L4@X3, PIX4052=U66_4052Mux9@S1B, DG4051=U53_DAC_LV3@X3 nEN=L, U52=LV3-pin1 FMC_A0A1A2=111"
1523,4,J1_JA12,68,0x0C0,011000000,192,0,0,0,3,7,111,5,"PIX4051=U20_4051R4@X3, PIX4052=U66_4052Mux9@S0A, DG4051=U53_DAC_LV3@X0 nEN=L, U52=LV3-pin1 FMC_A0A1A2=111"
1524,4,J1_JA12,69,0x013,000010011,19,3,0,1,0,7,111,5,"PIX4051=U44_4051L4@X0, PIX4052=U66_4052Mux9@S1B, DG4051=U53_DAC_LV3@X3 nEN=L, U52=LV3-pin1 FMC_A0A1A2=111"
1525,4,J1_JA12,70,0x000,000000000,0,0,0,0,0,7,111,5,"PIX4051=U20_4051R4@X0, PIX4052=U66_4052Mux9@S0A, DG4051=U53_DAC_LV3@X0 nEN=L, U52=LV3-pin1 FMC_A0A1A2=111"
1526,4,J1_JA12,71,0x093,010010011,147,3,0,1,2,7,111,5,"PIX4051=U44_4051L4@X2, PIX4052=U66_4052Mux9@S1B, DG4051=U53_DAC_LV3@X3 nEN=L, U52=LV3-pin1 FMC_A0A1A2=111"
1527,4,J1_JA12,72,0x080,010000000,128,0,0,0,2,7,111,5,"PIX4051=U20_4051R4@X2, PIX4052=U66_4052Mux9@S0A, DG4051=U53_DAC_LV3@X0 nEN=L, U52=LV3-pin1 FMC_A0A1A2=111"
1528,4,J1_JA12,73,0x053,001010011,83,3,0,1,1,7,111,5,"PIX4051=U44_4051L4@X1, PIX4052=U66_4052Mux9@S1B, DG4051=U53_DAC_LV3@X3 nEN=L, U52=LV3-pin1 FMC_A0A1A2=111"
1529,4,J1_JA12,74,0x040,001000000,64,0,0,0,1,7,111,5,"PIX4051=U20_4051R4@X1, PIX4052=U66_4052Mux9@S0A, DG4051=U53_DAC_LV3@X0 nEN=L, U52=LV3-pin1 FMC_A0A1A2=111"
1530,4,J1_JA12,75,0x193,110010011,403,3,0,1,6,7,111,5,"PIX4051=U44_4051L4@X6, PIX4052=U66_4052Mux9@S1B, DG4051=U53_DAC_LV3@X3 nEN=L, U52=LV3-pin1 FMC_A0A1A2=111"
1531,4,J1_JA12,76,0x180,110000000,384,0,0,0,6,7,111,5,"PIX4051=U20_4051R4@X6, PIX4052=U66_4052Mux9@S0A, DG4051=U53_DAC_LV3@X0 nEN=L, U52=LV3-pin1 FMC_A0A1A2=111"
1532,4,J1_JA12,77,0x113,100010011,275,3,0,1,4,7,111,5,"PIX4051=U44_4051L4@X4, PIX4052=U66_4052Mux9@S1B, DG4051=U53_DAC_LV3@X3 nEN=L, U52=LV3-pin1 FMC_A0A1A2=111"
1533,4,J1_JA12,78,0x100,100000000,256,0,0,0,4,7,111,5,"PIX4051=U20_4051R4@X4, PIX4052=U66_4052Mux9@S0A, DG4051=U53_DAC_LV3@X0 nEN=L, U52=LV3-pin1 FMC_A0A1A2=111"
1534,4,J1_JA12,79,0x1D3,111010011,467,3,0,1,7,7,111,5,"PIX4051=U44_4051L4@X7, PIX4052=U66_4052Mux9@S1B, DG4051=U53_DAC_LV3@X3 nEN=L, U52=LV3-pin1 FMC_A0A1A2=111"
1535,4,J1_JA12,80,0x1C0,111000000,448,0,0,0,7,7,111,5,"PIX4051=U20_4051R4@X7, PIX4052=U66_4052Mux9@S0A, DG4051=U53_DAC_LV3@X0 nEN=L, U52=LV3-pin1 FMC_A0A1A2=111"
1536,5,J1_JA5,3,0x178,101111000,376,0,1,3,5,5,101,1,"PIX4051=U1_4051R5@X5, PIX4052=U67_4052Mux4@S3B, DG4051=U54_DAC_LV1@X0 nEN=H, U52=LV1-pin1 FMC_A0A1A2=101"
1537,5,J1_JA5,4,0x17D,101111101,381,5,1,3,5,5,101,1,"PIX4051=U25_4051L5@X5, PIX4052=U65_4052Mux4@S3A, DG4051=U54_DAC_LV1@X5 nEN=H, U52=LV1-pin1 FMC_A0A1A2=101"
1538,5,J1_JA5,5,0x1F8,111111000,504,0,1,3,7,5,101,1,"PIX4051=U1_4051R5@X7, PIX4052=U67_4052Mux4@S3B, DG4051=U54_DAC_LV1@X0 nEN=H, U52=LV1-pin1 FMC_A0A1A2=101"
1539,5,J1_JA5,6,0x1FD,111111101,509,5,1,3,7,5,101,1,"PIX4051=U25_4051L5@X7, PIX4052=U65_4052Mux4@S3A, DG4051=U54_DAC_LV1@X5 nEN=H, U52=LV1-pin1 FMC_A0A1A2=101"
1540,5,J1_JA5,7,0x138,100111000,312,0,1,3,4,5,101,1,"PIX4051=U1_4051R5@X4, PIX4052=U67_4052Mux4@S3B, DG4051=U54_DAC_LV1@X0 nEN=H, U52=LV1-pin1 FMC_A0A1A2=101"
1541,5,J1_JA5,8,0x13D,100111101,317,5,1,3,4,5,101,1,"PIX4051=U25_4051L5@X4, PIX4052=U65_4052Mux4@S3A, DG4051=U54_DAC_LV1@X5 nEN=H, U52=LV1-pin1 FMC_A0A1A2=101"
1542,5,J1_JA5,9,0x1B8,110111000,440,0,1,3,6,5,101,1,"PIX4051=U1_4051R5@X6, PIX4052=U67_4052Mux4@S3B, DG4051=U54_DAC_LV1@X0 nEN=H, U52=LV1-pin1 FMC_A0A1A2=101"
1543,5,J1_JA5,10,0x1BD,110111101,445,5,1,3,6,5,101,1,"PIX4051=U25_4051L5@X6, PIX4052=U65_4052Mux4@S3A, DG4051=U54_DAC_LV1@X5 nEN=H, U52=LV1-pin1 FMC_A0A1A2=101"
1544,5,J1_JA5,11,0x078,001111000,120,0,1,3,1,5,101,1,"PIX4051=U1_4051R5@X1, PIX4052=U67_4052Mux4@S3B, DG4051=U54_DAC_LV1@X0 nEN=H, U52=LV1-pin1 FMC_A0A1A2=101"
1545,5,J1_JA5,12,0x07D,001111101,125,5,1,3,1,5,101,1,"PIX4051=U25_4051L5@X1, PIX4052=U65_4052Mux4@S3A, DG4051=U54_DAC_LV1@X5 nEN=H, U52=LV1-pin1 FMC_A0A1A2=101"
1546,5,J1_JA5,13,0x0B8,010111000,184,0,1,3,2,5,101,1,"PIX4051=U1_4051R5@X2, PIX4052=U67_4052Mux4@S3B, DG4051=U54_DAC_LV1@X0 nEN=H, U52=LV1-pin1 FMC_A0A1A2=101"
1547,5,J1_JA5,14,0x0BD,010111101,189,5,1,3,2,5,101,1,"PIX4051=U25_4051L5@X2, PIX4052=U65_4052Mux4@S3A, DG4051=U54_DAC_LV1@X5 nEN=H, U52=LV1-pin1 FMC_A0A1A2=101"
1548,5,J1_JA5,15,0x038,000111000,56,0,1,3,0,5,101,1,"PIX4051=U1_4051R5@X0, PIX4052=U67_4052Mux4@S3B, DG4051=U54_DAC_LV1@X0 nEN=H, U52=LV1-pin1 FMC_A0A1A2=101"
1549,5,J1_JA5,16,0x03D,000111101,61,5,1,3,0,5,101,1,"PIX4051=U25_4051L5@X0, PIX4052=U65_4052Mux4@S3A, DG4051=U54_DAC_LV1@X5 nEN=H, U52=LV1-pin1 FMC_A0A1A2=101"
1550,5,J1_JA5,17,0x0F8,011111000,248,0,1,3,3,5,101,1,"PIX4051=U1_4051R5@X3, PIX4052=U67_4052Mux4@S3B, DG4051=U54_DAC_LV1@X0 nEN=H, U52=LV1-pin1 FMC_A0A1A2=101"
1551,5,J1_JA5,18,0x0FD,011111101,253,5,1,3,3,5,101,1,"PIX4051=U25_4051L5@X3, PIX4052=U65_4052Mux4@S3A, DG4051=U54_DAC_LV1@X5 nEN=H, U52=LV1-pin1 FMC_A0A1A2=101"
1552,5,J1_JA5,19,0x168,101101000,360,0,1,2,5,5,101,1,"PIX4051=U2_4051R5@X5, PIX4052=U67_4052Mux4@S2B, DG4051=U54_DAC_LV1@X0 nEN=H, U52=LV1-pin1 FMC_A0A1A2=101"
1553,5,J1_JA5,20,0x16D,101101101,365,5,1,2,5,5,101,1,"PIX4051=U26_4051L5@X5, PIX4052=U65_4052Mux4@S2A, DG4051=U54_DAC_LV1@X5 nEN=H, U52=LV1-pin1 FMC_A0A1A2=101"
1554,5,J1_JA5,21,0x1E8,111101000,488,0,1,2,7,5,101,1,"PIX4051=U2_4051R5@X7, PIX4052=U67_4052Mux4@S2B, DG4051=U54_DAC_LV1@X0 nEN=H, U52=LV1-pin1 FMC_A0A1A2=101"
1555,5,J1_JA5,22,0x1ED,111101101,493,5,1,2,7,5,101,1,"PIX4051=U26_4051L5@X7, PIX4052=U65_4052Mux4@S2A, DG4051=U54_DAC_LV1@X5 nEN=H, U52=LV1-pin1 FMC_A0A1A2=101"
1556,5,J1_JA5,23,0x128,100101000,296,0,1,2,4,5,101,1,"PIX4051=U2_4051R5@X4, PIX4052=U67_4052Mux4@S2B, DG4051=U54_DAC_LV1@X0 nEN=H, U52=LV1-pin1 FMC_A0A1A2=101"
1557,5,J1_JA5,24,0x12D,100101101,301,5,1,2,4,5,101,1,"PIX4051=U26_4051L5@X4, PIX4052=U65_4052Mux4@S2A, DG4051=U54_DAC_LV1@X5 nEN=H, U52=LV1-pin1 FMC_A0A1A2=101"
1558,5,J1_JA5,25,0x1A8,110101000,424,0,1,2,6,5,101,1,"PIX4051=U2_4051R5@X6, PIX4052=U67_4052Mux4@S2B, DG4051=U54_DAC_LV1@X0 nEN=H, U52=LV1-pin1 FMC_A0A1A2=101"
1559,5,J1_JA5,26,0x1AD,110101101,429,5,1,2,6,5,101,1,"PIX4051=U26_4051L5@X6, PIX4052=U65_4052Mux4@S2A, DG4051=U54_DAC_LV1@X5 nEN=H, U52=LV1-pin1 FMC_A0A1A2=101"
1560,5,J1_JA5,27,0x068,001101000,104,0,1,2,1,5,101,1,"PIX4051=U2_4051R5@X1, PIX4052=U67_4052Mux4@S2B, DG4051=U54_DAC_LV1@X0 nEN=H, U52=LV1-pin1 FMC_A0A1A2=101"
1561,5,J1_JA5,28,0x06D,001101101,109,5,1,2,1,5,101,1,"PIX4051=U26_4051L5@X1, PIX4052=U65_4052Mux4@S2A, DG4051=U54_DAC_LV1@X5 nEN=H, U52=LV1-pin1 FMC_A0A1A2=101"
1562,5,J1_JA5,29,0x0A8,010101000,168,0,1,2,2,5,101,1,"PIX4051=U2_4051R5@X2, PIX4052=U67_4052Mux4@S2B, DG4051=U54_DAC_LV1@X0 nEN=H, U52=LV1-pin1 FMC_A0A1A2=101"
1563,5,J1_JA5,30,0x0AD,010101101,173,5,1,2,2,5,101,1,"PIX4051=U26_4051L5@X2, PIX4052=U65_4052Mux4@S2A, DG4051=U54_DAC_LV1@X5 nEN=H, U52=LV1-pin1 FMC_A0A1A2=101"
1564,5,J1_JA5,31,0x028,000101000,40,0,1,2,0,5,101,1,"PIX4051=U2_4051R5@X0, PIX4052=U67_4052Mux4@S2B, DG4051=U54_DAC_LV1@X0 nEN=H, U52=LV1-pin1 FMC_A0A1A2=101"
1565,5,J1_JA5,32,0x02D,000101101,45,5,1,2,0,5,101,1,"PIX4051=U26_4051L5@X0, PIX4052=U65_4052Mux4@S2A, DG4051=U54_DAC_LV1@X5 nEN=H, U52=LV1-pin1 FMC_A0A1A2=101"
1566,5,J1_JA5,33,0x0E8,011101000,232,0,1,2,3,5,101,1,"PIX4051=U2_4051R5@X3, PIX4052=U67_4052Mux4@S2B, DG4051=U54_DAC_LV1@X0 nEN=H, U52=LV1-pin1 FMC_A0A1A2=101"
1567,5,J1_JA5,34,0x0ED,011101101,237,5,1,2,3,5,101,1,"PIX4051=U26_4051L5@X3, PIX4052=U65_4052Mux4@S2A, DG4051=U54_DAC_LV1@X5 nEN=H, U52=LV1-pin1 FMC_A0A1A2=101"
1568,5,J1_JA5,35,0x16B,101101011,363,3,1,2,5,5,101,1,"PIX4051=U3_4051R5@X5, PIX4052=U67_4052Mux4@S2A, DG4051=U54_DAC_LV1@X3 nEN=H, U52=LV1-pin1 FMC_A0A1A2=101"
1569,5,J1_JA5,36,0x16F,101101111,367,7,1,2,5,5,101,1,"PIX4051=U27_4051L5@X5, PIX4052=U65_4052Mux4@S2B, DG4051=U54_DAC_LV1@X7 nEN=H, U52=LV1-pin1 FMC_A0A1A2=101"
1570,5,J1_JA5,37,0x1EB,111101011,491,3,1,2,7,5,101,1,"PIX4051=U3_4051R5@X7, PIX4052=U67_4052Mux4@S2A, DG4051=U54_DAC_LV1@X3 nEN=H, U52=LV1-pin1 FMC_A0A1A2=101"
1571,5,J1_JA5,38,0x1EF,111101111,495,7,1,2,7,5,101,1,"PIX4051=U27_4051L5@X7, PIX4052=U65_4052Mux4@S2B, DG4051=U54_DAC_LV1@X7 nEN=H, U52=LV1-pin1 FMC_A0A1A2=101"
1572,5,J1_JA5,39,0x12B,100101011,299,3,1,2,4,5,101,1,"PIX4051=U3_4051R5@X4, PIX4052=U67_4052Mux4@S2A, DG4051=U54_DAC_LV1@X3 nEN=H, U52=LV1-pin1 FMC_A0A1A2=101"
1573,5,J1_JA5,40,0x12F,100101111,303,7,1,2,4,5,101,1,"PIX4051=U27_4051L5@X4, PIX4052=U65_4052Mux4@S2B, DG4051=U54_DAC_LV1@X7 nEN=H, U52=LV1-pin1 FMC_A0A1A2=101"
1574,5,J1_JA5,41,0x1AB,110101011,427,3,1,2,6,5,101,1,"PIX4051=U3_4051R5@X6, PIX4052=U67_4052Mux4@S2A, DG4051=U54_DAC_LV1@X3 nEN=H, U52=LV1-pin1 FMC_A0A1A2=101"
1575,5,J1_JA5,42,0x1AF,110101111,431,7,1,2,6,5,101,1,"PIX4051=U27_4051L5@X6, PIX4052=U65_4052Mux4@S2B, DG4051=U54_DAC_LV1@X7 nEN=H, U52=LV1-pin1 FMC_A0A1A2=101"
1576,5,J1_JA5,43,0x06B,001101011,107,3,1,2,1,5,101,1,"PIX4051=U3_4051R5@X1, PIX4052=U67_4052Mux4@S2A, DG4051=U54_DAC_LV1@X3 nEN=H, U52=LV1-pin1 FMC_A0A1A2=101"
1577,5,J1_JA5,44,0x06F,001101111,111,7,1,2,1,5,101,1,"PIX4051=U27_4051L5@X1, PIX4052=U65_4052Mux4@S2B, DG4051=U54_DAC_LV1@X7 nEN=H, U52=LV1-pin1 FMC_A0A1A2=101"
1578,5,J1_JA5,45,0x0AB,010101011,171,3,1,2,2,5,101,1,"PIX4051=U3_4051R5@X2, PIX4052=U67_4052Mux4@S2A, DG4051=U54_DAC_LV1@X3 nEN=H, U52=LV1-pin1 FMC_A0A1A2=101"
1579,5,J1_JA5,46,0x0AF,010101111,175,7,1,2,2,5,101,1,"PIX4051=U27_4051L5@X2, PIX4052=U65_4052Mux4@S2B, DG4051=U54_DAC_LV1@X7 nEN=H, U52=LV1-pin1 FMC_A0A1A2=101"
1580,5,J1_JA5,47,0x02B,000101011,43,3,1,2,0,5,101,1,"PIX4051=U3_4051R5@X0, PIX4052=U67_4052Mux4@S2A, DG4051=U54_DAC_LV1@X3 nEN=H, U52=LV1-pin1 FMC_A0A1A2=101"
1581,5,J1_JA5,48,0x02F,000101111,47,7,1,2,0,5,101,1,"PIX4051=U27_4051L5@X0, PIX4052=U65_4052Mux4@S2B, DG4051=U54_DAC_LV1@X7 nEN=H, U52=LV1-pin1 FMC_A0A1A2=101"
1582,5,J1_JA5,49,0x0EB,011101011,235,3,1,2,3,5,101,1,"PIX4051=U3_4051R5@X3, PIX4052=U67_4052Mux4@S2A, DG4051=U54_DAC_LV1@X3 nEN=H, U52=LV1-pin1 FMC_A0A1A2=101"
1583,5,J1_JA5,50,0x0EF,011101111,239,7,1,2,3,5,101,1,"PIX4051=U27_4051L5@X3, PIX4052=U65_4052Mux4@S2B, DG4051=U54_DAC_LV1@X7 nEN=H, U52=LV1-pin1 FMC_A0A1A2=101"
1584,5,J1_JA5,51,0x17B,101111011,379,3,1,3,5,5,101,1,"PIX4051=U4_4051R5@X5, PIX4052=U67_4052Mux4@S3A, DG4051=U54_DAC_LV1@X3 nEN=H, U52=LV1-pin1 FMC_A0A1A2=101"
1585,5,J1_JA5,52,0x17F,101111111,383,7,1,3,5,5,101,1,"PIX4051=U28_4051L5@X5, PIX4052=U65_4052Mux4@S3B, DG4051=U54_DAC_LV1@X7 nEN=H, U52=LV1-pin1 FMC_A0A1A2=101"
1586,5,J1_JA5,53,0x1FB,111111011,507,3,1,3,7,5,101,1,"PIX4051=U4_4051R5@X7, PIX4052=U67_4052Mux4@S3A, DG4051=U54_DAC_LV1@X3 nEN=H, U52=LV1-pin1 FMC_A0A1A2=101"
1587,5,J1_JA5,54,0x1FF,111111111,511,7,1,3,7,5,101,1,"PIX4051=U28_4051L5@X7, PIX4052=U65_4052Mux4@S3B, DG4051=U54_DAC_LV1@X7 nEN=H, U52=LV1-pin1 FMC_A0A1A2=101"
1588,5,J1_JA5,55,0x13B,100111011,315,3,1,3,4,5,101,1,"PIX4051=U4_4051R5@X4, PIX4052=U67_4052Mux4@S3A, DG4051=U54_DAC_LV1@X3 nEN=H, U52=LV1-pin1 FMC_A0A1A2=101"
1589,5,J1_JA5,56,0x13F,100111111,319,7,1,3,4,5,101,1,"PIX4051=U28_4051L5@X4, PIX4052=U65_4052Mux4@S3B, DG4051=U54_DAC_LV1@X7 nEN=H, U52=LV1-pin1 FMC_A0A1A2=101"
1590,5,J1_JA5,57,0x1BB,110111011,443,3,1,3,6,5,101,1,"PIX4051=U4_4051R5@X6, PIX4052=U67_4052Mux4@S3A, DG4051=U54_DAC_LV1@X3 nEN=H, U52=LV1-pin1 FMC_A0A1A2=101"
1591,5,J1_JA5,58,0x1BF,110111111,447,7,1,3,6,5,101,1,"PIX4051=U28_4051L5@X6, PIX4052=U65_4052Mux4@S3B, DG4051=U54_DAC_LV1@X7 nEN=H, U52=LV1-pin1 FMC_A0A1A2=101"
1592,5,J1_JA5,59,0x07B,001111011,123,3,1,3,1,5,101,1,"PIX4051=U4_4051R5@X1, PIX4052=U67_4052Mux4@S3A, DG4051=U54_DAC_LV1@X3 nEN=H, U52=LV1-pin1 FMC_A0A1A2=101"
1593,5,J1_JA5,60,0x07F,001111111,127,7,1,3,1,5,101,1,"PIX4051=U28_4051L5@X1, PIX4052=U65_4052Mux4@S3B, DG4051=U54_DAC_LV1@X7 nEN=H, U52=LV1-pin1 FMC_A0A1A2=101"
1594,5,J1_JA5,61,0x0BB,010111011,187,3,1,3,2,5,101,1,"PIX4051=U4_4051R5@X2, PIX4052=U67_4052Mux4@S3A, DG4051=U54_DAC_LV1@X3 nEN=H, U52=LV1-pin1 FMC_A0A1A2=101"
1595,5,J1_JA5,62,0x0BF,010111111,191,7,1,3,2,5,101,1,"PIX4051=U28_4051L5@X2, PIX4052=U65_4052Mux4@S3B, DG4051=U54_DAC_LV1@X7 nEN=H, U52=LV1-pin1 FMC_A0A1A2=101"
1596,5,J1_JA5,63,0x03B,000111011,59,3,1,3,0,5,101,1,"PIX4051=U4_4051R5@X0, PIX4052=U67_4052Mux4@S3A, DG4051=U54_DAC_LV1@X3 nEN=H, U52=LV1-pin1 FMC_A0A1A2=101"
1597,5,J1_JA5,64,0x03F,000111111,63,7,1,3,0,5,101,1,"PIX4051=U28_4051L5@X0, PIX4052=U65_4052Mux4@S3B, DG4051=U54_DAC_LV1@X7 nEN=H, U52=LV1-pin1 FMC_A0A1A2=101"
1598,5,J1_JA5,65,0x0FB,011111011,251,3,1,3,3,5,101,1,"PIX4051=U4_4051R5@X3, PIX4052=U67_4052Mux4@S3A, DG4051=U54_DAC_LV1@X3 nEN=H, U52=LV1-pin1 FMC_A0A1A2=101"
1599,5,J1_JA5,66,0x0FF,011111111,255,7,1,3,3,5,101,1,"PIX4051=U28_4051L5@X3, PIX4052=U65_4052Mux4@S3B, DG4051=U54_DAC_LV1@X7 nEN=H, U52=LV1-pin1 FMC_A0A1A2=101"
1600,5,J1_JA5,67,0x17C,101111100,380,4,1,3,5,5,101,1,"PIX4051=U5_4051R5@X5, PIX4052=U66_4052Mux4@S3B, DG4051=U54_DAC_LV1@X4 nEN=H, U52=LV1-pin1 FMC_A0A1A2=101"
1601,5,J1_JA5,68,0x17E,101111110,382,6,1,3,5,5,101,1,"PIX4051=U29_4051L5@X5, PIX4052=U66_4052Mux4@S3A, DG4051=U54_DAC_LV1@X6 nEN=H, U52=LV1-pin1 FMC_A0A1A2=101"
1602,5,J1_JA5,69,0x1FC,111111100,508,4,1,3,7,5,101,1,"PIX4051=U5_4051R5@X7, PIX4052=U66_4052Mux4@S3B, DG4051=U54_DAC_LV1@X4 nEN=H, U52=LV1-pin1 FMC_A0A1A2=101"
1603,5,J1_JA5,70,0x1FE,111111110,510,6,1,3,7,5,101,1,"PIX4051=U29_4051L5@X7, PIX4052=U66_4052Mux4@S3A, DG4051=U54_DAC_LV1@X6 nEN=H, U52=LV1-pin1 FMC_A0A1A2=101"
1604,5,J1_JA5,71,0x13C,100111100,316,4,1,3,4,5,101,1,"PIX4051=U5_4051R5@X4, PIX4052=U66_4052Mux4@S3B, DG4051=U54_DAC_LV1@X4 nEN=H, U52=LV1-pin1 FMC_A0A1A2=101"
1605,5,J1_JA5,72,0x13E,100111110,318,6,1,3,4,5,101,1,"PIX4051=U29_4051L5@X4, PIX4052=U66_4052Mux4@S3A, DG4051=U54_DAC_LV1@X6 nEN=H, U52=LV1-pin1 FMC_A0A1A2=101"
1606,5,J1_JA5,73,0x1BC,110111100,444,4,1,3,6,5,101,1,"PIX4051=U5_4051R5@X6, PIX4052=U66_4052Mux4@S3B, DG4051=U54_DAC_LV1@X4 nEN=H, U52=LV1-pin1 FMC_A0A1A2=101"
1607,5,J1_JA5,74,0x1BE,110111110,446,6,1,3,6,5,101,1,"PIX4051=U29_4051L5@X6, PIX4052=U66_4052Mux4@S3A, DG4051=U54_DAC_LV1@X6 nEN=H, U52=LV1-pin1 FMC_A0A1A2=101"
1608,5,J1_JA5,75,0x07C,001111100,124,4,1,3,1,5,101,1,"PIX4051=U5_4051R5@X1, PIX4052=U66_4052Mux4@S3B, DG4051=U54_DAC_LV1@X4 nEN=H, U52=LV1-pin1 FMC_A0A1A2=101"
1609,5,J1_JA5,76,0x07E,001111110,126,6,1,3,1,5,101,1,"PIX4051=U29_4051L5@X1, PIX4052=U66_4052Mux4@S3A, DG4051=U54_DAC_LV1@X6 nEN=H, U52=LV1-pin1 FMC_A0A1A2=101"
1610,5,J1_JA5,77,0x0BC,010111100,188,4,1,3,2,5,101,1,"PIX4051=U5_4051R5@X2, PIX4052=U66_4052Mux4@S3B, DG4051=U54_DAC_LV1@X4 nEN=H, U52=LV1-pin1 FMC_A0A1A2=101"
1611,5,J1_JA5,78,0x0BE,010111110,190,6,1,3,2,5,101,1,"PIX4051=U29_4051L5@X2, PIX4052=U66_4052Mux4@S3A, DG4051=U54_DAC_LV1@X6 nEN=H, U52=LV1-pin1 FMC_A0A1A2=101"
1612,5,J1_JA5,79,0x03C,000111100,60,4,1,3,0,5,101,1,"PIX4051=U5_4051R5@X0, PIX4052=U66_4052Mux4@S3B, DG4051=U54_DAC_LV1@X4 nEN=H, U52=LV1-pin1 FMC_A0A1A2=101"
1613,5,J1_JA5,80,0x03E,000111110,62,6,1,3,0,5,101,1,"PIX4051=U29_4051L5@X0, PIX4052=U66_4052Mux4@S3A, DG4051=U54_DAC_LV1@X6 nEN=H, U52=LV1-pin1 FMC_A0A1A2=101"
1614,5,J2_JB5,1,0x0FC,011111100,252,4,1,3,3,5,101,1,"PIX4051=U5_4051R5@X3, PIX4052=U66_4052Mux4@S3B, DG4051=U54_DAC_LV1@X4 nEN=H, U52=LV1-pin1 FMC_A0A1A2=101"
1615,5,J2_JB5,2,0x0FE,011111110,254,6,1,3,3,5,101,1,"PIX4051=U29_4051L5@X3, PIX4052=U66_4052Mux4@S3A, DG4051=U54_DAC_LV1@X6 nEN=H, U52=LV1-pin1 FMC_A0A1A2=101"
1616,5,J2_JB5,3,0x16C,101101100,364,4,1,2,5,5,101,1,"PIX4051=U6_4051R5@X5, PIX4052=U66_4052Mux4@S2B, DG4051=U54_DAC_LV1@X4 nEN=H, U52=LV1-pin1 FMC_A0A1A2=101"
1617,5,J2_JB5,4,0x16E,101101110,366,6,1,2,5,5,101,1,"PIX4051=U30_4051L5@X5, PIX4052=U66_4052Mux4@S2A, DG4051=U54_DAC_LV1@X6 nEN=H, U52=LV1-pin1 FMC_A0A1A2=101"
1618,5,J2_JB5,5,0x1EC,111101100,492,4,1,2,7,5,101,1,"PIX4051=U6_4051R5@X7, PIX4052=U66_4052Mux4@S2B, DG4051=U54_DAC_LV1@X4 nEN=H, U52=LV1-pin1 FMC_A0A1A2=101"
1619,5,J2_JB5,6,0x1EE,111101110,494,6,1,2,7,5,101,1,"PIX4051=U30_4051L5@X7, PIX4052=U66_4052Mux4@S2A, DG4051=U54_DAC_LV1@X6 nEN=H, U52=LV1-pin1 FMC_A0A1A2=101"
1620,5,J2_JB5,7,0x12C,100101100,300,4,1,2,4,5,101,1,"PIX4051=U6_4051R5@X4, PIX4052=U66_4052Mux4@S2B, DG4051=U54_DAC_LV1@X4 nEN=H, U52=LV1-pin1 FMC_A0A1A2=101"
1621,5,J2_JB5,8,0x12E,100101110,302,6,1,2,4,5,101,1,"PIX4051=U30_4051L5@X4, PIX4052=U66_4052Mux4@S2A, DG4051=U54_DAC_LV1@X6 nEN=H, U52=LV1-pin1 FMC_A0A1A2=101"
1622,5,J2_JB5,9,0x1AC,110101100,428,4,1,2,6,5,101,1,"PIX4051=U6_4051R5@X6, PIX4052=U66_4052Mux4@S2B, DG4051=U54_DAC_LV1@X4 nEN=H, U52=LV1-pin1 FMC_A0A1A2=101"
1623,5,J2_JB5,10,0x1AE,110101110,430,6,1,2,6,5,101,1,"PIX4051=U30_4051L5@X6, PIX4052=U66_4052Mux4@S2A, DG4051=U54_DAC_LV1@X6 nEN=H, U52=LV1-pin1 FMC_A0A1A2=101"
1624,5,J2_JB5,11,0x06C,001101100,108,4,1,2,1,5,101,1,"PIX4051=U6_4051R5@X1, PIX4052=U66_4052Mux4@S2B, DG4051=U54_DAC_LV1@X4 nEN=H, U52=LV1-pin1 FMC_A0A1A2=101"
1625,5,J2_JB5,12,0x06E,001101110,110,6,1,2,1,5,101,1,"PIX4051=U30_4051L5@X1, PIX4052=U66_4052Mux4@S2A, DG4051=U54_DAC_LV1@X6 nEN=H, U52=LV1-pin1 FMC_A0A1A2=101"
1626,5,J2_JB5,13,0x0AC,010101100,172,4,1,2,2,5,101,1,"PIX4051=U6_4051R5@X2, PIX4052=U66_4052Mux4@S2B, DG4051=U54_DAC_LV1@X4 nEN=H, U52=LV1-pin1 FMC_A0A1A2=101"
1627,5,J2_JB5,14,0x0AE,010101110,174,6,1,2,2,5,101,1,"PIX4051=U30_4051L5@X2, PIX4052=U66_4052Mux4@S2A, DG4051=U54_DAC_LV1@X6 nEN=H, U52=LV1-pin1 FMC_A0A1A2=101"
1628,5,J2_JB5,15,0x02C,000101100,44,4,1,2,0,5,101,1,"PIX4051=U6_4051R5@X0, PIX4052=U66_4052Mux4@S2B, DG4051=U54_DAC_LV1@X4 nEN=H, U52=LV1-pin1 FMC_A0A1A2=101"
1629,5,J2_JB5,16,0x02E,000101110,46,6,1,2,0,5,101,1,"PIX4051=U30_4051L5@X0, PIX4052=U66_4052Mux4@S2A, DG4051=U54_DAC_LV1@X6 nEN=H, U52=LV1-pin1 FMC_A0A1A2=101"
1630,5,J2_JB5,17,0x0EC,011101100,236,4,1,2,3,5,101,1,"PIX4051=U6_4051R5@X3, PIX4052=U66_4052Mux4@S2B, DG4051=U54_DAC_LV1@X4 nEN=H, U52=LV1-pin1 FMC_A0A1A2=101"
1631,5,J2_JB5,18,0x0EE,011101110,238,6,1,2,3,5,101,1,"PIX4051=U30_4051L5@X3, PIX4052=U66_4052Mux4@S2A, DG4051=U54_DAC_LV1@X6 nEN=H, U52=LV1-pin1 FMC_A0A1A2=101"
1632,5,J2_JB5,19,0x158,101011000,344,0,1,1,5,5,101,1,"PIX4051=U7_4051R5@X5, PIX4052=U67_4052Mux4@S1B, DG4051=U54_DAC_LV1@X0 nEN=H, U52=LV1-pin1 FMC_A0A1A2=101"
1633,5,J2_JB5,20,0x14D,101001101,333,5,1,0,5,5,101,1,"PIX4051=U31_4051L5@X5, PIX4052=U65_4052Mux4@S0A, DG4051=U54_DAC_LV1@X5 nEN=H, U52=LV1-pin1 FMC_A0A1A2=101"
1634,5,J2_JB5,21,0x1D8,111011000,472,0,1,1,7,5,101,1,"PIX4051=U7_4051R5@X7, PIX4052=U67_4052Mux4@S1B, DG4051=U54_DAC_LV1@X0 nEN=H, U52=LV1-pin1 FMC_A0A1A2=101"
1635,5,J2_JB5,22,0x1CD,111001101,461,5,1,0,7,5,101,1,"PIX4051=U31_4051L5@X7, PIX4052=U65_4052Mux4@S0A, DG4051=U54_DAC_LV1@X5 nEN=H, U52=LV1-pin1 FMC_A0A1A2=101"
1636,5,J2_JB5,23,0x118,100011000,280,0,1,1,4,5,101,1,"PIX4051=U7_4051R5@X4, PIX4052=U67_4052Mux4@S1B, DG4051=U54_DAC_LV1@X0 nEN=H, U52=LV1-pin1 FMC_A0A1A2=101"
1637,5,J2_JB5,24,0x10D,100001101,269,5,1,0,4,5,101,1,"PIX4051=U31_4051L5@X4, PIX4052=U65_4052Mux4@S0A, DG4051=U54_DAC_LV1@X5 nEN=H, U52=LV1-pin1 FMC_A0A1A2=101"
1638,5,J2_JB5,25,0x198,110011000,408,0,1,1,6,5,101,1,"PIX4051=U7_4051R5@X6, PIX4052=U67_4052Mux4@S1B, DG4051=U54_DAC_LV1@X0 nEN=H, U52=LV1-pin1 FMC_A0A1A2=101"
1639,5,J2_JB5,26,0x18D,110001101,397,5,1,0,6,5,101,1,"PIX4051=U31_4051L5@X6, PIX4052=U65_4052Mux4@S0A, DG4051=U54_DAC_LV1@X5 nEN=H, U52=LV1-pin1 FMC_A0A1A2=101"
1640,5,J2_JB5,27,0x058,001011000,88,0,1,1,1,5,101,1,"PIX4051=U7_4051R5@X1, PIX4052=U67_4052Mux4@S1B, DG4051=U54_DAC_LV1@X0 nEN=H, U52=LV1-pin1 FMC_A0A1A2=101"
1641,5,J2_JB5,28,0x04D,001001101,77,5,1,0,1,5,101,1,"PIX4051=U31_4051L5@X1, PIX4052=U65_4052Mux4@S0A, DG4051=U54_DAC_LV1@X5 nEN=H, U52=LV1-pin1 FMC_A0A1A2=101"
1642,5,J2_JB5,29,0x098,010011000,152,0,1,1,2,5,101,1,"PIX4051=U7_4051R5@X2, PIX4052=U67_4052Mux4@S1B, DG4051=U54_DAC_LV1@X0 nEN=H, U52=LV1-pin1 FMC_A0A1A2=101"
1643,5,J2_JB5,30,0x08D,010001101,141,5,1,0,2,5,101,1,"PIX4051=U31_4051L5@X2, PIX4052=U65_4052Mux4@S0A, DG4051=U54_DAC_LV1@X5 nEN=H, U52=LV1-pin1 FMC_A0A1A2=101"
1644,5,J2_JB5,31,0x018,000011000,24,0,1,1,0,5,101,1,"PIX4051=U7_4051R5@X0, PIX4052=U67_4052Mux4@S1B, DG4051=U54_DAC_LV1@X0 nEN=H, U52=LV1-pin1 FMC_A0A1A2=101"
1645,5,J2_JB5,32,0x00D,000001101,13,5,1,0,0,5,101,1,"PIX4051=U31_4051L5@X0, PIX4052=U65_4052Mux4@S0A, DG4051=U54_DAC_LV1@X5 nEN=H, U52=LV1-pin1 FMC_A0A1A2=101"
1646,5,J2_JB5,33,0x0D8,011011000,216,0,1,1,3,5,101,1,"PIX4051=U7_4051R5@X3, PIX4052=U67_4052Mux4@S1B, DG4051=U54_DAC_LV1@X0 nEN=H, U52=LV1-pin1 FMC_A0A1A2=101"
1647,5,J2_JB5,34,0x0CD,011001101,205,5,1,0,3,5,101,1,"PIX4051=U31_4051L5@X3, PIX4052=U65_4052Mux4@S0A, DG4051=U54_DAC_LV1@X5 nEN=H, U52=LV1-pin1 FMC_A0A1A2=101"
1648,5,J2_JB5,35,0x148,101001000,328,0,1,0,5,5,101,1,"PIX4051=U8_4051R5@X5, PIX4052=U67_4052Mux4@S0B, DG4051=U54_DAC_LV1@X0 nEN=H, U52=LV1-pin1 FMC_A0A1A2=101"
1649,5,J2_JB5,36,0x15D,101011101,349,5,1,1,5,5,101,1,"PIX4051=U32_4051L5@X5, PIX4052=U65_4052Mux4@S1A, DG4051=U54_DAC_LV1@X5 nEN=H, U52=LV1-pin1 FMC_A0A1A2=101"
1650,5,J2_JB5,37,0x1C8,111001000,456,0,1,0,7,5,101,1,"PIX4051=U8_4051R5@X7, PIX4052=U67_4052Mux4@S0B, DG4051=U54_DAC_LV1@X0 nEN=H, U52=LV1-pin1 FMC_A0A1A2=101"
1651,5,J2_JB5,38,0x1DD,111011101,477,5,1,1,7,5,101,1,"PIX4051=U32_4051L5@X7, PIX4052=U65_4052Mux4@S1A, DG4051=U54_DAC_LV1@X5 nEN=H, U52=LV1-pin1 FMC_A0A1A2=101"
1652,5,J2_JB5,39,0x108,100001000,264,0,1,0,4,5,101,1,"PIX4051=U8_4051R5@X4, PIX4052=U67_4052Mux4@S0B, DG4051=U54_DAC_LV1@X0 nEN=H, U52=LV1-pin1 FMC_A0A1A2=101"
1653,5,J2_JB5,40,0x11D,100011101,285,5,1,1,4,5,101,1,"PIX4051=U32_4051L5@X4, PIX4052=U65_4052Mux4@S1A, DG4051=U54_DAC_LV1@X5 nEN=H, U52=LV1-pin1 FMC_A0A1A2=101"
1654,5,J2_JB5,41,0x188,110001000,392,0,1,0,6,5,101,1,"PIX4051=U8_4051R5@X6, PIX4052=U67_4052Mux4@S0B, DG4051=U54_DAC_LV1@X0 nEN=H, U52=LV1-pin1 FMC_A0A1A2=101"
1655,5,J2_JB5,42,0x19D,110011101,413,5,1,1,6,5,101,1,"PIX4051=U32_4051L5@X6, PIX4052=U65_4052Mux4@S1A, DG4051=U54_DAC_LV1@X5 nEN=H, U52=LV1-pin1 FMC_A0A1A2=101"
1656,5,J2_JB5,43,0x048,001001000,72,0,1,0,1,5,101,1,"PIX4051=U8_4051R5@X1, PIX4052=U67_4052Mux4@S0B, DG4051=U54_DAC_LV1@X0 nEN=H, U52=LV1-pin1 FMC_A0A1A2=101"
1657,5,J2_JB5,44,0x05D,001011101,93,5,1,1,1,5,101,1,"PIX4051=U32_4051L5@X1, PIX4052=U65_4052Mux4@S1A, DG4051=U54_DAC_LV1@X5 nEN=H, U52=LV1-pin1 FMC_A0A1A2=101"
1658,5,J2_JB5,45,0x088,010001000,136,0,1,0,2,5,101,1,"PIX4051=U8_4051R5@X2, PIX4052=U67_4052Mux4@S0B, DG4051=U54_DAC_LV1@X0 nEN=H, U52=LV1-pin1 FMC_A0A1A2=101"
1659,5,J2_JB5,46,0x09D,010011101,157,5,1,1,2,5,101,1,"PIX4051=U32_4051L5@X2, PIX4052=U65_4052Mux4@S1A, DG4051=U54_DAC_LV1@X5 nEN=H, U52=LV1-pin1 FMC_A0A1A2=101"
1660,5,J2_JB5,47,0x008,000001000,8,0,1,0,0,5,101,1,"PIX4051=U8_4051R5@X0, PIX4052=U67_4052Mux4@S0B, DG4051=U54_DAC_LV1@X0 nEN=H, U52=LV1-pin1 FMC_A0A1A2=101"
1661,5,J2_JB5,48,0x01D,000011101,29,5,1,1,0,5,101,1,"PIX4051=U32_4051L5@X0, PIX4052=U65_4052Mux4@S1A, DG4051=U54_DAC_LV1@X5 nEN=H, U52=LV1-pin1 FMC_A0A1A2=101"
1662,5,J2_JB5,49,0x0C8,011001000,200,0,1,0,3,5,101,1,"PIX4051=U8_4051R5@X3, PIX4052=U67_4052Mux4@S0B, DG4051=U54_DAC_LV1@X0 nEN=H, U52=LV1-pin1 FMC_A0A1A2=101"
1663,5,J2_JB5,50,0x0DD,011011101,221,5,1,1,3,5,101,1,"PIX4051=U32_4051L5@X3, PIX4052=U65_4052Mux4@S1A, DG4051=U54_DAC_LV1@X5 nEN=H, U52=LV1-pin1 FMC_A0A1A2=101"
1664,5,J2_JB5,51,0x15B,101011011,347,3,1,1,5,5,101,1,"PIX4051=U9_4051R5@X5, PIX4052=U67_4052Mux4@S1A, DG4051=U54_DAC_LV1@X3 nEN=H, U52=LV1-pin1 FMC_A0A1A2=101"
1665,5,J2_JB5,52,0x14F,101001111,335,7,1,0,5,5,101,1,"PIX4051=U33_4051L5@X5, PIX4052=U65_4052Mux4@S0B, DG4051=U54_DAC_LV1@X7 nEN=H, U52=LV1-pin1 FMC_A0A1A2=101"
1666,5,J2_JB5,53,0x1DB,111011011,475,3,1,1,7,5,101,1,"PIX4051=U9_4051R5@X7, PIX4052=U67_4052Mux4@S1A, DG4051=U54_DAC_LV1@X3 nEN=H, U52=LV1-pin1 FMC_A0A1A2=101"
1667,5,J2_JB5,54,0x1CF,111001111,463,7,1,0,7,5,101,1,"PIX4051=U33_4051L5@X7, PIX4052=U65_4052Mux4@S0B, DG4051=U54_DAC_LV1@X7 nEN=H, U52=LV1-pin1 FMC_A0A1A2=101"
1668,5,J2_JB5,55,0x11B,100011011,283,3,1,1,4,5,101,1,"PIX4051=U9_4051R5@X4, PIX4052=U67_4052Mux4@S1A, DG4051=U54_DAC_LV1@X3 nEN=H, U52=LV1-pin1 FMC_A0A1A2=101"
1669,5,J2_JB5,56,0x10F,100001111,271,7,1,0,4,5,101,1,"PIX4051=U33_4051L5@X4, PIX4052=U65_4052Mux4@S0B, DG4051=U54_DAC_LV1@X7 nEN=H, U52=LV1-pin1 FMC_A0A1A2=101"
1670,5,J2_JB5,57,0x19B,110011011,411,3,1,1,6,5,101,1,"PIX4051=U9_4051R5@X6, PIX4052=U67_4052Mux4@S1A, DG4051=U54_DAC_LV1@X3 nEN=H, U52=LV1-pin1 FMC_A0A1A2=101"
1671,5,J2_JB5,58,0x18F,110001111,399,7,1,0,6,5,101,1,"PIX4051=U33_4051L5@X6, PIX4052=U65_4052Mux4@S0B, DG4051=U54_DAC_LV1@X7 nEN=H, U52=LV1-pin1 FMC_A0A1A2=101"
1672,5,J2_JB5,59,0x05B,001011011,91,3,1,1,1,5,101,1,"PIX4051=U9_4051R5@X1, PIX4052=U67_4052Mux4@S1A, DG4051=U54_DAC_LV1@X3 nEN=H, U52=LV1-pin1 FMC_A0A1A2=101"
1673,5,J2_JB5,60,0x04F,001001111,79,7,1,0,1,5,101,1,"PIX4051=U33_4051L5@X1, PIX4052=U65_4052Mux4@S0B, DG4051=U54_DAC_LV1@X7 nEN=H, U52=LV1-pin1 FMC_A0A1A2=101"
1674,5,J2_JB5,61,0x09B,010011011,155,3,1,1,2,5,101,1,"PIX4051=U9_4051R5@X2, PIX4052=U67_4052Mux4@S1A, DG4051=U54_DAC_LV1@X3 nEN=H, U52=LV1-pin1 FMC_A0A1A2=101"
1675,5,J2_JB5,62,0x08F,010001111,143,7,1,0,2,5,101,1,"PIX4051=U33_4051L5@X2, PIX4052=U65_4052Mux4@S0B, DG4051=U54_DAC_LV1@X7 nEN=H, U52=LV1-pin1 FMC_A0A1A2=101"
1676,5,J2_JB5,63,0x01B,000011011,27,3,1,1,0,5,101,1,"PIX4051=U9_4051R5@X0, PIX4052=U67_4052Mux4@S1A, DG4051=U54_DAC_LV1@X3 nEN=H, U52=LV1-pin1 FMC_A0A1A2=101"
1677,5,J2_JB5,64,0x00F,000001111,15,7,1,0,0,5,101,1,"PIX4051=U33_4051L5@X0, PIX4052=U65_4052Mux4@S0B, DG4051=U54_DAC_LV1@X7 nEN=H, U52=LV1-pin1 FMC_A0A1A2=101"
1678,5,J2_JB5,65,0x0DB,011011011,219,3,1,1,3,5,101,1,"PIX4051=U9_4051R5@X3, PIX4052=U67_4052Mux4@S1A, DG4051=U54_DAC_LV1@X3 nEN=H, U52=LV1-pin1 FMC_A0A1A2=101"
1679,5,J2_JB5,66,0x0CF,011001111,207,7,1,0,3,5,101,1,"PIX4051=U33_4051L5@X3, PIX4052=U65_4052Mux4@S0B, DG4051=U54_DAC_LV1@X7 nEN=H, U52=LV1-pin1 FMC_A0A1A2=101"
1680,5,J2_JB5,67,0x14B,101001011,331,3,1,0,5,5,101,1,"PIX4051=U10_4051R5@X5, PIX4052=U67_4052Mux4@S0A, DG4051=U54_DAC_LV1@X3 nEN=H, U52=LV1-pin1 FMC_A0A1A2=101"
1681,5,J2_JB5,68,0x15F,101011111,351,7,1,1,5,5,101,1,"PIX4051=U34_4051L5@X5, PIX4052=U65_4052Mux4@S1B, DG4051=U54_DAC_LV1@X7 nEN=H, U52=LV1-pin1 FMC_A0A1A2=101"
1682,5,J2_JB5,69,0x1CB,111001011,459,3,1,0,7,5,101,1,"PIX4051=U10_4051R5@X7, PIX4052=U67_4052Mux4@S0A, DG4051=U54_DAC_LV1@X3 nEN=H, U52=LV1-pin1 FMC_A0A1A2=101"
1683,5,J2_JB5,70,0x1DF,111011111,479,7,1,1,7,5,101,1,"PIX4051=U34_4051L5@X7, PIX4052=U65_4052Mux4@S1B, DG4051=U54_DAC_LV1@X7 nEN=H, U52=LV1-pin1 FMC_A0A1A2=101"
1684,5,J2_JB5,71,0x10B,100001011,267,3,1,0,4,5,101,1,"PIX4051=U10_4051R5@X4, PIX4052=U67_4052Mux4@S0A, DG4051=U54_DAC_LV1@X3 nEN=H, U52=LV1-pin1 FMC_A0A1A2=101"
1685,5,J2_JB5,72,0x11F,100011111,287,7,1,1,4,5,101,1,"PIX4051=U34_4051L5@X4, PIX4052=U65_4052Mux4@S1B, DG4051=U54_DAC_LV1@X7 nEN=H, U52=LV1-pin1 FMC_A0A1A2=101"
1686,5,J2_JB5,73,0x18B,110001011,395,3,1,0,6,5,101,1,"PIX4051=U10_4051R5@X6, PIX4052=U67_4052Mux4@S0A, DG4051=U54_DAC_LV1@X3 nEN=H, U52=LV1-pin1 FMC_A0A1A2=101"
1687,5,J2_JB5,74,0x19F,110011111,415,7,1,1,6,5,101,1,"PIX4051=U34_4051L5@X6, PIX4052=U65_4052Mux4@S1B, DG4051=U54_DAC_LV1@X7 nEN=H, U52=LV1-pin1 FMC_A0A1A2=101"
1688,5,J2_JB5,75,0x04B,001001011,75,3,1,0,1,5,101,1,"PIX4051=U10_4051R5@X1, PIX4052=U67_4052Mux4@S0A, DG4051=U54_DAC_LV1@X3 nEN=H, U52=LV1-pin1 FMC_A0A1A2=101"
1689,5,J2_JB5,76,0x05F,001011111,95,7,1,1,1,5,101,1,"PIX4051=U34_4051L5@X1, PIX4052=U65_4052Mux4@S1B, DG4051=U54_DAC_LV1@X7 nEN=H, U52=LV1-pin1 FMC_A0A1A2=101"
1690,5,J2_JB13,1,0x08B,010001011,139,3,1,0,2,5,101,1,"PIX4051=U10_4051R5@X2, PIX4052=U67_4052Mux4@S0A, DG4051=U54_DAC_LV1@X3 nEN=H, U52=LV1-pin1 FMC_A0A1A2=101"
1691,5,J2_JB13,2,0x09F,010011111,159,7,1,1,2,5,101,1,"PIX4051=U34_4051L5@X2, PIX4052=U65_4052Mux4@S1B, DG4051=U54_DAC_LV1@X7 nEN=H, U52=LV1-pin1 FMC_A0A1A2=101"
1692,5,J2_JB13,3,0x00B,000001011,11,3,1,0,0,5,101,1,"PIX4051=U10_4051R5@X0, PIX4052=U67_4052Mux4@S0A, DG4051=U54_DAC_LV1@X3 nEN=H, U52=LV1-pin1 FMC_A0A1A2=101"
1693,5,J2_JB13,4,0x01F,000011111,31,7,1,1,0,5,101,1,"PIX4051=U34_4051L5@X0, PIX4052=U65_4052Mux4@S1B, DG4051=U54_DAC_LV1@X7 nEN=H, U52=LV1-pin1 FMC_A0A1A2=101"
1694,5,J2_JB13,5,0x0CB,011001011,203,3,1,0,3,5,101,1,"PIX4051=U10_4051R5@X3, PIX4052=U67_4052Mux4@S0A, DG4051=U54_DAC_LV1@X3 nEN=H, U52=LV1-pin1 FMC_A0A1A2=101"
1695,5,J2_JB13,6,0x0DF,011011111,223,7,1,1,3,5,101,1,"PIX4051=U34_4051L5@X3, PIX4052=U65_4052Mux4@S1B, DG4051=U54_DAC_LV1@X7 nEN=H, U52=LV1-pin1 FMC_A0A1A2=101"
1696,5,J2_JB13,7,0x15C,101011100,348,4,1,1,5,5,101,1,"PIX4051=U11_4051R5@X5, PIX4052=U66_4052Mux4@S1B, DG4051=U54_DAC_LV1@X4 nEN=H, U52=LV1-pin1 FMC_A0A1A2=101"
1697,5,J2_JB13,8,0x14E,101001110,334,6,1,0,5,5,101,1,"PIX4051=U35_4051L5@X5, PIX4052=U66_4052Mux4@S0A, DG4051=U54_DAC_LV1@X6 nEN=H, U52=LV1-pin1 FMC_A0A1A2=101"
1698,5,J2_JB13,9,0x1DC,111011100,476,4,1,1,7,5,101,1,"PIX4051=U11_4051R5@X7, PIX4052=U66_4052Mux4@S1B, DG4051=U54_DAC_LV1@X4 nEN=H, U52=LV1-pin1 FMC_A0A1A2=101"
1699,5,J2_JB13,10,0x1CE,111001110,462,6,1,0,7,5,101,1,"PIX4051=U35_4051L5@X7, PIX4052=U66_4052Mux4@S0A, DG4051=U54_DAC_LV1@X6 nEN=H, U52=LV1-pin1 FMC_A0A1A2=101"
1700,5,J2_JB13,11,0x11C,100011100,284,4,1,1,4,5,101,1,"PIX4051=U11_4051R5@X4, PIX4052=U66_4052Mux4@S1B, DG4051=U54_DAC_LV1@X4 nEN=H, U52=LV1-pin1 FMC_A0A1A2=101"
1701,5,J2_JB13,12,0x10E,100001110,270,6,1,0,4,5,101,1,"PIX4051=U35_4051L5@X4, PIX4052=U66_4052Mux4@S0A, DG4051=U54_DAC_LV1@X6 nEN=H, U52=LV1-pin1 FMC_A0A1A2=101"
1702,5,J2_JB13,13,0x19C,110011100,412,4,1,1,6,5,101,1,"PIX4051=U11_4051R5@X6, PIX4052=U66_4052Mux4@S1B, DG4051=U54_DAC_LV1@X4 nEN=H, U52=LV1-pin1 FMC_A0A1A2=101"
1703,5,J2_JB13,14,0x18E,110001110,398,6,1,0,6,5,101,1,"PIX4051=U35_4051L5@X6, PIX4052=U66_4052Mux4@S0A, DG4051=U54_DAC_LV1@X6 nEN=H, U52=LV1-pin1 FMC_A0A1A2=101"
1704,5,J2_JB13,15,0x05C,001011100,92,4,1,1,1,5,101,1,"PIX4051=U11_4051R5@X1, PIX4052=U66_4052Mux4@S1B, DG4051=U54_DAC_LV1@X4 nEN=H, U52=LV1-pin1 FMC_A0A1A2=101"
1705,5,J2_JB13,16,0x04E,001001110,78,6,1,0,1,5,101,1,"PIX4051=U35_4051L5@X1, PIX4052=U66_4052Mux4@S0A, DG4051=U54_DAC_LV1@X6 nEN=H, U52=LV1-pin1 FMC_A0A1A2=101"
1706,5,J2_JB13,17,0x09C,010011100,156,4,1,1,2,5,101,1,"PIX4051=U11_4051R5@X2, PIX4052=U66_4052Mux4@S1B, DG4051=U54_DAC_LV1@X4 nEN=H, U52=LV1-pin1 FMC_A0A1A2=101"
1707,5,J2_JB13,18,0x08E,010001110,142,6,1,0,2,5,101,1,"PIX4051=U35_4051L5@X2, PIX4052=U66_4052Mux4@S0A, DG4051=U54_DAC_LV1@X6 nEN=H, U52=LV1-pin1 FMC_A0A1A2=101"
1708,5,J2_JB13,19,0x01C,000011100,28,4,1,1,0,5,101,1,"PIX4051=U11_4051R5@X0, PIX4052=U66_4052Mux4@S1B, DG4051=U54_DAC_LV1@X4 nEN=H, U52=LV1-pin1 FMC_A0A1A2=101"
1709,5,J2_JB13,20,0x00E,000001110,14,6,1,0,0,5,101,1,"PIX4051=U35_4051L5@X0, PIX4052=U66_4052Mux4@S0A, DG4051=U54_DAC_LV1@X6 nEN=H, U52=LV1-pin1 FMC_A0A1A2=101"
1710,5,J2_JB13,21,0x0DC,011011100,220,4,1,1,3,5,101,1,"PIX4051=U11_4051R5@X3, PIX4052=U66_4052Mux4@S1B, DG4051=U54_DAC_LV1@X4 nEN=H, U52=LV1-pin1 FMC_A0A1A2=101"
1711,5,J2_JB13,22,0x0CE,011001110,206,6,1,0,3,5,101,1,"PIX4051=U35_4051L5@X3, PIX4052=U66_4052Mux4@S0A, DG4051=U54_DAC_LV1@X6 nEN=H, U52=LV1-pin1 FMC_A0A1A2=101"
1712,5,J2_JB13,23,0x14C,101001100,332,4,1,0,5,5,101,1,"PIX4051=U12_4051R5@X5, PIX4052=U66_4052Mux4@S0B, DG4051=U54_DAC_LV1@X4 nEN=H, U52=LV1-pin1 FMC_A0A1A2=101"
1713,5,J2_JB13,24,0x15E,101011110,350,6,1,1,5,5,101,1,"PIX4051=U36_4051L5@X5, PIX4052=U66_4052Mux4@S1A, DG4051=U54_DAC_LV1@X6 nEN=H, U52=LV1-pin1 FMC_A0A1A2=101"
1714,5,J2_JB13,25,0x1CC,111001100,460,4,1,0,7,5,101,1,"PIX4051=U12_4051R5@X7, PIX4052=U66_4052Mux4@S0B, DG4051=U54_DAC_LV1@X4 nEN=H, U52=LV1-pin1 FMC_A0A1A2=101"
1715,5,J2_JB13,26,0x1DE,111011110,478,6,1,1,7,5,101,1,"PIX4051=U36_4051L5@X7, PIX4052=U66_4052Mux4@S1A, DG4051=U54_DAC_LV1@X6 nEN=H, U52=LV1-pin1 FMC_A0A1A2=101"
1716,5,J2_JB13,27,0x10C,100001100,268,4,1,0,4,5,101,1,"PIX4051=U12_4051R5@X4, PIX4052=U66_4052Mux4@S0B, DG4051=U54_DAC_LV1@X4 nEN=H, U52=LV1-pin1 FMC_A0A1A2=101"
1717,5,J2_JB13,28,0x11E,100011110,286,6,1,1,4,5,101,1,"PIX4051=U36_4051L5@X4, PIX4052=U66_4052Mux4@S1A, DG4051=U54_DAC_LV1@X6 nEN=H, U52=LV1-pin1 FMC_A0A1A2=101"
1718,5,J2_JB13,29,0x18C,110001100,396,4,1,0,6,5,101,1,"PIX4051=U12_4051R5@X6, PIX4052=U66_4052Mux4@S0B, DG4051=U54_DAC_LV1@X4 nEN=H, U52=LV1-pin1 FMC_A0A1A2=101"
1719,5,J2_JB13,30,0x19E,110011110,414,6,1,1,6,5,101,1,"PIX4051=U36_4051L5@X6, PIX4052=U66_4052Mux4@S1A, DG4051=U54_DAC_LV1@X6 nEN=H, U52=LV1-pin1 FMC_A0A1A2=101"
1720,5,J2_JB13,31,0x04C,001001100,76,4,1,0,1,5,101,1,"PIX4051=U12_4051R5@X1, PIX4052=U66_4052Mux4@S0B, DG4051=U54_DAC_LV1@X4 nEN=H, U52=LV1-pin1 FMC_A0A1A2=101"
1721,5,J2_JB13,32,0x05E,001011110,94,6,1,1,1,5,101,1,"PIX4051=U36_4051L5@X1, PIX4052=U66_4052Mux4@S1A, DG4051=U54_DAC_LV1@X6 nEN=H, U52=LV1-pin1 FMC_A0A1A2=101"
1722,5,J2_JB13,33,0x08C,010001100,140,4,1,0,2,5,101,1,"PIX4051=U12_4051R5@X2, PIX4052=U66_4052Mux4@S0B, DG4051=U54_DAC_LV1@X4 nEN=H, U52=LV1-pin1 FMC_A0A1A2=101"
1723,5,J2_JB13,34,0x09E,010011110,158,6,1,1,2,5,101,1,"PIX4051=U36_4051L5@X2, PIX4052=U66_4052Mux4@S1A, DG4051=U54_DAC_LV1@X6 nEN=H, U52=LV1-pin1 FMC_A0A1A2=101"
1724,5,J2_JB13,35,0x00C,000001100,12,4,1,0,0,5,101,1,"PIX4051=U12_4051R5@X0, PIX4052=U66_4052Mux4@S0B, DG4051=U54_DAC_LV1@X4 nEN=H, U52=LV1-pin1 FMC_A0A1A2=101"
1725,5,J2_JB13,36,0x01E,000011110,30,6,1,1,0,5,101,1,"PIX4051=U36_4051L5@X0, PIX4052=U66_4052Mux4@S1A, DG4051=U54_DAC_LV1@X6 nEN=H, U52=LV1-pin1 FMC_A0A1A2=101"
1726,5,J2_JB13,37,0x0CC,011001100,204,4,1,0,3,5,101,1,"PIX4051=U12_4051R5@X3, PIX4052=U66_4052Mux4@S0B, DG4051=U54_DAC_LV1@X4 nEN=H, U52=LV1-pin1 FMC_A0A1A2=101"
1727,5,J2_JB13,38,0x0DE,011011110,222,6,1,1,3,5,101,1,"PIX4051=U36_4051L5@X3, PIX4052=U66_4052Mux4@S1A, DG4051=U54_DAC_LV1@X6 nEN=H, U52=LV1-pin1 FMC_A0A1A2=101"
1728,5,J2_JB13,39,0x16C,101101100,364,4,1,2,5,7,111,5,"PIX4051=U13_4051R5@X5, PIX4052=U67_4052Mux10@S2A, DG4051=U54_DAC_LV3@X4 nEN=H, U52=LV3-pin1 FMC_A0A1A2=111"
1729,5,J2_JB13,40,0x16E,101101110,366,6,1,2,5,7,111,5,"PIX4051=U37_4051L5@X5, PIX4052=U67_4052Mux10@S2B, DG4051=U54_DAC_LV3@X6 nEN=H, U52=LV3-pin1 FMC_A0A1A2=111"
1730,5,J2_JB13,41,0x1EC,111101100,492,4,1,2,7,7,111,5,"PIX4051=U13_4051R5@X7, PIX4052=U67_4052Mux10@S2A, DG4051=U54_DAC_LV3@X4 nEN=H, U52=LV3-pin1 FMC_A0A1A2=111"
1731,5,J2_JB13,42,0x1EE,111101110,494,6,1,2,7,7,111,5,"PIX4051=U37_4051L5@X7, PIX4052=U67_4052Mux10@S2B, DG4051=U54_DAC_LV3@X6 nEN=H, U52=LV3-pin1 FMC_A0A1A2=111"
1732,5,J2_JB13,43,0x12C,100101100,300,4,1,2,4,7,111,5,"PIX4051=U13_4051R5@X4, PIX4052=U67_4052Mux10@S2A, DG4051=U54_DAC_LV3@X4 nEN=H, U52=LV3-pin1 FMC_A0A1A2=111"
1733,5,J2_JB13,44,0x12E,100101110,302,6,1,2,4,7,111,5,"PIX4051=U37_4051L5@X4, PIX4052=U67_4052Mux10@S2B, DG4051=U54_DAC_LV3@X6 nEN=H, U52=LV3-pin1 FMC_A0A1A2=111"
1734,5,J2_JB13,45,0x1AC,110101100,428,4,1,2,6,7,111,5,"PIX4051=U13_4051R5@X6, PIX4052=U67_4052Mux10@S2A, DG4051=U54_DAC_LV3@X4 nEN=H, U52=LV3-pin1 FMC_A0A1A2=111"
1735,5,J2_JB13,46,0x1AE,110101110,430,6,1,2,6,7,111,5,"PIX4051=U37_4051L5@X6, PIX4052=U67_4052Mux10@S2B, DG4051=U54_DAC_LV3@X6 nEN=H, U52=LV3-pin1 FMC_A0A1A2=111"
1736,5,J2_JB13,47,0x06C,001101100,108,4,1,2,1,7,111,5,"PIX4051=U13_4051R5@X1, PIX4052=U67_4052Mux10@S2A, DG4051=U54_DAC_LV3@X4 nEN=H, U52=LV3-pin1 FMC_A0A1A2=111"
1737,5,J2_JB13,48,0x06E,001101110,110,6,1,2,1,7,111,5,"PIX4051=U37_4051L5@X1, PIX4052=U67_4052Mux10@S2B, DG4051=U54_DAC_LV3@X6 nEN=H, U52=LV3-pin1 FMC_A0A1A2=111"
1738,5,J2_JB13,49,0x0AC,010101100,172,4,1,2,2,7,111,5,"PIX4051=U13_4051R5@X2, PIX4052=U67_4052Mux10@S2A, DG4051=U54_DAC_LV3@X4 nEN=H, U52=LV3-pin1 FMC_A0A1A2=111"
1739,5,J2_JB13,50,0x0AE,010101110,174,6,1,2,2,7,111,5,"PIX4051=U37_4051L5@X2, PIX4052=U67_4052Mux10@S2B, DG4051=U54_DAC_LV3@X6 nEN=H, U52=LV3-pin1 FMC_A0A1A2=111"
1740,5,J2_JB13,51,0x02C,000101100,44,4,1,2,0,7,111,5,"PIX4051=U13_4051R5@X0, PIX4052=U67_4052Mux10@S2A, DG4051=U54_DAC_LV3@X4 nEN=H, U52=LV3-pin1 FMC_A0A1A2=111"
1741,5,J2_JB13,52,0x02E,000101110,46,6,1,2,0,7,111,5,"PIX4051=U37_4051L5@X0, PIX4052=U67_4052Mux10@S2B, DG4051=U54_DAC_LV3@X6 nEN=H, U52=LV3-pin1 FMC_A0A1A2=111"
1742,5,J2_JB13,53,0x0EC,011101100,236,4,1,2,3,7,111,5,"PIX4051=U13_4051R5@X3, PIX4052=U67_4052Mux10@S2A, DG4051=U54_DAC_LV3@X4 nEN=H, U52=LV3-pin1 FMC_A0A1A2=111"
1743,5,J2_JB13,54,0x0EE,011101110,238,6,1,2,3,7,111,5,"PIX4051=U37_4051L5@X3, PIX4052=U67_4052Mux10@S2B, DG4051=U54_DAC_LV3@X6 nEN=H, U52=LV3-pin1 FMC_A0A1A2=111"
1744,5,J2_JB13,55,0x17C,101111100,380,4,1,3,5,7,111,5,"PIX4051=U14_4051R5@X5, PIX4052=U67_4052Mux10@S3A, DG4051=U54_DAC_LV3@X4 nEN=H, U52=LV3-pin1 FMC_A0A1A2=111"
1745,5,J2_JB13,56,0x17E,101111110,382,6,1,3,5,7,111,5,"PIX4051=U38_4051L5@X5, PIX4052=U67_4052Mux10@S3B, DG4051=U54_DAC_LV3@X6 nEN=H, U52=LV3-pin1 FMC_A0A1A2=111"
1746,5,J2_JB13,57,0x1FC,111111100,508,4,1,3,7,7,111,5,"PIX4051=U14_4051R5@X7, PIX4052=U67_4052Mux10@S3A, DG4051=U54_DAC_LV3@X4 nEN=H, U52=LV3-pin1 FMC_A0A1A2=111"
1747,5,J2_JB13,58,0x1FE,111111110,510,6,1,3,7,7,111,5,"PIX4051=U38_4051L5@X7, PIX4052=U67_4052Mux10@S3B, DG4051=U54_DAC_LV3@X6 nEN=H, U52=LV3-pin1 FMC_A0A1A2=111"
1748,5,J2_JB13,59,0x13C,100111100,316,4,1,3,4,7,111,5,"PIX4051=U14_4051R5@X4, PIX4052=U67_4052Mux10@S3A, DG4051=U54_DAC_LV3@X4 nEN=H, U52=LV3-pin1 FMC_A0A1A2=111"
1749,5,J2_JB13,60,0x13E,100111110,318,6,1,3,4,7,111,5,"PIX4051=U38_4051L5@X4, PIX4052=U67_4052Mux10@S3B, DG4051=U54_DAC_LV3@X6 nEN=H, U52=LV3-pin1 FMC_A0A1A2=111"
1750,5,J2_JB13,61,0x1BC,110111100,444,4,1,3,6,7,111,5,"PIX4051=U14_4051R5@X6, PIX4052=U67_4052Mux10@S3A, DG4051=U54_DAC_LV3@X4 nEN=H, U52=LV3-pin1 FMC_A0A1A2=111"
1751,5,J2_JB13,62,0x1BE,110111110,446,6,1,3,6,7,111,5,"PIX4051=U38_4051L5@X6, PIX4052=U67_4052Mux10@S3B, DG4051=U54_DAC_LV3@X6 nEN=H, U52=LV3-pin1 FMC_A0A1A2=111"
1752,5,J2_JB13,63,0x07C,001111100,124,4,1,3,1,7,111,5,"PIX4051=U14_4051R5@X1, PIX4052=U67_4052Mux10@S3A, DG4051=U54_DAC_LV3@X4 nEN=H, U52=LV3-pin1 FMC_A0A1A2=111"
1753,5,J2_JB13,64,0x07E,001111110,126,6,1,3,1,7,111,5,"PIX4051=U38_4051L5@X1, PIX4052=U67_4052Mux10@S3B, DG4051=U54_DAC_LV3@X6 nEN=H, U52=LV3-pin1 FMC_A0A1A2=111"
1754,5,J2_JB13,65,0x0BC,010111100,188,4,1,3,2,7,111,5,"PIX4051=U14_4051R5@X2, PIX4052=U67_4052Mux10@S3A, DG4051=U54_DAC_LV3@X4 nEN=H, U52=LV3-pin1 FMC_A0A1A2=111"
1755,5,J2_JB13,66,0x0BE,010111110,190,6,1,3,2,7,111,5,"PIX4051=U38_4051L5@X2, PIX4052=U67_4052Mux10@S3B, DG4051=U54_DAC_LV3@X6 nEN=H, U52=LV3-pin1 FMC_A0A1A2=111"
1756,5,J2_JB13,67,0x03C,000111100,60,4,1,3,0,7,111,5,"PIX4051=U14_4051R5@X0, PIX4052=U67_4052Mux10@S3A, DG4051=U54_DAC_LV3@X4 nEN=H, U52=LV3-pin1 FMC_A0A1A2=111"
1757,5,J2_JB13,68,0x03E,000111110,62,6,1,3,0,7,111,5,"PIX4051=U38_4051L5@X0, PIX4052=U67_4052Mux10@S3B, DG4051=U54_DAC_LV3@X6 nEN=H, U52=LV3-pin1 FMC_A0A1A2=111"
1758,5,J2_JB13,69,0x0FC,011111100,252,4,1,3,3,7,111,5,"PIX4051=U14_4051R5@X3, PIX4052=U67_4052Mux10@S3A, DG4051=U54_DAC_LV3@X4 nEN=H, U52=LV3-pin1 FMC_A0A1A2=111"
1759,5,J2_JB13,70,0x0FE,011111110,254,6,1,3,3,7,111,5,"PIX4051=U38_4051L5@X3, PIX4052=U67_4052Mux10@S3B, DG4051=U54_DAC_LV3@X6 nEN=H, U52=LV3-pin1 FMC_A0A1A2=111"
1760,5,J2_JB13,71,0x17B,101111011,379,3,1,3,5,7,111,5,"PIX4051=U15_4051R5@X5, PIX4052=U66_4052Mux10@S3B, DG4051=U54_DAC_LV3@X3 nEN=H, U52=LV3-pin1 FMC_A0A1A2=111"
1761,5,J2_JB13,72,0x17F,101111111,383,7,1,3,5,7,111,5,"PIX4051=U39_4051L5@X5, PIX4052=U68_4052Mux10@S3A, DG4051=U54_DAC_LV3@X7 nEN=H, U52=LV3-pin1 FMC_A0A1A2=111"
1762,5,J2_JB13,73,0x1FB,111111011,507,3,1,3,7,7,111,5,"PIX4051=U15_4051R5@X7, PIX4052=U66_4052Mux10@S3B, DG4051=U54_DAC_LV3@X3 nEN=H, U52=LV3-pin1 FMC_A0A1A2=111"
1763,5,J2_JB13,74,0x1FF,111111111,511,7,1,3,7,7,111,5,"PIX4051=U39_4051L5@X7, PIX4052=U68_4052Mux10@S3A, DG4051=U54_DAC_LV3@X7 nEN=H, U52=LV3-pin1 FMC_A0A1A2=111"
1764,5,J2_JB13,75,0x13B,100111011,315,3,1,3,4,7,111,5,"PIX4051=U15_4051R5@X4, PIX4052=U66_4052Mux10@S3B, DG4051=U54_DAC_LV3@X3 nEN=H, U52=LV3-pin1 FMC_A0A1A2=111"
1765,5,J2_JB13,76,0x13F,100111111,319,7,1,3,4,7,111,5,"PIX4051=U39_4051L5@X4, PIX4052=U68_4052Mux10@S3A, DG4051=U54_DAC_LV3@X7 nEN=H, U52=LV3-pin1 FMC_A0A1A2=111"
1766,5,J2_JB21,1,0x1BB,110111011,443,3,1,3,6,7,111,5,"PIX4051=U15_4051R5@X6, PIX4052=U66_4052Mux10@S3B, DG4051=U54_DAC_LV3@X3 nEN=H, U52=LV3-pin1 FMC_A0A1A2=111"
1767,5,J2_JB21,2,0x1BF,110111111,447,7,1,3,6,7,111,5,"PIX4051=U39_4051L5@X6, PIX4052=U68_4052Mux10@S3A, DG4051=U54_DAC_LV3@X7 nEN=H, U52=LV3-pin1 FMC_A0A1A2=111"
1768,5,J2_JB21,3,0x07B,001111011,123,3,1,3,1,7,111,5,"PIX4051=U15_4051R5@X1, PIX4052=U66_4052Mux10@S3B, DG4051=U54_DAC_LV3@X3 nEN=H, U52=LV3-pin1 FMC_A0A1A2=111"
1769,5,J2_JB21,4,0x07F,001111111,127,7,1,3,1,7,111,5,"PIX4051=U39_4051L5@X1, PIX4052=U68_4052Mux10@S3A, DG4051=U54_DAC_LV3@X7 nEN=H, U52=LV3-pin1 FMC_A0A1A2=111"
1770,5,J2_JB21,5,0x0BB,010111011,187,3,1,3,2,7,111,5,"PIX4051=U15_4051R5@X2, PIX4052=U66_4052Mux10@S3B, DG4051=U54_DAC_LV3@X3 nEN=H, U52=LV3-pin1 FMC_A0A1A2=111"
1771,5,J2_JB21,6,0x0BF,010111111,191,7,1,3,2,7,111,5,"PIX4051=U39_4051L5@X2, PIX4052=U68_4052Mux10@S3A, DG4051=U54_DAC_LV3@X7 nEN=H, U52=LV3-pin1 FMC_A0A1A2=111"
1772,5,J2_JB21,7,0x03B,000111011,59,3,1,3,0,7,111,5,"PIX4051=U15_4051R5@X0, PIX4052=U66_4052Mux10@S3B, DG4051=U54_DAC_LV3@X3 nEN=H, U52=LV3-pin1 FMC_A0A1A2=111"
1773,5,J2_JB21,8,0x03F,000111111,63,7,1,3,0,7,111,5,"PIX4051=U39_4051L5@X0, PIX4052=U68_4052Mux10@S3A, DG4051=U54_DAC_LV3@X7 nEN=H, U52=LV3-pin1 FMC_A0A1A2=111"
1774,5,J2_JB21,9,0x0FB,011111011,251,3,1,3,3,7,111,5,"PIX4051=U15_4051R5@X3, PIX4052=U66_4052Mux10@S3B, DG4051=U54_DAC_LV3@X3 nEN=H, U52=LV3-pin1 FMC_A0A1A2=111"
1775,5,J2_JB21,10,0x0FF,011111111,255,7,1,3,3,7,111,5,"PIX4051=U39_4051L5@X3, PIX4052=U68_4052Mux10@S3A, DG4051=U54_DAC_LV3@X7 nEN=H, U52=LV3-pin1 FMC_A0A1A2=111"
1776,5,J2_JB21,11,0x16B,101101011,363,3,1,2,5,7,111,5,"PIX4051=U16_4051R5@X5, PIX4052=U66_4052Mux10@S2B, DG4051=U54_DAC_LV3@X3 nEN=H, U52=LV3-pin1 FMC_A0A1A2=111"
1777,5,J2_JB21,12,0x16F,101101111,367,7,1,2,5,7,111,5,"PIX4051=U40_4051L5@X5, PIX4052=U68_4052Mux10@S2A, DG4051=U54_DAC_LV3@X7 nEN=H, U52=LV3-pin1 FMC_A0A1A2=111"
1778,5,J2_JB21,13,0x1EB,111101011,491,3,1,2,7,7,111,5,"PIX4051=U16_4051R5@X7, PIX4052=U66_4052Mux10@S2B, DG4051=U54_DAC_LV3@X3 nEN=H, U52=LV3-pin1 FMC_A0A1A2=111"
1779,5,J2_JB21,14,0x1EF,111101111,495,7,1,2,7,7,111,5,"PIX4051=U40_4051L5@X7, PIX4052=U68_4052Mux10@S2A, DG4051=U54_DAC_LV3@X7 nEN=H, U52=LV3-pin1 FMC_A0A1A2=111"
1780,5,J2_JB21,15,0x12B,100101011,299,3,1,2,4,7,111,5,"PIX4051=U16_4051R5@X4, PIX4052=U66_4052Mux10@S2B, DG4051=U54_DAC_LV3@X3 nEN=H, U52=LV3-pin1 FMC_A0A1A2=111"
1781,5,J2_JB21,16,0x12F,100101111,303,7,1,2,4,7,111,5,"PIX4051=U40_4051L5@X4, PIX4052=U68_4052Mux10@S2A, DG4051=U54_DAC_LV3@X7 nEN=H, U52=LV3-pin1 FMC_A0A1A2=111"
1782,5,J2_JB21,17,0x1AB,110101011,427,3,1,2,6,7,111,5,"PIX4051=U16_4051R5@X6, PIX4052=U66_4052Mux10@S2B, DG4051=U54_DAC_LV3@X3 nEN=H, U52=LV3-pin1 FMC_A0A1A2=111"
1783,5,J2_JB21,18,0x1AF,110101111,431,7,1,2,6,7,111,5,"PIX4051=U40_4051L5@X6, PIX4052=U68_4052Mux10@S2A, DG4051=U54_DAC_LV3@X7 nEN=H, U52=LV3-pin1 FMC_A0A1A2=111"
1784,5,J2_JB21,19,0x06B,001101011,107,3,1,2,1,7,111,5,"PIX4051=U16_4051R5@X1, PIX4052=U66_4052Mux10@S2B, DG4051=U54_DAC_LV3@X3 nEN=H, U52=LV3-pin1 FMC_A0A1A2=111"
1785,5,J2_JB21,20,0x06F,001101111,111,7,1,2,1,7,111,5,"PIX4051=U40_4051L5@X1, PIX4052=U68_4052Mux10@S2A, DG4051=U54_DAC_LV3@X7 nEN=H, U52=LV3-pin1 FMC_A0A1A2=111"
1786,5,J2_JB21,21,0x0AB,010101011,171,3,1,2,2,7,111,5,"PIX4051=U16_4051R5@X2, PIX4052=U66_4052Mux10@S2B, DG4051=U54_DAC_LV3@X3 nEN=H, U52=LV3-pin1 FMC_A0A1A2=111"
1787,5,J2_JB21,22,0x0AF,010101111,175,7,1,2,2,7,111,5,"PIX4051=U40_4051L5@X2, PIX4052=U68_4052Mux10@S2A, DG4051=U54_DAC_LV3@X7 nEN=H, U52=LV3-pin1 FMC_A0A1A2=111"
1788,5,J2_JB21,23,0x02B,000101011,43,3,1,2,0,7,111,5,"PIX4051=U16_4051R5@X0, PIX4052=U66_4052Mux10@S2B, DG4051=U54_DAC_LV3@X3 nEN=H, U52=LV3-pin1 FMC_A0A1A2=111"
1789,5,J2_JB21,24,0x02F,000101111,47,7,1,2,0,7,111,5,"PIX4051=U40_4051L5@X0, PIX4052=U68_4052Mux10@S2A, DG4051=U54_DAC_LV3@X7 nEN=H, U52=LV3-pin1 FMC_A0A1A2=111"
1790,5,J2_JB21,25,0x0EB,011101011,235,3,1,2,3,7,111,5,"PIX4051=U16_4051R5@X3, PIX4052=U66_4052Mux10@S2B, DG4051=U54_DAC_LV3@X3 nEN=H, U52=LV3-pin1 FMC_A0A1A2=111"
1791,5,J2_JB21,26,0x0EF,011101111,239,7,1,2,3,7,111,5,"PIX4051=U40_4051L5@X3, PIX4052=U68_4052Mux10@S2A, DG4051=U54_DAC_LV3@X7 nEN=H, U52=LV3-pin1 FMC_A0A1A2=111"
1792,5,J2_JB21,27,0x168,101101000,360,0,1,2,5,7,111,5,"PIX4051=U17_4051R5@X5, PIX4052=U66_4052Mux10@S2A, DG4051=U54_DAC_LV3@X0 nEN=H, U52=LV3-pin1 FMC_A0A1A2=111"
1793,5,J2_JB21,28,0x16D,101101101,365,5,1,2,5,7,111,5,"PIX4051=U41_4051L5@X5, PIX4052=U68_4052Mux10@S2B, DG4051=U54_DAC_LV3@X5 nEN=H, U52=LV3-pin1 FMC_A0A1A2=111"
1794,5,J2_JB21,29,0x1E8,111101000,488,0,1,2,7,7,111,5,"PIX4051=U17_4051R5@X7, PIX4052=U66_4052Mux10@S2A, DG4051=U54_DAC_LV3@X0 nEN=H, U52=LV3-pin1 FMC_A0A1A2=111"
1795,5,J2_JB21,30,0x1ED,111101101,493,5,1,2,7,7,111,5,"PIX4051=U41_4051L5@X7, PIX4052=U68_4052Mux10@S2B, DG4051=U54_DAC_LV3@X5 nEN=H, U52=LV3-pin1 FMC_A0A1A2=111"
1796,5,J2_JB21,31,0x128,100101000,296,0,1,2,4,7,111,5,"PIX4051=U17_4051R5@X4, PIX4052=U66_4052Mux10@S2A, DG4051=U54_DAC_LV3@X0 nEN=H, U52=LV3-pin1 FMC_A0A1A2=111"
1797,5,J2_JB21,32,0x12D,100101101,301,5,1,2,4,7,111,5,"PIX4051=U41_4051L5@X4, PIX4052=U68_4052Mux10@S2B, DG4051=U54_DAC_LV3@X5 nEN=H, U52=LV3-pin1 FMC_A0A1A2=111"
1798,5,J2_JB21,33,0x1A8,110101000,424,0,1,2,6,7,111,5,"PIX4051=U17_4051R5@X6, PIX4052=U66_4052Mux10@S2A, DG4051=U54_DAC_LV3@X0 nEN=H, U52=LV3-pin1 FMC_A0A1A2=111"
1799,5,J2_JB21,34,0x1AD,110101101,429,5,1,2,6,7,111,5,"PIX4051=U41_4051L5@X6, PIX4052=U68_4052Mux10@S2B, DG4051=U54_DAC_LV3@X5 nEN=H, U52=LV3-pin1 FMC_A0A1A2=111"
1800,5,J2_JB21,35,0x068,001101000,104,0,1,2,1,7,111,5,"PIX4051=U17_4051R5@X1, PIX4052=U66_4052Mux10@S2A, DG4051=U54_DAC_LV3@X0 nEN=H, U52=LV3-pin1 FMC_A0A1A2=111"
1801,5,J2_JB21,36,0x06D,001101101,109,5,1,2,1,7,111,5,"PIX4051=U41_4051L5@X1, PIX4052=U68_4052Mux10@S2B, DG4051=U54_DAC_LV3@X5 nEN=H, U52=LV3-pin1 FMC_A0A1A2=111"
1802,5,J2_JB21,37,0x0A8,010101000,168,0,1,2,2,7,111,5,"PIX4051=U17_4051R5@X2, PIX4052=U66_4052Mux10@S2A, DG4051=U54_DAC_LV3@X0 nEN=H, U52=LV3-pin1 FMC_A0A1A2=111"
1803,5,J2_JB21,38,0x0AD,010101101,173,5,1,2,2,7,111,5,"PIX4051=U41_4051L5@X2, PIX4052=U68_4052Mux10@S2B, DG4051=U54_DAC_LV3@X5 nEN=H, U52=LV3-pin1 FMC_A0A1A2=111"
1804,5,J2_JB21,39,0x028,000101000,40,0,1,2,0,7,111,5,"PIX4051=U17_4051R5@X0, PIX4052=U66_4052Mux10@S2A, DG4051=U54_DAC_LV3@X0 nEN=H, U52=LV3-pin1 FMC_A0A1A2=111"
1805,5,J2_JB21,40,0x02D,000101101,45,5,1,2,0,7,111,5,"PIX4051=U41_4051L5@X0, PIX4052=U68_4052Mux10@S2B, DG4051=U54_DAC_LV3@X5 nEN=H, U52=LV3-pin1 FMC_A0A1A2=111"
1806,5,J2_JB21,41,0x0E8,011101000,232,0,1,2,3,7,111,5,"PIX4051=U17_4051R5@X3, PIX4052=U66_4052Mux10@S2A, DG4051=U54_DAC_LV3@X0 nEN=H, U52=LV3-pin1 FMC_A0A1A2=111"
1807,5,J2_JB21,42,0x0ED,011101101,237,5,1,2,3,7,111,5,"PIX4051=U41_4051L5@X3, PIX4052=U68_4052Mux10@S2B, DG4051=U54_DAC_LV3@X5 nEN=H, U52=LV3-pin1 FMC_A0A1A2=111"
1808,5,J2_JB21,43,0x178,101111000,376,0,1,3,5,7,111,5,"PIX4051=U18_4051R5@X5, PIX4052=U66_4052Mux10@S3A, DG4051=U54_DAC_LV3@X0 nEN=H, U52=LV3-pin1 FMC_A0A1A2=111"
1809,5,J2_JB21,44,0x17D,101111101,381,5,1,3,5,7,111,5,"PIX4051=U42_4051L5@X5, PIX4052=U68_4052Mux10@S3B, DG4051=U54_DAC_LV3@X5 nEN=H, U52=LV3-pin1 FMC_A0A1A2=111"
1810,5,J2_JB21,45,0x1F8,111111000,504,0,1,3,7,7,111,5,"PIX4051=U18_4051R5@X7, PIX4052=U66_4052Mux10@S3A, DG4051=U54_DAC_LV3@X0 nEN=H, U52=LV3-pin1 FMC_A0A1A2=111"
1811,5,J2_JB21,46,0x1FD,111111101,509,5,1,3,7,7,111,5,"PIX4051=U42_4051L5@X7, PIX4052=U68_4052Mux10@S3B, DG4051=U54_DAC_LV3@X5 nEN=H, U52=LV3-pin1 FMC_A0A1A2=111"
1812,5,J2_JB21,47,0x138,100111000,312,0,1,3,4,7,111,5,"PIX4051=U18_4051R5@X4, PIX4052=U66_4052Mux10@S3A, DG4051=U54_DAC_LV3@X0 nEN=H, U52=LV3-pin1 FMC_A0A1A2=111"
1813,5,J2_JB21,48,0x13D,100111101,317,5,1,3,4,7,111,5,"PIX4051=U42_4051L5@X4, PIX4052=U68_4052Mux10@S3B, DG4051=U54_DAC_LV3@X5 nEN=H, U52=LV3-pin1 FMC_A0A1A2=111"
1814,5,J2_JB21,49,0x1B8,110111000,440,0,1,3,6,7,111,5,"PIX4051=U18_4051R5@X6, PIX4052=U66_4052Mux10@S3A, DG4051=U54_DAC_LV3@X0 nEN=H, U52=LV3-pin1 FMC_A0A1A2=111"
1815,5,J2_JB21,50,0x1BD,110111101,445,5,1,3,6,7,111,5,"PIX4051=U42_4051L5@X6, PIX4052=U68_4052Mux10@S3B, DG4051=U54_DAC_LV3@X5 nEN=H, U52=LV3-pin1 FMC_A0A1A2=111"
1816,5,J2_JB21,51,0x078,001111000,120,0,1,3,1,7,111,5,"PIX4051=U18_4051R5@X1, PIX4052=U66_4052Mux10@S3A, DG4051=U54_DAC_LV3@X0 nEN=H, U52=LV3-pin1 FMC_A0A1A2=111"
1817,5,J2_JB21,52,0x07D,001111101,125,5,1,3,1,7,111,5,"PIX4051=U42_4051L5@X1, PIX4052=U68_4052Mux10@S3B, DG4051=U54_DAC_LV3@X5 nEN=H, U52=LV3-pin1 FMC_A0A1A2=111"
1818,5,J2_JB21,53,0x0B8,010111000,184,0,1,3,2,7,111,5,"PIX4051=U18_4051R5@X2, PIX4052=U66_4052Mux10@S3A, DG4051=U54_DAC_LV3@X0 nEN=H, U52=LV3-pin1 FMC_A0A1A2=111"
1819,5,J2_JB21,54,0x0BD,010111101,189,5,1,3,2,7,111,5,"PIX4051=U42_4051L5@X2, PIX4052=U68_4052Mux10@S3B, DG4051=U54_DAC_LV3@X5 nEN=H, U52=LV3-pin1 FMC_A0A1A2=111"
1820,5,J2_JB21,55,0x038,000111000,56,0,1,3,0,7,111,5,"PIX4051=U18_4051R5@X0, PIX4052=U66_4052Mux10@S3A, DG4051=U54_DAC_LV3@X0 nEN=H, U52=LV3-pin1 FMC_A0A1A2=111"
1821,5,J2_JB21,56,0x03D,000111101,61,5,1,3,0,7,111,5,"PIX4051=U42_4051L5@X0, PIX4052=U68_4052Mux10@S3B, DG4051=U54_DAC_LV3@X5 nEN=H, U52=LV3-pin1 FMC_A0A1A2=111"
1822,5,J2_JB21,57,0x0F8,011111000,248,0,1,3,3,7,111,5,"PIX4051=U18_4051R5@X3, PIX4052=U66_4052Mux10@S3A, DG4051=U54_DAC_LV3@X0 nEN=H, U52=LV3-pin1 FMC_A0A1A2=111"
1823,5,J2_JB21,58,0x0FD,011111101,253,5,1,3,3,7,111,5,"PIX4051=U42_4051L5@X3, PIX4052=U68_4052Mux10@S3B, DG4051=U54_DAC_LV3@X5 nEN=H, U52=LV3-pin1 FMC_A0A1A2=111"
1824,5,J2_JB21,59,0x15C,101011100,348,4,1,1,5,7,111,5,"PIX4051=U19_4051R5@X5, PIX4052=U67_4052Mux10@S1A, DG4051=U54_DAC_LV3@X4 nEN=H, U52=LV3-pin1 FMC_A0A1A2=111"
1825,5,J2_JB21,60,0x14E,101001110,334,6,1,0,5,7,111,5,"PIX4051=U43_4051L5@X5, PIX4052=U67_4052Mux10@S0B, DG4051=U54_DAC_LV3@X6 nEN=H, U52=LV3-pin1 FMC_A0A1A2=111"
1826,5,J2_JB21,61,0x1DC,111011100,476,4,1,1,7,7,111,5,"PIX4051=U19_4051R5@X7, PIX4052=U67_4052Mux10@S1A, DG4051=U54_DAC_LV3@X4 nEN=H, U52=LV3-pin1 FMC_A0A1A2=111"
1827,5,J2_JB21,62,0x1CE,111001110,462,6,1,0,7,7,111,5,"PIX4051=U43_4051L5@X7, PIX4052=U67_4052Mux10@S0B, DG4051=U54_DAC_LV3@X6 nEN=H, U52=LV3-pin1 FMC_A0A1A2=111"
1828,5,J2_JB21,63,0x11C,100011100,284,4,1,1,4,7,111,5,"PIX4051=U19_4051R5@X4, PIX4052=U67_4052Mux10@S1A, DG4051=U54_DAC_LV3@X4 nEN=H, U52=LV3-pin1 FMC_A0A1A2=111"
1829,5,J2_JB21,64,0x10E,100001110,270,6,1,0,4,7,111,5,"PIX4051=U43_4051L5@X4, PIX4052=U67_4052Mux10@S0B, DG4051=U54_DAC_LV3@X6 nEN=H, U52=LV3-pin1 FMC_A0A1A2=111"
1830,5,J2_JB21,65,0x19C,110011100,412,4,1,1,6,7,111,5,"PIX4051=U19_4051R5@X6, PIX4052=U67_4052Mux10@S1A, DG4051=U54_DAC_LV3@X4 nEN=H, U52=LV3-pin1 FMC_A0A1A2=111"
1831,5,J2_JB21,66,0x18E,110001110,398,6,1,0,6,7,111,5,"PIX4051=U43_4051L5@X6, PIX4052=U67_4052Mux10@S0B, DG4051=U54_DAC_LV3@X6 nEN=H, U52=LV3-pin1 FMC_A0A1A2=111"
1832,5,J2_JB21,67,0x05C,001011100,92,4,1,1,1,7,111,5,"PIX4051=U19_4051R5@X1, PIX4052=U67_4052Mux10@S1A, DG4051=U54_DAC_LV3@X4 nEN=H, U52=LV3-pin1 FMC_A0A1A2=111"
1833,5,J2_JB21,68,0x04E,001001110,78,6,1,0,1,7,111,5,"PIX4051=U43_4051L5@X1, PIX4052=U67_4052Mux10@S0B, DG4051=U54_DAC_LV3@X6 nEN=H, U52=LV3-pin1 FMC_A0A1A2=111"
1834,5,J2_JB21,69,0x09C,010011100,156,4,1,1,2,7,111,5,"PIX4051=U19_4051R5@X2, PIX4052=U67_4052Mux10@S1A, DG4051=U54_DAC_LV3@X4 nEN=H, U52=LV3-pin1 FMC_A0A1A2=111"
1835,5,J2_JB21,70,0x08E,010001110,142,6,1,0,2,7,111,5,"PIX4051=U43_4051L5@X2, PIX4052=U67_4052Mux10@S0B, DG4051=U54_DAC_LV3@X6 nEN=H, U52=LV3-pin1 FMC_A0A1A2=111"
1836,5,J2_JB21,71,0x01C,000011100,28,4,1,1,0,7,111,5,"PIX4051=U19_4051R5@X0, PIX4052=U67_4052Mux10@S1A, DG4051=U54_DAC_LV3@X4 nEN=H, U52=LV3-pin1 FMC_A0A1A2=111"
1837,5,J2_JB21,72,0x00E,000001110,14,6,1,0,0,7,111,5,"PIX4051=U43_4051L5@X0, PIX4052=U67_4052Mux10@S0B, DG4051=U54_DAC_LV3@X6 nEN=H, U52=LV3-pin1 FMC_A0A1A2=111"
1838,5,J2_JB21,73,0x0DC,011011100,220,4,1,1,3,7,111,5,"PIX4051=U19_4051R5@X3, PIX4052=U67_4052Mux10@S1A, DG4051=U54_DAC_LV3@X4 nEN=H, U52=LV3-pin1 FMC_A0A1A2=111"
1839,5,J2_JB21,74,0x0CE,011001110,206,6,1,0,3,7,111,5,"PIX4051=U43_4051L5@X3, PIX4052=U67_4052Mux10@S0B, DG4051=U54_DAC_LV3@X6 nEN=H, U52=LV3-pin1 FMC_A0A1A2=111"
1840,5,J2_JB21,75,0x14C,101001100,332,4,1,0,5,7,111,5,"PIX4051=U20_4051R5@X5, PIX4052=U67_4052Mux10@S0A, DG4051=U54_DAC_LV3@X4 nEN=H, U52=LV3-pin1 FMC_A0A1A2=111"
1841,5,J2_JB21,76,0x15E,101011110,350,6,1,1,5,7,111,5,"PIX4051=U44_4051L5@X5, PIX4052=U67_4052Mux10@S1B, DG4051=U54_DAC_LV3@X6 nEN=H, U52=LV3-pin1 FMC_A0A1A2=111"
1842,5,J1_JA13,3,0x0DD,011011101,221,5,1,1,3,7,111,5,"PIX4051=U48_4051L5@X3, PIX4052=U68_4052Mux10@S1B, DG4051=U54_DAC_LV3@X5 nEN=H, U52=LV3-pin1 FMC_A0A1A2=111"
1843,5,J1_JA13,4,0x0C8,011001000,200,0,1,0,3,7,111,5,"PIX4051=U24_4051R5@X3, PIX4052=U66_4052Mux10@S0A, DG4051=U54_DAC_LV3@X0 nEN=H, U52=LV3-pin1 FMC_A0A1A2=111"
1844,5,J1_JA13,5,0x01D,000011101,29,5,1,1,0,7,111,5,"PIX4051=U48_4051L5@X0, PIX4052=U68_4052Mux10@S1B, DG4051=U54_DAC_LV3@X5 nEN=H, U52=LV3-pin1 FMC_A0A1A2=111"
1845,5,J1_JA13,6,0x008,000001000,8,0,1,0,0,7,111,5,"PIX4051=U24_4051R5@X0, PIX4052=U66_4052Mux10@S0A, DG4051=U54_DAC_LV3@X0 nEN=H, U52=LV3-pin1 FMC_A0A1A2=111"
1846,5,J1_JA13,7,0x09D,010011101,157,5,1,1,2,7,111,5,"PIX4051=U48_4051L5@X2, PIX4052=U68_4052Mux10@S1B, DG4051=U54_DAC_LV3@X5 nEN=H, U52=LV3-pin1 FMC_A0A1A2=111"
1847,5,J1_JA13,8,0x088,010001000,136,0,1,0,2,7,111,5,"PIX4051=U24_4051R5@X2, PIX4052=U66_4052Mux10@S0A, DG4051=U54_DAC_LV3@X0 nEN=H, U52=LV3-pin1 FMC_A0A1A2=111"
1848,5,J1_JA13,9,0x05D,001011101,93,5,1,1,1,7,111,5,"PIX4051=U48_4051L5@X1, PIX4052=U68_4052Mux10@S1B, DG4051=U54_DAC_LV3@X5 nEN=H, U52=LV3-pin1 FMC_A0A1A2=111"
1849,5,J1_JA13,10,0x048,001001000,72,0,1,0,1,7,111,5,"PIX4051=U24_4051R5@X1, PIX4052=U66_4052Mux10@S0A, DG4051=U54_DAC_LV3@X0 nEN=H, U52=LV3-pin1 FMC_A0A1A2=111"
1850,5,J1_JA13,11,0x19D,110011101,413,5,1,1,6,7,111,5,"PIX4051=U48_4051L5@X6, PIX4052=U68_4052Mux10@S1B, DG4051=U54_DAC_LV3@X5 nEN=H, U52=LV3-pin1 FMC_A0A1A2=111"
1851,5,J1_JA13,12,0x188,110001000,392,0,1,0,6,7,111,5,"PIX4051=U24_4051R5@X6, PIX4052=U66_4052Mux10@S0A, DG4051=U54_DAC_LV3@X0 nEN=H, U52=LV3-pin1 FMC_A0A1A2=111"
1852,5,J1_JA13,13,0x11D,100011101,285,5,1,1,4,7,111,5,"PIX4051=U48_4051L5@X4, PIX4052=U68_4052Mux10@S1B, DG4051=U54_DAC_LV3@X5 nEN=H, U52=LV3-pin1 FMC_A0A1A2=111"
1853,5,J1_JA13,14,0x108,100001000,264,0,1,0,4,7,111,5,"PIX4051=U24_4051R5@X4, PIX4052=U66_4052Mux10@S0A, DG4051=U54_DAC_LV3@X0 nEN=H, U52=LV3-pin1 FMC_A0A1A2=111"
1854,5,J1_JA13,15,0x1DD,111011101,477,5,1,1,7,7,111,5,"PIX4051=U48_4051L5@X7, PIX4052=U68_4052Mux10@S1B, DG4051=U54_DAC_LV3@X5 nEN=H, U52=LV3-pin1 FMC_A0A1A2=111"
1855,5,J1_JA13,16,0x1C8,111001000,456,0,1,0,7,7,111,5,"PIX4051=U24_4051R5@X7, PIX4052=U66_4052Mux10@S0A, DG4051=U54_DAC_LV3@X0 nEN=H, U52=LV3-pin1 FMC_A0A1A2=111"
1856,5,J1_JA13,17,0x15D,101011101,349,5,1,1,5,7,111,5,"PIX4051=U48_4051L5@X5, PIX4052=U68_4052Mux10@S1B, DG4051=U54_DAC_LV3@X5 nEN=H, U52=LV3-pin1 FMC_A0A1A2=111"
1857,5,J1_JA13,18,0x148,101001000,328,0,1,0,5,7,111,5,"PIX4051=U24_4051R5@X5, PIX4052=U66_4052Mux10@S0A, DG4051=U54_DAC_LV3@X0 nEN=H, U52=LV3-pin1 FMC_A0A1A2=111"
1858,5,J1_JA13,19,0x0CD,011001101,205,5,1,0,3,7,111,5,"PIX4051=U47_4051L5@X3, PIX4052=U68_4052Mux10@S0B, DG4051=U54_DAC_LV3@X5 nEN=H, U52=LV3-pin1 FMC_A0A1A2=111"
1859,5,J1_JA13,20,0x0D8,011011000,216,0,1,1,3,7,111,5,"PIX4051=U23_4051R5@X3, PIX4052=U66_4052Mux10@S1A, DG4051=U54_DAC_LV3@X0 nEN=H, U52=LV3-pin1 FMC_A0A1A2=111"
1860,5,J1_JA13,21,0x00D,000001101,13,5,1,0,0,7,111,5,"PIX4051=U47_4051L5@X0, PIX4052=U68_4052Mux10@S0B, DG4051=U54_DAC_LV3@X5 nEN=H, U52=LV3-pin1 FMC_A0A1A2=111"
1861,5,J1_JA13,22,0x018,000011000,24,0,1,1,0,7,111,5,"PIX4051=U23_4051R5@X0, PIX4052=U66_4052Mux10@S1A, DG4051=U54_DAC_LV3@X0 nEN=H, U52=LV3-pin1 FMC_A0A1A2=111"
1862,5,J1_JA13,23,0x08D,010001101,141,5,1,0,2,7,111,5,"PIX4051=U47_4051L5@X2, PIX4052=U68_4052Mux10@S0B, DG4051=U54_DAC_LV3@X5 nEN=H, U52=LV3-pin1 FMC_A0A1A2=111"
1863,5,J1_JA13,24,0x098,010011000,152,0,1,1,2,7,111,5,"PIX4051=U23_4051R5@X2, PIX4052=U66_4052Mux10@S1A, DG4051=U54_DAC_LV3@X0 nEN=H, U52=LV3-pin1 FMC_A0A1A2=111"
1864,5,J1_JA13,25,0x04D,001001101,77,5,1,0,1,7,111,5,"PIX4051=U47_4051L5@X1, PIX4052=U68_4052Mux10@S0B, DG4051=U54_DAC_LV3@X5 nEN=H, U52=LV3-pin1 FMC_A0A1A2=111"
1865,5,J1_JA13,26,0x058,001011000,88,0,1,1,1,7,111,5,"PIX4051=U23_4051R5@X1, PIX4052=U66_4052Mux10@S1A, DG4051=U54_DAC_LV3@X0 nEN=H, U52=LV3-pin1 FMC_A0A1A2=111"
1866,5,J1_JA13,27,0x18D,110001101,397,5,1,0,6,7,111,5,"PIX4051=U47_4051L5@X6, PIX4052=U68_4052Mux10@S0B, DG4051=U54_DAC_LV3@X5 nEN=H, U52=LV3-pin1 FMC_A0A1A2=111"
1867,5,J1_JA13,28,0x198,110011000,408,0,1,1,6,7,111,5,"PIX4051=U23_4051R5@X6, PIX4052=U66_4052Mux10@S1A, DG4051=U54_DAC_LV3@X0 nEN=H, U52=LV3-pin1 FMC_A0A1A2=111"
1868,5,J1_JA13,29,0x10D,100001101,269,5,1,0,4,7,111,5,"PIX4051=U47_4051L5@X4, PIX4052=U68_4052Mux10@S0B, DG4051=U54_DAC_LV3@X5 nEN=H, U52=LV3-pin1 FMC_A0A1A2=111"
1869,5,J1_JA13,30,0x118,100011000,280,0,1,1,4,7,111,5,"PIX4051=U23_4051R5@X4, PIX4052=U66_4052Mux10@S1A, DG4051=U54_DAC_LV3@X0 nEN=H, U52=LV3-pin1 FMC_A0A1A2=111"
1870,5,J1_JA13,31,0x1CD,111001101,461,5,1,0,7,7,111,5,"PIX4051=U47_4051L5@X7, PIX4052=U68_4052Mux10@S0B, DG4051=U54_DAC_LV3@X5 nEN=H, U52=LV3-pin1 FMC_A0A1A2=111"
1871,5,J1_JA13,32,0x1D8,111011000,472,0,1,1,7,7,111,5,"PIX4051=U23_4051R5@X7, PIX4052=U66_4052Mux10@S1A, DG4051=U54_DAC_LV3@X0 nEN=H, U52=LV3-pin1 FMC_A0A1A2=111"
1872,5,J1_JA13,33,0x14D,101001101,333,5,1,0,5,7,111,5,"PIX4051=U47_4051L5@X5, PIX4052=U68_4052Mux10@S0B, DG4051=U54_DAC_LV3@X5 nEN=H, U52=LV3-pin1 FMC_A0A1A2=111"
1873,5,J1_JA13,34,0x158,101011000,344,0,1,1,5,7,111,5,"PIX4051=U23_4051R5@X5, PIX4052=U66_4052Mux10@S1A, DG4051=U54_DAC_LV3@X0 nEN=H, U52=LV3-pin1 FMC_A0A1A2=111"
1874,5,J1_JA13,35,0x0DF,011011111,223,7,1,1,3,7,111,5,"PIX4051=U46_4051L5@X3, PIX4052=U68_4052Mux10@S1A, DG4051=U54_DAC_LV3@X7 nEN=H, U52=LV3-pin1 FMC_A0A1A2=111"
1875,5,J1_JA13,36,0x0CB,011001011,203,3,1,0,3,7,111,5,"PIX4051=U22_4051R5@X3, PIX4052=U66_4052Mux10@S0B, DG4051=U54_DAC_LV3@X3 nEN=H, U52=LV3-pin1 FMC_A0A1A2=111"
1876,5,J1_JA13,37,0x01F,000011111,31,7,1,1,0,7,111,5,"PIX4051=U46_4051L5@X0, PIX4052=U68_4052Mux10@S1A, DG4051=U54_DAC_LV3@X7 nEN=H, U52=LV3-pin1 FMC_A0A1A2=111"
1877,5,J1_JA13,38,0x00B,000001011,11,3,1,0,0,7,111,5,"PIX4051=U22_4051R5@X0, PIX4052=U66_4052Mux10@S0B, DG4051=U54_DAC_LV3@X3 nEN=H, U52=LV3-pin1 FMC_A0A1A2=111"
1878,5,J1_JA13,39,0x09F,010011111,159,7,1,1,2,7,111,5,"PIX4051=U46_4051L5@X2, PIX4052=U68_4052Mux10@S1A, DG4051=U54_DAC_LV3@X7 nEN=H, U52=LV3-pin1 FMC_A0A1A2=111"
1879,5,J1_JA13,40,0x08B,010001011,139,3,1,0,2,7,111,5,"PIX4051=U22_4051R5@X2, PIX4052=U66_4052Mux10@S0B, DG4051=U54_DAC_LV3@X3 nEN=H, U52=LV3-pin1 FMC_A0A1A2=111"
1880,5,J1_JA13,41,0x05F,001011111,95,7,1,1,1,7,111,5,"PIX4051=U46_4051L5@X1, PIX4052=U68_4052Mux10@S1A, DG4051=U54_DAC_LV3@X7 nEN=H, U52=LV3-pin1 FMC_A0A1A2=111"
1881,5,J1_JA13,42,0x04B,001001011,75,3,1,0,1,7,111,5,"PIX4051=U22_4051R5@X1, PIX4052=U66_4052Mux10@S0B, DG4051=U54_DAC_LV3@X3 nEN=H, U52=LV3-pin1 FMC_A0A1A2=111"
1882,5,J1_JA13,43,0x19F,110011111,415,7,1,1,6,7,111,5,"PIX4051=U46_4051L5@X6, PIX4052=U68_4052Mux10@S1A, DG4051=U54_DAC_LV3@X7 nEN=H, U52=LV3-pin1 FMC_A0A1A2=111"
1883,5,J1_JA13,44,0x18B,110001011,395,3,1,0,6,7,111,5,"PIX4051=U22_4051R5@X6, PIX4052=U66_4052Mux10@S0B, DG4051=U54_DAC_LV3@X3 nEN=H, U52=LV3-pin1 FMC_A0A1A2=111"
1884,5,J1_JA13,45,0x11F,100011111,287,7,1,1,4,7,111,5,"PIX4051=U46_4051L5@X4, PIX4052=U68_4052Mux10@S1A, DG4051=U54_DAC_LV3@X7 nEN=H, U52=LV3-pin1 FMC_A0A1A2=111"
1885,5,J1_JA13,46,0x10B,100001011,267,3,1,0,4,7,111,5,"PIX4051=U22_4051R5@X4, PIX4052=U66_4052Mux10@S0B, DG4051=U54_DAC_LV3@X3 nEN=H, U52=LV3-pin1 FMC_A0A1A2=111"
1886,5,J1_JA13,47,0x1DF,111011111,479,7,1,1,7,7,111,5,"PIX4051=U46_4051L5@X7, PIX4052=U68_4052Mux10@S1A, DG4051=U54_DAC_LV3@X7 nEN=H, U52=LV3-pin1 FMC_A0A1A2=111"
1887,5,J1_JA13,48,0x1CB,111001011,459,3,1,0,7,7,111,5,"PIX4051=U22_4051R5@X7, PIX4052=U66_4052Mux10@S0B, DG4051=U54_DAC_LV3@X3 nEN=H, U52=LV3-pin1 FMC_A0A1A2=111"
1888,5,J1_JA13,49,0x15F,101011111,351,7,1,1,5,7,111,5,"PIX4051=U46_4051L5@X5, PIX4052=U68_4052Mux10@S1A, DG4051=U54_DAC_LV3@X7 nEN=H, U52=LV3-pin1 FMC_A0A1A2=111"
1889,5,J1_JA13,50,0x14B,101001011,331,3,1,0,5,7,111,5,"PIX4051=U22_4051R5@X5, PIX4052=U66_4052Mux10@S0B, DG4051=U54_DAC_LV3@X3 nEN=H, U52=LV3-pin1 FMC_A0A1A2=111"
1890,5,J1_JA13,51,0x0CF,011001111,207,7,1,0,3,7,111,5,"PIX4051=U45_4051L5@X3, PIX4052=U68_4052Mux10@S0A, DG4051=U54_DAC_LV3@X7 nEN=H, U52=LV3-pin1 FMC_A0A1A2=111"
1891,5,J1_JA13,52,0x0DB,011011011,219,3,1,1,3,7,111,5,"PIX4051=U21_4051R5@X3, PIX4052=U66_4052Mux10@S1B, DG4051=U54_DAC_LV3@X3 nEN=H, U52=LV3-pin1 FMC_A0A1A2=111"
1892,5,J1_JA13,53,0x00F,000001111,15,7,1,0,0,7,111,5,"PIX4051=U45_4051L5@X0, PIX4052=U68_4052Mux10@S0A, DG4051=U54_DAC_LV3@X7 nEN=H, U52=LV3-pin1 FMC_A0A1A2=111"
1893,5,J1_JA13,54,0x01B,000011011,27,3,1,1,0,7,111,5,"PIX4051=U21_4051R5@X0, PIX4052=U66_4052Mux10@S1B, DG4051=U54_DAC_LV3@X3 nEN=H, U52=LV3-pin1 FMC_A0A1A2=111"
1894,5,J1_JA13,55,0x08F,010001111,143,7,1,0,2,7,111,5,"PIX4051=U45_4051L5@X2, PIX4052=U68_4052Mux10@S0A, DG4051=U54_DAC_LV3@X7 nEN=H, U52=LV3-pin1 FMC_A0A1A2=111"
1895,5,J1_JA13,56,0x09B,010011011,155,3,1,1,2,7,111,5,"PIX4051=U21_4051R5@X2, PIX4052=U66_4052Mux10@S1B, DG4051=U54_DAC_LV3@X3 nEN=H, U52=LV3-pin1 FMC_A0A1A2=111"
1896,5,J1_JA13,57,0x04F,001001111,79,7,1,0,1,7,111,5,"PIX4051=U45_4051L5@X1, PIX4052=U68_4052Mux10@S0A, DG4051=U54_DAC_LV3@X7 nEN=H, U52=LV3-pin1 FMC_A0A1A2=111"
1897,5,J1_JA13,58,0x05B,001011011,91,3,1,1,1,7,111,5,"PIX4051=U21_4051R5@X1, PIX4052=U66_4052Mux10@S1B, DG4051=U54_DAC_LV3@X3 nEN=H, U52=LV3-pin1 FMC_A0A1A2=111"
1898,5,J1_JA13,59,0x18F,110001111,399,7,1,0,6,7,111,5,"PIX4051=U45_4051L5@X6, PIX4052=U68_4052Mux10@S0A, DG4051=U54_DAC_LV3@X7 nEN=H, U52=LV3-pin1 FMC_A0A1A2=111"
1899,5,J1_JA13,60,0x19B,110011011,411,3,1,1,6,7,111,5,"PIX4051=U21_4051R5@X6, PIX4052=U66_4052Mux10@S1B, DG4051=U54_DAC_LV3@X3 nEN=H, U52=LV3-pin1 FMC_A0A1A2=111"
1900,5,J1_JA13,61,0x10F,100001111,271,7,1,0,4,7,111,5,"PIX4051=U45_4051L5@X4, PIX4052=U68_4052Mux10@S0A, DG4051=U54_DAC_LV3@X7 nEN=H, U52=LV3-pin1 FMC_A0A1A2=111"
1901,5,J1_JA13,62,0x11B,100011011,283,3,1,1,4,7,111,5,"PIX4051=U21_4051R5@X4, PIX4052=U66_4052Mux10@S1B, DG4051=U54_DAC_LV3@X3 nEN=H, U52=LV3-pin1 FMC_A0A1A2=111"
1902,5,J1_JA13,63,0x1CF,111001111,463,7,1,0,7,7,111,5,"PIX4051=U45_4051L5@X7, PIX4052=U68_4052Mux10@S0A, DG4051=U54_DAC_LV3@X7 nEN=H, U52=LV3-pin1 FMC_A0A1A2=111"
1903,5,J1_JA13,64,0x1DB,111011011,475,3,1,1,7,7,111,5,"PIX4051=U21_4051R5@X7, PIX4052=U66_4052Mux10@S1B, DG4051=U54_DAC_LV3@X3 nEN=H, U52=LV3-pin1 FMC_A0A1A2=111"
1904,5,J1_JA13,65,0x14F,101001111,335,7,1,0,5,7,111,5,"PIX4051=U45_4051L5@X5, PIX4052=U68_4052Mux10@S0A, DG4051=U54_DAC_LV3@X7 nEN=H, U52=LV3-pin1 FMC_A0A1A2=111"
1905,5,J1_JA13,66,0x15B,101011011,347,3,1,1,5,7,111,5,"PIX4051=U21_4051R5@X5, PIX4052=U66_4052Mux10@S1B, DG4051=U54_DAC_LV3@X3 nEN=H, U52=LV3-pin1 FMC_A0A1A2=111"
1906,5,J1_JA13,67,0x0DE,011011110,222,6,1,1,3,7,111,5,"PIX4051=U44_4051L5@X3, PIX4052=U67_4052Mux10@S1B, DG4051=U54_DAC_LV3@X6 nEN=H, U52=LV3-pin1 FMC_A0A1A2=111"
1907,5,J1_JA13,68,0x0CC,011001100,204,4,1,0,3,7,111,5,"PIX4051=U20_4051R5@X3, PIX4052=U67_4052Mux10@S0A, DG4051=U54_DAC_LV3@X4 nEN=H, U52=LV3-pin1 FMC_A0A1A2=111"
1908,5,J1_JA13,69,0x01E,000011110,30,6,1,1,0,7,111,5,"PIX4051=U44_4051L5@X0, PIX4052=U67_4052Mux10@S1B, DG4051=U54_DAC_LV3@X6 nEN=H, U52=LV3-pin1 FMC_A0A1A2=111"
1909,5,J1_JA13,70,0x00C,000001100,12,4,1,0,0,7,111,5,"PIX4051=U20_4051R5@X0, PIX4052=U67_4052Mux10@S0A, DG4051=U54_DAC_LV3@X4 nEN=H, U52=LV3-pin1 FMC_A0A1A2=111"
1910,5,J1_JA13,71,0x09E,010011110,158,6,1,1,2,7,111,5,"PIX4051=U44_4051L5@X2, PIX4052=U67_4052Mux10@S1B, DG4051=U54_DAC_LV3@X6 nEN=H, U52=LV3-pin1 FMC_A0A1A2=111"
1911,5,J1_JA13,72,0x08C,010001100,140,4,1,0,2,7,111,5,"PIX4051=U20_4051R5@X2, PIX4052=U67_4052Mux10@S0A, DG4051=U54_DAC_LV3@X4 nEN=H, U52=LV3-pin1 FMC_A0A1A2=111"
1912,5,J1_JA13,73,0x05E,001011110,94,6,1,1,1,7,111,5,"PIX4051=U44_4051L5@X1, PIX4052=U67_4052Mux10@S1B, DG4051=U54_DAC_LV3@X6 nEN=H, U52=LV3-pin1 FMC_A0A1A2=111"
1913,5,J1_JA13,74,0x04C,001001100,76,4,1,0,1,7,111,5,"PIX4051=U20_4051R5@X1, PIX4052=U67_4052Mux10@S0A, DG4051=U54_DAC_LV3@X4 nEN=H, U52=LV3-pin1 FMC_A0A1A2=111"
1914,5,J1_JA13,75,0x19E,110011110,414,6,1,1,6,7,111,5,"PIX4051=U44_4051L5@X6, PIX4052=U67_4052Mux10@S1B, DG4051=U54_DAC_LV3@X6 nEN=H, U52=LV3-pin1 FMC_A0A1A2=111"
1915,5,J1_JA13,76,0x18C,110001100,396,4,1,0,6,7,111,5,"PIX4051=U20_4051R5@X6, PIX4052=U67_4052Mux10@S0A, DG4051=U54_DAC_LV3@X4 nEN=H, U52=LV3-pin1 FMC_A0A1A2=111"
1916,5,J1_JA13,77,0x11E,100011110,286,6,1,1,4,7,111,5,"PIX4051=U44_4051L5@X4, PIX4052=U67_4052Mux10@S1B, DG4051=U54_DAC_LV3@X6 nEN=H, U52=LV3-pin1 FMC_A0A1A2=111"
1917,5,J1_JA13,78,0x10C,100001100,268,4,1,0,4,7,111,5,"PIX4051=U20_4051R5@X4, PIX4052=U67_4052Mux10@S0A, DG4051=U54_DAC_LV3@X4 nEN=H, U52=LV3-pin1 FMC_A0A1A2=111"
1918,5,J1_JA13,79,0x1DE,111011110,478,6,1,1,7,7,111,5,"PIX4051=U44_4051L5@X7, PIX4052=U67_4052Mux10@S1B, DG4051=U54_DAC_LV3@X6 nEN=H, U52=LV3-pin1 FMC_A0A1A2=111"
1919,5,J1_JA13,80,0x1CC,111001100,460,4,1,0,7,7,111,5,"PIX4051=U20_4051R5@X7, PIX4052=U67_4052Mux10@S0A, DG4051=U54_DAC_LV3@X4 nEN=H, U52=LV3-pin1 FMC_A0A1A2=111"
1920,6,J1_JA6,3,0x174,101110100,372,4,0,3,5,2,10,2,"PIX4051=U1_4051R6@X5, PIX4052=U66_4052Mux5@S3B, DG4051=U49_DAC_LV2@X4 nEN=L, U52=LV2-pin7 FMC_A0A1A2=010"
1921,6,J1_JA6,4,0x179,101111001,377,1,1,3,5,5,101,1,"PIX4051=U25_4051L6@X5, PIX4052=U68_4052Mux4@S3A, DG4051=U54_DAC_LV1@X1 nEN=H, U52=LV1-pin1 FMC_A0A1A2=101"
1922,6,J1_JA6,5,0x1F4,111110100,500,4,0,3,7,2,10,2,"PIX4051=U1_4051R6@X7, PIX4052=U66_4052Mux5@S3B, DG4051=U49_DAC_LV2@X4 nEN=L, U52=LV2-pin7 FMC_A0A1A2=010"
1923,6,J1_JA6,6,0x1F9,111111001,505,1,1,3,7,5,101,1,"PIX4051=U25_4051L6@X7, PIX4052=U68_4052Mux4@S3A, DG4051=U54_DAC_LV1@X1 nEN=H, U52=LV1-pin1 FMC_A0A1A2=101"
1924,6,J1_JA6,7,0x134,100110100,308,4,0,3,4,2,10,2,"PIX4051=U1_4051R6@X4, PIX4052=U66_4052Mux5@S3B, DG4051=U49_DAC_LV2@X4 nEN=L, U52=LV2-pin7 FMC_A0A1A2=010"
1925,6,J1_JA6,8,0x139,100111001,313,1,1,3,4,5,101,1,"PIX4051=U25_4051L6@X4, PIX4052=U68_4052Mux4@S3A, DG4051=U54_DAC_LV1@X1 nEN=H, U52=LV1-pin1 FMC_A0A1A2=101"
1926,6,J1_JA6,9,0x1B4,110110100,436,4,0,3,6,2,10,2,"PIX4051=U1_4051R6@X6, PIX4052=U66_4052Mux5@S3B, DG4051=U49_DAC_LV2@X4 nEN=L, U52=LV2-pin7 FMC_A0A1A2=010"
1927,6,J1_JA6,10,0x1B9,110111001,441,1,1,3,6,5,101,1,"PIX4051=U25_4051L6@X6, PIX4052=U68_4052Mux4@S3A, DG4051=U54_DAC_LV1@X1 nEN=H, U52=LV1-pin1 FMC_A0A1A2=101"
1928,6,J1_JA6,11,0x074,001110100,116,4,0,3,1,2,10,2,"PIX4051=U1_4051R6@X1, PIX4052=U66_4052Mux5@S3B, DG4051=U49_DAC_LV2@X4 nEN=L, U52=LV2-pin7 FMC_A0A1A2=010"
1929,6,J1_JA6,12,0x079,001111001,121,1,1,3,1,5,101,1,"PIX4051=U25_4051L6@X1, PIX4052=U68_4052Mux4@S3A, DG4051=U54_DAC_LV1@X1 nEN=H, U52=LV1-pin1 FMC_A0A1A2=101"
1930,6,J1_JA6,13,0x0B4,010110100,180,4,0,3,2,2,10,2,"PIX4051=U1_4051R6@X2, PIX4052=U66_4052Mux5@S3B, DG4051=U49_DAC_LV2@X4 nEN=L, U52=LV2-pin7 FMC_A0A1A2=010"
1931,6,J1_JA6,14,0x0B9,010111001,185,1,1,3,2,5,101,1,"PIX4051=U25_4051L6@X2, PIX4052=U68_4052Mux4@S3A, DG4051=U54_DAC_LV1@X1 nEN=H, U52=LV1-pin1 FMC_A0A1A2=101"
1932,6,J1_JA6,15,0x034,000110100,52,4,0,3,0,2,10,2,"PIX4051=U1_4051R6@X0, PIX4052=U66_4052Mux5@S3B, DG4051=U49_DAC_LV2@X4 nEN=L, U52=LV2-pin7 FMC_A0A1A2=010"
1933,6,J1_JA6,16,0x039,000111001,57,1,1,3,0,5,101,1,"PIX4051=U25_4051L6@X0, PIX4052=U68_4052Mux4@S3A, DG4051=U54_DAC_LV1@X1 nEN=H, U52=LV1-pin1 FMC_A0A1A2=101"
1934,6,J1_JA6,17,0x0F4,011110100,244,4,0,3,3,2,10,2,"PIX4051=U1_4051R6@X3, PIX4052=U66_4052Mux5@S3B, DG4051=U49_DAC_LV2@X4 nEN=L, U52=LV2-pin7 FMC_A0A1A2=010"
1935,6,J1_JA6,18,0x0F9,011111001,249,1,1,3,3,5,101,1,"PIX4051=U25_4051L6@X3, PIX4052=U68_4052Mux4@S3A, DG4051=U54_DAC_LV1@X1 nEN=H, U52=LV1-pin1 FMC_A0A1A2=101"
1936,6,J1_JA6,19,0x164,101100100,356,4,0,2,5,2,10,2,"PIX4051=U2_4051R6@X5, PIX4052=U66_4052Mux5@S2B, DG4051=U49_DAC_LV2@X4 nEN=L, U52=LV2-pin7 FMC_A0A1A2=010"
1937,6,J1_JA6,20,0x169,101101001,361,1,1,2,5,5,101,1,"PIX4051=U26_4051L6@X5, PIX4052=U68_4052Mux4@S2A, DG4051=U54_DAC_LV1@X1 nEN=H, U52=LV1-pin1 FMC_A0A1A2=101"
1938,6,J1_JA6,21,0x1E4,111100100,484,4,0,2,7,2,10,2,"PIX4051=U2_4051R6@X7, PIX4052=U66_4052Mux5@S2B, DG4051=U49_DAC_LV2@X4 nEN=L, U52=LV2-pin7 FMC_A0A1A2=010"
1939,6,J1_JA6,22,0x1E9,111101001,489,1,1,2,7,5,101,1,"PIX4051=U26_4051L6@X7, PIX4052=U68_4052Mux4@S2A, DG4051=U54_DAC_LV1@X1 nEN=H, U52=LV1-pin1 FMC_A0A1A2=101"
1940,6,J1_JA6,23,0x124,100100100,292,4,0,2,4,2,10,2,"PIX4051=U2_4051R6@X4, PIX4052=U66_4052Mux5@S2B, DG4051=U49_DAC_LV2@X4 nEN=L, U52=LV2-pin7 FMC_A0A1A2=010"
1941,6,J1_JA6,24,0x129,100101001,297,1,1,2,4,5,101,1,"PIX4051=U26_4051L6@X4, PIX4052=U68_4052Mux4@S2A, DG4051=U54_DAC_LV1@X1 nEN=H, U52=LV1-pin1 FMC_A0A1A2=101"
1942,6,J1_JA6,25,0x1A4,110100100,420,4,0,2,6,2,10,2,"PIX4051=U2_4051R6@X6, PIX4052=U66_4052Mux5@S2B, DG4051=U49_DAC_LV2@X4 nEN=L, U52=LV2-pin7 FMC_A0A1A2=010"
1943,6,J1_JA6,26,0x1A9,110101001,425,1,1,2,6,5,101,1,"PIX4051=U26_4051L6@X6, PIX4052=U68_4052Mux4@S2A, DG4051=U54_DAC_LV1@X1 nEN=H, U52=LV1-pin1 FMC_A0A1A2=101"
1944,6,J1_JA6,27,0x064,001100100,100,4,0,2,1,2,10,2,"PIX4051=U2_4051R6@X1, PIX4052=U66_4052Mux5@S2B, DG4051=U49_DAC_LV2@X4 nEN=L, U52=LV2-pin7 FMC_A0A1A2=010"
1945,6,J1_JA6,28,0x069,001101001,105,1,1,2,1,5,101,1,"PIX4051=U26_4051L6@X1, PIX4052=U68_4052Mux4@S2A, DG4051=U54_DAC_LV1@X1 nEN=H, U52=LV1-pin1 FMC_A0A1A2=101"
1946,6,J1_JA6,29,0x0A4,010100100,164,4,0,2,2,2,10,2,"PIX4051=U2_4051R6@X2, PIX4052=U66_4052Mux5@S2B, DG4051=U49_DAC_LV2@X4 nEN=L, U52=LV2-pin7 FMC_A0A1A2=010"
1947,6,J1_JA6,30,0x0A9,010101001,169,1,1,2,2,5,101,1,"PIX4051=U26_4051L6@X2, PIX4052=U68_4052Mux4@S2A, DG4051=U54_DAC_LV1@X1 nEN=H, U52=LV1-pin1 FMC_A0A1A2=101"
1948,6,J1_JA6,31,0x024,000100100,36,4,0,2,0,2,10,2,"PIX4051=U2_4051R6@X0, PIX4052=U66_4052Mux5@S2B, DG4051=U49_DAC_LV2@X4 nEN=L, U52=LV2-pin7 FMC_A0A1A2=010"
1949,6,J1_JA6,32,0x029,000101001,41,1,1,2,0,5,101,1,"PIX4051=U26_4051L6@X0, PIX4052=U68_4052Mux4@S2A, DG4051=U54_DAC_LV1@X1 nEN=H, U52=LV1-pin1 FMC_A0A1A2=101"
1950,6,J1_JA6,33,0x0E4,011100100,228,4,0,2,3,2,10,2,"PIX4051=U2_4051R6@X3, PIX4052=U66_4052Mux5@S2B, DG4051=U49_DAC_LV2@X4 nEN=L, U52=LV2-pin7 FMC_A0A1A2=010"
1951,6,J1_JA6,34,0x0E9,011101001,233,1,1,2,3,5,101,1,"PIX4051=U26_4051L6@X3, PIX4052=U68_4052Mux4@S2A, DG4051=U54_DAC_LV1@X1 nEN=H, U52=LV1-pin1 FMC_A0A1A2=101"
1952,6,J1_JA6,35,0x166,101100110,358,6,0,2,5,2,10,2,"PIX4051=U3_4051R6@X5, PIX4052=U66_4052Mux5@S2A, DG4051=U49_DAC_LV2@X6 nEN=L, U52=LV2-pin7 FMC_A0A1A2=010"
1953,6,J1_JA6,36,0x16A,101101010,362,2,1,2,5,5,101,1,"PIX4051=U27_4051L6@X5, PIX4052=U68_4052Mux4@S2B, DG4051=U54_DAC_LV1@X2 nEN=H, U52=LV1-pin1 FMC_A0A1A2=101"
1954,6,J1_JA6,37,0x1E6,111100110,486,6,0,2,7,2,10,2,"PIX4051=U3_4051R6@X7, PIX4052=U66_4052Mux5@S2A, DG4051=U49_DAC_LV2@X6 nEN=L, U52=LV2-pin7 FMC_A0A1A2=010"
1955,6,J1_JA6,38,0x1EA,111101010,490,2,1,2,7,5,101,1,"PIX4051=U27_4051L6@X7, PIX4052=U68_4052Mux4@S2B, DG4051=U54_DAC_LV1@X2 nEN=H, U52=LV1-pin1 FMC_A0A1A2=101"
1956,6,J1_JA6,39,0x126,100100110,294,6,0,2,4,2,10,2,"PIX4051=U3_4051R6@X4, PIX4052=U66_4052Mux5@S2A, DG4051=U49_DAC_LV2@X6 nEN=L, U52=LV2-pin7 FMC_A0A1A2=010"
1957,6,J1_JA6,40,0x12A,100101010,298,2,1,2,4,5,101,1,"PIX4051=U27_4051L6@X4, PIX4052=U68_4052Mux4@S2B, DG4051=U54_DAC_LV1@X2 nEN=H, U52=LV1-pin1 FMC_A0A1A2=101"
1958,6,J1_JA6,41,0x1A6,110100110,422,6,0,2,6,2,10,2,"PIX4051=U3_4051R6@X6, PIX4052=U66_4052Mux5@S2A, DG4051=U49_DAC_LV2@X6 nEN=L, U52=LV2-pin7 FMC_A0A1A2=010"
1959,6,J1_JA6,42,0x1AA,110101010,426,2,1,2,6,5,101,1,"PIX4051=U27_4051L6@X6, PIX4052=U68_4052Mux4@S2B, DG4051=U54_DAC_LV1@X2 nEN=H, U52=LV1-pin1 FMC_A0A1A2=101"
1960,6,J1_JA6,43,0x066,001100110,102,6,0,2,1,2,10,2,"PIX4051=U3_4051R6@X1, PIX4052=U66_4052Mux5@S2A, DG4051=U49_DAC_LV2@X6 nEN=L, U52=LV2-pin7 FMC_A0A1A2=010"
1961,6,J1_JA6,44,0x06A,001101010,106,2,1,2,1,5,101,1,"PIX4051=U27_4051L6@X1, PIX4052=U68_4052Mux4@S2B, DG4051=U54_DAC_LV1@X2 nEN=H, U52=LV1-pin1 FMC_A0A1A2=101"
1962,6,J1_JA6,45,0x0A6,010100110,166,6,0,2,2,2,10,2,"PIX4051=U3_4051R6@X2, PIX4052=U66_4052Mux5@S2A, DG4051=U49_DAC_LV2@X6 nEN=L, U52=LV2-pin7 FMC_A0A1A2=010"
1963,6,J1_JA6,46,0x0AA,010101010,170,2,1,2,2,5,101,1,"PIX4051=U27_4051L6@X2, PIX4052=U68_4052Mux4@S2B, DG4051=U54_DAC_LV1@X2 nEN=H, U52=LV1-pin1 FMC_A0A1A2=101"
1964,6,J1_JA6,47,0x026,000100110,38,6,0,2,0,2,10,2,"PIX4051=U3_4051R6@X0, PIX4052=U66_4052Mux5@S2A, DG4051=U49_DAC_LV2@X6 nEN=L, U52=LV2-pin7 FMC_A0A1A2=010"
1965,6,J1_JA6,48,0x02A,000101010,42,2,1,2,0,5,101,1,"PIX4051=U27_4051L6@X0, PIX4052=U68_4052Mux4@S2B, DG4051=U54_DAC_LV1@X2 nEN=H, U52=LV1-pin1 FMC_A0A1A2=101"
1966,6,J1_JA6,49,0x0E6,011100110,230,6,0,2,3,2,10,2,"PIX4051=U3_4051R6@X3, PIX4052=U66_4052Mux5@S2A, DG4051=U49_DAC_LV2@X6 nEN=L, U52=LV2-pin7 FMC_A0A1A2=010"
1967,6,J1_JA6,50,0x0EA,011101010,234,2,1,2,3,5,101,1,"PIX4051=U27_4051L6@X3, PIX4052=U68_4052Mux4@S2B, DG4051=U54_DAC_LV1@X2 nEN=H, U52=LV1-pin1 FMC_A0A1A2=101"
1968,6,J1_JA6,51,0x176,101110110,374,6,0,3,5,2,10,2,"PIX4051=U4_4051R6@X5, PIX4052=U66_4052Mux5@S3A, DG4051=U49_DAC_LV2@X6 nEN=L, U52=LV2-pin7 FMC_A0A1A2=010"
1969,6,J1_JA6,52,0x17A,101111010,378,2,1,3,5,5,101,1,"PIX4051=U28_4051L6@X5, PIX4052=U68_4052Mux4@S3B, DG4051=U54_DAC_LV1@X2 nEN=H, U52=LV1-pin1 FMC_A0A1A2=101"
1970,6,J1_JA6,53,0x1F6,111110110,502,6,0,3,7,2,10,2,"PIX4051=U4_4051R6@X7, PIX4052=U66_4052Mux5@S3A, DG4051=U49_DAC_LV2@X6 nEN=L, U52=LV2-pin7 FMC_A0A1A2=010"
1971,6,J1_JA6,54,0x1FA,111111010,506,2,1,3,7,5,101,1,"PIX4051=U28_4051L6@X7, PIX4052=U68_4052Mux4@S3B, DG4051=U54_DAC_LV1@X2 nEN=H, U52=LV1-pin1 FMC_A0A1A2=101"
1972,6,J1_JA6,55,0x136,100110110,310,6,0,3,4,2,10,2,"PIX4051=U4_4051R6@X4, PIX4052=U66_4052Mux5@S3A, DG4051=U49_DAC_LV2@X6 nEN=L, U52=LV2-pin7 FMC_A0A1A2=010"
1973,6,J1_JA6,56,0x13A,100111010,314,2,1,3,4,5,101,1,"PIX4051=U28_4051L6@X4, PIX4052=U68_4052Mux4@S3B, DG4051=U54_DAC_LV1@X2 nEN=H, U52=LV1-pin1 FMC_A0A1A2=101"
1974,6,J1_JA6,57,0x1B6,110110110,438,6,0,3,6,2,10,2,"PIX4051=U4_4051R6@X6, PIX4052=U66_4052Mux5@S3A, DG4051=U49_DAC_LV2@X6 nEN=L, U52=LV2-pin7 FMC_A0A1A2=010"
1975,6,J1_JA6,58,0x1BA,110111010,442,2,1,3,6,5,101,1,"PIX4051=U28_4051L6@X6, PIX4052=U68_4052Mux4@S3B, DG4051=U54_DAC_LV1@X2 nEN=H, U52=LV1-pin1 FMC_A0A1A2=101"
1976,6,J1_JA6,59,0x076,001110110,118,6,0,3,1,2,10,2,"PIX4051=U4_4051R6@X1, PIX4052=U66_4052Mux5@S3A, DG4051=U49_DAC_LV2@X6 nEN=L, U52=LV2-pin7 FMC_A0A1A2=010"
1977,6,J1_JA6,60,0x07A,001111010,122,2,1,3,1,5,101,1,"PIX4051=U28_4051L6@X1, PIX4052=U68_4052Mux4@S3B, DG4051=U54_DAC_LV1@X2 nEN=H, U52=LV1-pin1 FMC_A0A1A2=101"
1978,6,J1_JA6,61,0x0B6,010110110,182,6,0,3,2,2,10,2,"PIX4051=U4_4051R6@X2, PIX4052=U66_4052Mux5@S3A, DG4051=U49_DAC_LV2@X6 nEN=L, U52=LV2-pin7 FMC_A0A1A2=010"
1979,6,J1_JA6,62,0x0BA,010111010,186,2,1,3,2,5,101,1,"PIX4051=U28_4051L6@X2, PIX4052=U68_4052Mux4@S3B, DG4051=U54_DAC_LV1@X2 nEN=H, U52=LV1-pin1 FMC_A0A1A2=101"
1980,6,J1_JA6,63,0x036,000110110,54,6,0,3,0,2,10,2,"PIX4051=U4_4051R6@X0, PIX4052=U66_4052Mux5@S3A, DG4051=U49_DAC_LV2@X6 nEN=L, U52=LV2-pin7 FMC_A0A1A2=010"
1981,6,J1_JA6,64,0x03A,000111010,58,2,1,3,0,5,101,1,"PIX4051=U28_4051L6@X0, PIX4052=U68_4052Mux4@S3B, DG4051=U54_DAC_LV1@X2 nEN=H, U52=LV1-pin1 FMC_A0A1A2=101"
1982,6,J1_JA6,65,0x0F6,011110110,246,6,0,3,3,2,10,2,"PIX4051=U4_4051R6@X3, PIX4052=U66_4052Mux5@S3A, DG4051=U49_DAC_LV2@X6 nEN=L, U52=LV2-pin7 FMC_A0A1A2=010"
1983,6,J1_JA6,66,0x0FA,011111010,250,2,1,3,3,5,101,1,"PIX4051=U28_4051L6@X3, PIX4052=U68_4052Mux4@S3B, DG4051=U54_DAC_LV1@X2 nEN=H, U52=LV1-pin1 FMC_A0A1A2=101"
1984,6,J1_JA6,67,0x177,101110111,375,7,0,3,5,2,10,2,"PIX4051=U5_4051R6@X5, PIX4052=U65_4052Mux5@S3B, DG4051=U49_DAC_LV2@X7 nEN=L, U52=LV2-pin7 FMC_A0A1A2=010"
1985,6,J1_JA6,68,0x175,101110101,373,5,0,3,5,2,10,2,"PIX4051=U29_4051L6@X5, PIX4052=U65_4052Mux5@S3A, DG4051=U49_DAC_LV2@X5 nEN=L, U52=LV2-pin7 FMC_A0A1A2=010"
1986,6,J1_JA6,69,0x1F7,111110111,503,7,0,3,7,2,10,2,"PIX4051=U5_4051R6@X7, PIX4052=U65_4052Mux5@S3B, DG4051=U49_DAC_LV2@X7 nEN=L, U52=LV2-pin7 FMC_A0A1A2=010"
1987,6,J1_JA6,70,0x1F5,111110101,501,5,0,3,7,2,10,2,"PIX4051=U29_4051L6@X7, PIX4052=U65_4052Mux5@S3A, DG4051=U49_DAC_LV2@X5 nEN=L, U52=LV2-pin7 FMC_A0A1A2=010"
1988,6,J1_JA6,71,0x137,100110111,311,7,0,3,4,2,10,2,"PIX4051=U5_4051R6@X4, PIX4052=U65_4052Mux5@S3B, DG4051=U49_DAC_LV2@X7 nEN=L, U52=LV2-pin7 FMC_A0A1A2=010"
1989,6,J1_JA6,72,0x135,100110101,309,5,0,3,4,2,10,2,"PIX4051=U29_4051L6@X4, PIX4052=U65_4052Mux5@S3A, DG4051=U49_DAC_LV2@X5 nEN=L, U52=LV2-pin7 FMC_A0A1A2=010"
1990,6,J1_JA6,73,0x1B7,110110111,439,7,0,3,6,2,10,2,"PIX4051=U5_4051R6@X6, PIX4052=U65_4052Mux5@S3B, DG4051=U49_DAC_LV2@X7 nEN=L, U52=LV2-pin7 FMC_A0A1A2=010"
1991,6,J1_JA6,74,0x1B5,110110101,437,5,0,3,6,2,10,2,"PIX4051=U29_4051L6@X6, PIX4052=U65_4052Mux5@S3A, DG4051=U49_DAC_LV2@X5 nEN=L, U52=LV2-pin7 FMC_A0A1A2=010"
1992,6,J1_JA6,75,0x077,001110111,119,7,0,3,1,2,10,2,"PIX4051=U5_4051R6@X1, PIX4052=U65_4052Mux5@S3B, DG4051=U49_DAC_LV2@X7 nEN=L, U52=LV2-pin7 FMC_A0A1A2=010"
1993,6,J1_JA6,76,0x075,001110101,117,5,0,3,1,2,10,2,"PIX4051=U29_4051L6@X1, PIX4052=U65_4052Mux5@S3A, DG4051=U49_DAC_LV2@X5 nEN=L, U52=LV2-pin7 FMC_A0A1A2=010"
1994,6,J1_JA6,77,0x0B7,010110111,183,7,0,3,2,2,10,2,"PIX4051=U5_4051R6@X2, PIX4052=U65_4052Mux5@S3B, DG4051=U49_DAC_LV2@X7 nEN=L, U52=LV2-pin7 FMC_A0A1A2=010"
1995,6,J1_JA6,78,0x0B5,010110101,181,5,0,3,2,2,10,2,"PIX4051=U29_4051L6@X2, PIX4052=U65_4052Mux5@S3A, DG4051=U49_DAC_LV2@X5 nEN=L, U52=LV2-pin7 FMC_A0A1A2=010"
1996,6,J1_JA6,79,0x037,000110111,55,7,0,3,0,2,10,2,"PIX4051=U5_4051R6@X0, PIX4052=U65_4052Mux5@S3B, DG4051=U49_DAC_LV2@X7 nEN=L, U52=LV2-pin7 FMC_A0A1A2=010"
1997,6,J1_JA6,80,0x035,000110101,53,5,0,3,0,2,10,2,"PIX4051=U29_4051L6@X0, PIX4052=U65_4052Mux5@S3A, DG4051=U49_DAC_LV2@X5 nEN=L, U52=LV2-pin7 FMC_A0A1A2=010"
1998,6,J2_JB6,1,0x0F7,011110111,247,7,0,3,3,2,10,2,"PIX4051=U5_4051R6@X3, PIX4052=U65_4052Mux5@S3B, DG4051=U49_DAC_LV2@X7 nEN=L, U52=LV2-pin7 FMC_A0A1A2=010"
1999,6,J2_JB6,2,0x0F5,011110101,245,5,0,3,3,2,10,2,"PIX4051=U29_4051L6@X3, PIX4052=U65_4052Mux5@S3A, DG4051=U49_DAC_LV2@X5 nEN=L, U52=LV2-pin7 FMC_A0A1A2=010"
2000,6,J2_JB6,3,0x167,101100111,359,7,0,2,5,2,10,2,"PIX4051=U6_4051R6@X5, PIX4052=U65_4052Mux5@S2B, DG4051=U49_DAC_LV2@X7 nEN=L, U52=LV2-pin7 FMC_A0A1A2=010"
2001,6,J2_JB6,4,0x165,101100101,357,5,0,2,5,2,10,2,"PIX4051=U30_4051L6@X5, PIX4052=U65_4052Mux5@S2A, DG4051=U49_DAC_LV2@X5 nEN=L, U52=LV2-pin7 FMC_A0A1A2=010"
2002,6,J2_JB6,5,0x1E7,111100111,487,7,0,2,7,2,10,2,"PIX4051=U6_4051R6@X7, PIX4052=U65_4052Mux5@S2B, DG4051=U49_DAC_LV2@X7 nEN=L, U52=LV2-pin7 FMC_A0A1A2=010"
2003,6,J2_JB6,6,0x1E5,111100101,485,5,0,2,7,2,10,2,"PIX4051=U30_4051L6@X7, PIX4052=U65_4052Mux5@S2A, DG4051=U49_DAC_LV2@X5 nEN=L, U52=LV2-pin7 FMC_A0A1A2=010"
2004,6,J2_JB6,7,0x127,100100111,295,7,0,2,4,2,10,2,"PIX4051=U6_4051R6@X4, PIX4052=U65_4052Mux5@S2B, DG4051=U49_DAC_LV2@X7 nEN=L, U52=LV2-pin7 FMC_A0A1A2=010"
2005,6,J2_JB6,8,0x125,100100101,293,5,0,2,4,2,10,2,"PIX4051=U30_4051L6@X4, PIX4052=U65_4052Mux5@S2A, DG4051=U49_DAC_LV2@X5 nEN=L, U52=LV2-pin7 FMC_A0A1A2=010"
2006,6,J2_JB6,9,0x1A7,110100111,423,7,0,2,6,2,10,2,"PIX4051=U6_4051R6@X6, PIX4052=U65_4052Mux5@S2B, DG4051=U49_DAC_LV2@X7 nEN=L, U52=LV2-pin7 FMC_A0A1A2=010"
2007,6,J2_JB6,10,0x1A5,110100101,421,5,0,2,6,2,10,2,"PIX4051=U30_4051L6@X6, PIX4052=U65_4052Mux5@S2A, DG4051=U49_DAC_LV2@X5 nEN=L, U52=LV2-pin7 FMC_A0A1A2=010"
2008,6,J2_JB6,11,0x067,001100111,103,7,0,2,1,2,10,2,"PIX4051=U6_4051R6@X1, PIX4052=U65_4052Mux5@S2B, DG4051=U49_DAC_LV2@X7 nEN=L, U52=LV2-pin7 FMC_A0A1A2=010"
2009,6,J2_JB6,12,0x065,001100101,101,5,0,2,1,2,10,2,"PIX4051=U30_4051L6@X1, PIX4052=U65_4052Mux5@S2A, DG4051=U49_DAC_LV2@X5 nEN=L, U52=LV2-pin7 FMC_A0A1A2=010"
2010,6,J2_JB6,13,0x0A7,010100111,167,7,0,2,2,2,10,2,"PIX4051=U6_4051R6@X2, PIX4052=U65_4052Mux5@S2B, DG4051=U49_DAC_LV2@X7 nEN=L, U52=LV2-pin7 FMC_A0A1A2=010"
2011,6,J2_JB6,14,0x0A5,010100101,165,5,0,2,2,2,10,2,"PIX4051=U30_4051L6@X2, PIX4052=U65_4052Mux5@S2A, DG4051=U49_DAC_LV2@X5 nEN=L, U52=LV2-pin7 FMC_A0A1A2=010"
2012,6,J2_JB6,15,0x027,000100111,39,7,0,2,0,2,10,2,"PIX4051=U6_4051R6@X0, PIX4052=U65_4052Mux5@S2B, DG4051=U49_DAC_LV2@X7 nEN=L, U52=LV2-pin7 FMC_A0A1A2=010"
2013,6,J2_JB6,16,0x025,000100101,37,5,0,2,0,2,10,2,"PIX4051=U30_4051L6@X0, PIX4052=U65_4052Mux5@S2A, DG4051=U49_DAC_LV2@X5 nEN=L, U52=LV2-pin7 FMC_A0A1A2=010"
2014,6,J2_JB6,17,0x0E7,011100111,231,7,0,2,3,2,10,2,"PIX4051=U6_4051R6@X3, PIX4052=U65_4052Mux5@S2B, DG4051=U49_DAC_LV2@X7 nEN=L, U52=LV2-pin7 FMC_A0A1A2=010"
2015,6,J2_JB6,18,0x0E5,011100101,229,5,0,2,3,2,10,2,"PIX4051=U30_4051L6@X3, PIX4052=U65_4052Mux5@S2A, DG4051=U49_DAC_LV2@X5 nEN=L, U52=LV2-pin7 FMC_A0A1A2=010"
2016,6,J2_JB6,19,0x154,101010100,340,4,0,1,5,2,10,2,"PIX4051=U7_4051R6@X5, PIX4052=U66_4052Mux5@S1B, DG4051=U49_DAC_LV2@X4 nEN=L, U52=LV2-pin7 FMC_A0A1A2=010"
2017,6,J2_JB6,20,0x149,101001001,329,1,1,0,5,5,101,1,"PIX4051=U31_4051L6@X5, PIX4052=U68_4052Mux4@S0A, DG4051=U54_DAC_LV1@X1 nEN=H, U52=LV1-pin1 FMC_A0A1A2=101"
2018,6,J2_JB6,21,0x1D4,111010100,468,4,0,1,7,2,10,2,"PIX4051=U7_4051R6@X7, PIX4052=U66_4052Mux5@S1B, DG4051=U49_DAC_LV2@X4 nEN=L, U52=LV2-pin7 FMC_A0A1A2=010"
2019,6,J2_JB6,22,0x1C9,111001001,457,1,1,0,7,5,101,1,"PIX4051=U31_4051L6@X7, PIX4052=U68_4052Mux4@S0A, DG4051=U54_DAC_LV1@X1 nEN=H, U52=LV1-pin1 FMC_A0A1A2=101"
2020,6,J2_JB6,23,0x114,100010100,276,4,0,1,4,2,10,2,"PIX4051=U7_4051R6@X4, PIX4052=U66_4052Mux5@S1B, DG4051=U49_DAC_LV2@X4 nEN=L, U52=LV2-pin7 FMC_A0A1A2=010"
2021,6,J2_JB6,24,0x109,100001001,265,1,1,0,4,5,101,1,"PIX4051=U31_4051L6@X4, PIX4052=U68_4052Mux4@S0A, DG4051=U54_DAC_LV1@X1 nEN=H, U52=LV1-pin1 FMC_A0A1A2=101"
2022,6,J2_JB6,25,0x194,110010100,404,4,0,1,6,2,10,2,"PIX4051=U7_4051R6@X6, PIX4052=U66_4052Mux5@S1B, DG4051=U49_DAC_LV2@X4 nEN=L, U52=LV2-pin7 FMC_A0A1A2=010"
2023,6,J2_JB6,26,0x189,110001001,393,1,1,0,6,5,101,1,"PIX4051=U31_4051L6@X6, PIX4052=U68_4052Mux4@S0A, DG4051=U54_DAC_LV1@X1 nEN=H, U52=LV1-pin1 FMC_A0A1A2=101"
2024,6,J2_JB6,27,0x054,001010100,84,4,0,1,1,2,10,2,"PIX4051=U7_4051R6@X1, PIX4052=U66_4052Mux5@S1B, DG4051=U49_DAC_LV2@X4 nEN=L, U52=LV2-pin7 FMC_A0A1A2=010"
2025,6,J2_JB6,28,0x049,001001001,73,1,1,0,1,5,101,1,"PIX4051=U31_4051L6@X1, PIX4052=U68_4052Mux4@S0A, DG4051=U54_DAC_LV1@X1 nEN=H, U52=LV1-pin1 FMC_A0A1A2=101"
2026,6,J2_JB6,29,0x094,010010100,148,4,0,1,2,2,10,2,"PIX4051=U7_4051R6@X2, PIX4052=U66_4052Mux5@S1B, DG4051=U49_DAC_LV2@X4 nEN=L, U52=LV2-pin7 FMC_A0A1A2=010"
2027,6,J2_JB6,30,0x089,010001001,137,1,1,0,2,5,101,1,"PIX4051=U31_4051L6@X2, PIX4052=U68_4052Mux4@S0A, DG4051=U54_DAC_LV1@X1 nEN=H, U52=LV1-pin1 FMC_A0A1A2=101"
2028,6,J2_JB6,31,0x014,000010100,20,4,0,1,0,2,10,2,"PIX4051=U7_4051R6@X0, PIX4052=U66_4052Mux5@S1B, DG4051=U49_DAC_LV2@X4 nEN=L, U52=LV2-pin7 FMC_A0A1A2=010"
2029,6,J2_JB6,32,0x009,000001001,9,1,1,0,0,5,101,1,"PIX4051=U31_4051L6@X0, PIX4052=U68_4052Mux4@S0A, DG4051=U54_DAC_LV1@X1 nEN=H, U52=LV1-pin1 FMC_A0A1A2=101"
2030,6,J2_JB6,33,0x0D4,011010100,212,4,0,1,3,2,10,2,"PIX4051=U7_4051R6@X3, PIX4052=U66_4052Mux5@S1B, DG4051=U49_DAC_LV2@X4 nEN=L, U52=LV2-pin7 FMC_A0A1A2=010"
2031,6,J2_JB6,34,0x0C9,011001001,201,1,1,0,3,5,101,1,"PIX4051=U31_4051L6@X3, PIX4052=U68_4052Mux4@S0A, DG4051=U54_DAC_LV1@X1 nEN=H, U52=LV1-pin1 FMC_A0A1A2=101"
2032,6,J2_JB6,35,0x144,101000100,324,4,0,0,5,2,10,2,"PIX4051=U8_4051R6@X5, PIX4052=U66_4052Mux5@S0B, DG4051=U49_DAC_LV2@X4 nEN=L, U52=LV2-pin7 FMC_A0A1A2=010"
2033,6,J2_JB6,36,0x159,101011001,345,1,1,1,5,5,101,1,"PIX4051=U32_4051L6@X5, PIX4052=U68_4052Mux4@S1A, DG4051=U54_DAC_LV1@X1 nEN=H, U52=LV1-pin1 FMC_A0A1A2=101"
2034,6,J2_JB6,37,0x1C4,111000100,452,4,0,0,7,2,10,2,"PIX4051=U8_4051R6@X7, PIX4052=U66_4052Mux5@S0B, DG4051=U49_DAC_LV2@X4 nEN=L, U52=LV2-pin7 FMC_A0A1A2=010"
2035,6,J2_JB6,38,0x1D9,111011001,473,1,1,1,7,5,101,1,"PIX4051=U32_4051L6@X7, PIX4052=U68_4052Mux4@S1A, DG4051=U54_DAC_LV1@X1 nEN=H, U52=LV1-pin1 FMC_A0A1A2=101"
2036,6,J2_JB6,39,0x104,100000100,260,4,0,0,4,2,10,2,"PIX4051=U8_4051R6@X4, PIX4052=U66_4052Mux5@S0B, DG4051=U49_DAC_LV2@X4 nEN=L, U52=LV2-pin7 FMC_A0A1A2=010"
2037,6,J2_JB6,40,0x119,100011001,281,1,1,1,4,5,101,1,"PIX4051=U32_4051L6@X4, PIX4052=U68_4052Mux4@S1A, DG4051=U54_DAC_LV1@X1 nEN=H, U52=LV1-pin1 FMC_A0A1A2=101"
2038,6,J2_JB6,41,0x184,110000100,388,4,0,0,6,2,10,2,"PIX4051=U8_4051R6@X6, PIX4052=U66_4052Mux5@S0B, DG4051=U49_DAC_LV2@X4 nEN=L, U52=LV2-pin7 FMC_A0A1A2=010"
2039,6,J2_JB6,42,0x199,110011001,409,1,1,1,6,5,101,1,"PIX4051=U32_4051L6@X6, PIX4052=U68_4052Mux4@S1A, DG4051=U54_DAC_LV1@X1 nEN=H, U52=LV1-pin1 FMC_A0A1A2=101"
2040,6,J2_JB6,43,0x044,001000100,68,4,0,0,1,2,10,2,"PIX4051=U8_4051R6@X1, PIX4052=U66_4052Mux5@S0B, DG4051=U49_DAC_LV2@X4 nEN=L, U52=LV2-pin7 FMC_A0A1A2=010"
2041,6,J2_JB6,44,0x059,001011001,89,1,1,1,1,5,101,1,"PIX4051=U32_4051L6@X1, PIX4052=U68_4052Mux4@S1A, DG4051=U54_DAC_LV1@X1 nEN=H, U52=LV1-pin1 FMC_A0A1A2=101"
2042,6,J2_JB6,45,0x084,010000100,132,4,0,0,2,2,10,2,"PIX4051=U8_4051R6@X2, PIX4052=U66_4052Mux5@S0B, DG4051=U49_DAC_LV2@X4 nEN=L, U52=LV2-pin7 FMC_A0A1A2=010"
2043,6,J2_JB6,46,0x099,010011001,153,1,1,1,2,5,101,1,"PIX4051=U32_4051L6@X2, PIX4052=U68_4052Mux4@S1A, DG4051=U54_DAC_LV1@X1 nEN=H, U52=LV1-pin1 FMC_A0A1A2=101"
2044,6,J2_JB6,47,0x004,000000100,4,4,0,0,0,2,10,2,"PIX4051=U8_4051R6@X0, PIX4052=U66_4052Mux5@S0B, DG4051=U49_DAC_LV2@X4 nEN=L, U52=LV2-pin7 FMC_A0A1A2=010"
2045,6,J2_JB6,48,0x019,000011001,25,1,1,1,0,5,101,1,"PIX4051=U32_4051L6@X0, PIX4052=U68_4052Mux4@S1A, DG4051=U54_DAC_LV1@X1 nEN=H, U52=LV1-pin1 FMC_A0A1A2=101"
2046,6,J2_JB6,49,0x0C4,011000100,196,4,0,0,3,2,10,2,"PIX4051=U8_4051R6@X3, PIX4052=U66_4052Mux5@S0B, DG4051=U49_DAC_LV2@X4 nEN=L, U52=LV2-pin7 FMC_A0A1A2=010"
2047,6,J2_JB6,50,0x0D9,011011001,217,1,1,1,3,5,101,1,"PIX4051=U32_4051L6@X3, PIX4052=U68_4052Mux4@S1A, DG4051=U54_DAC_LV1@X1 nEN=H, U52=LV1-pin1 FMC_A0A1A2=101"
2048,6,J2_JB6,51,0x156,101010110,342,6,0,1,5,2,10,2,"PIX4051=U9_4051R6@X5, PIX4052=U66_4052Mux5@S1A, DG4051=U49_DAC_LV2@X6 nEN=L, U52=LV2-pin7 FMC_A0A1A2=010"
2049,6,J2_JB6,52,0x14A,101001010,330,2,1,0,5,5,101,1,"PIX4051=U33_4051L6@X5, PIX4052=U68_4052Mux4@S0B, DG4051=U54_DAC_LV1@X2 nEN=H, U52=LV1-pin1 FMC_A0A1A2=101"
2050,6,J2_JB6,53,0x1D6,111010110,470,6,0,1,7,2,10,2,"PIX4051=U9_4051R6@X7, PIX4052=U66_4052Mux5@S1A, DG4051=U49_DAC_LV2@X6 nEN=L, U52=LV2-pin7 FMC_A0A1A2=010"
2051,6,J2_JB6,54,0x1CA,111001010,458,2,1,0,7,5,101,1,"PIX4051=U33_4051L6@X7, PIX4052=U68_4052Mux4@S0B, DG4051=U54_DAC_LV1@X2 nEN=H, U52=LV1-pin1 FMC_A0A1A2=101"
2052,6,J2_JB6,55,0x116,100010110,278,6,0,1,4,2,10,2,"PIX4051=U9_4051R6@X4, PIX4052=U66_4052Mux5@S1A, DG4051=U49_DAC_LV2@X6 nEN=L, U52=LV2-pin7 FMC_A0A1A2=010"
2053,6,J2_JB6,56,0x10A,100001010,266,2,1,0,4,5,101,1,"PIX4051=U33_4051L6@X4, PIX4052=U68_4052Mux4@S0B, DG4051=U54_DAC_LV1@X2 nEN=H, U52=LV1-pin1 FMC_A0A1A2=101"
2054,6,J2_JB6,57,0x196,110010110,406,6,0,1,6,2,10,2,"PIX4051=U9_4051R6@X6, PIX4052=U66_4052Mux5@S1A, DG4051=U49_DAC_LV2@X6 nEN=L, U52=LV2-pin7 FMC_A0A1A2=010"
2055,6,J2_JB6,58,0x18A,110001010,394,2,1,0,6,5,101,1,"PIX4051=U33_4051L6@X6, PIX4052=U68_4052Mux4@S0B, DG4051=U54_DAC_LV1@X2 nEN=H, U52=LV1-pin1 FMC_A0A1A2=101"
2056,6,J2_JB6,59,0x056,001010110,86,6,0,1,1,2,10,2,"PIX4051=U9_4051R6@X1, PIX4052=U66_4052Mux5@S1A, DG4051=U49_DAC_LV2@X6 nEN=L, U52=LV2-pin7 FMC_A0A1A2=010"
2057,6,J2_JB6,60,0x04A,001001010,74,2,1,0,1,5,101,1,"PIX4051=U33_4051L6@X1, PIX4052=U68_4052Mux4@S0B, DG4051=U54_DAC_LV1@X2 nEN=H, U52=LV1-pin1 FMC_A0A1A2=101"
2058,6,J2_JB6,61,0x096,010010110,150,6,0,1,2,2,10,2,"PIX4051=U9_4051R6@X2, PIX4052=U66_4052Mux5@S1A, DG4051=U49_DAC_LV2@X6 nEN=L, U52=LV2-pin7 FMC_A0A1A2=010"
2059,6,J2_JB6,62,0x08A,010001010,138,2,1,0,2,5,101,1,"PIX4051=U33_4051L6@X2, PIX4052=U68_4052Mux4@S0B, DG4051=U54_DAC_LV1@X2 nEN=H, U52=LV1-pin1 FMC_A0A1A2=101"
2060,6,J2_JB6,63,0x016,000010110,22,6,0,1,0,2,10,2,"PIX4051=U9_4051R6@X0, PIX4052=U66_4052Mux5@S1A, DG4051=U49_DAC_LV2@X6 nEN=L, U52=LV2-pin7 FMC_A0A1A2=010"
2061,6,J2_JB6,64,0x00A,000001010,10,2,1,0,0,5,101,1,"PIX4051=U33_4051L6@X0, PIX4052=U68_4052Mux4@S0B, DG4051=U54_DAC_LV1@X2 nEN=H, U52=LV1-pin1 FMC_A0A1A2=101"
2062,6,J2_JB6,65,0x0D6,011010110,214,6,0,1,3,2,10,2,"PIX4051=U9_4051R6@X3, PIX4052=U66_4052Mux5@S1A, DG4051=U49_DAC_LV2@X6 nEN=L, U52=LV2-pin7 FMC_A0A1A2=010"
2063,6,J2_JB6,66,0x0CA,011001010,202,2,1,0,3,5,101,1,"PIX4051=U33_4051L6@X3, PIX4052=U68_4052Mux4@S0B, DG4051=U54_DAC_LV1@X2 nEN=H, U52=LV1-pin1 FMC_A0A1A2=101"
2064,6,J2_JB6,67,0x146,101000110,326,6,0,0,5,2,10,2,"PIX4051=U10_4051R6@X5, PIX4052=U66_4052Mux5@S0A, DG4051=U49_DAC_LV2@X6 nEN=L, U52=LV2-pin7 FMC_A0A1A2=010"
2065,6,J2_JB6,68,0x15A,101011010,346,2,1,1,5,5,101,1,"PIX4051=U34_4051L6@X5, PIX4052=U68_4052Mux4@S1B, DG4051=U54_DAC_LV1@X2 nEN=H, U52=LV1-pin1 FMC_A0A1A2=101"
2066,6,J2_JB6,69,0x1C6,111000110,454,6,0,0,7,2,10,2,"PIX4051=U10_4051R6@X7, PIX4052=U66_4052Mux5@S0A, DG4051=U49_DAC_LV2@X6 nEN=L, U52=LV2-pin7 FMC_A0A1A2=010"
2067,6,J2_JB6,70,0x1DA,111011010,474,2,1,1,7,5,101,1,"PIX4051=U34_4051L6@X7, PIX4052=U68_4052Mux4@S1B, DG4051=U54_DAC_LV1@X2 nEN=H, U52=LV1-pin1 FMC_A0A1A2=101"
2068,6,J2_JB6,71,0x106,100000110,262,6,0,0,4,2,10,2,"PIX4051=U10_4051R6@X4, PIX4052=U66_4052Mux5@S0A, DG4051=U49_DAC_LV2@X6 nEN=L, U52=LV2-pin7 FMC_A0A1A2=010"
2069,6,J2_JB6,72,0x11A,100011010,282,2,1,1,4,5,101,1,"PIX4051=U34_4051L6@X4, PIX4052=U68_4052Mux4@S1B, DG4051=U54_DAC_LV1@X2 nEN=H, U52=LV1-pin1 FMC_A0A1A2=101"
2070,6,J2_JB6,73,0x186,110000110,390,6,0,0,6,2,10,2,"PIX4051=U10_4051R6@X6, PIX4052=U66_4052Mux5@S0A, DG4051=U49_DAC_LV2@X6 nEN=L, U52=LV2-pin7 FMC_A0A1A2=010"
2071,6,J2_JB6,74,0x19A,110011010,410,2,1,1,6,5,101,1,"PIX4051=U34_4051L6@X6, PIX4052=U68_4052Mux4@S1B, DG4051=U54_DAC_LV1@X2 nEN=H, U52=LV1-pin1 FMC_A0A1A2=101"
2072,6,J2_JB6,75,0x046,001000110,70,6,0,0,1,2,10,2,"PIX4051=U10_4051R6@X1, PIX4052=U66_4052Mux5@S0A, DG4051=U49_DAC_LV2@X6 nEN=L, U52=LV2-pin7 FMC_A0A1A2=010"
2073,6,J2_JB6,76,0x05A,001011010,90,2,1,1,1,5,101,1,"PIX4051=U34_4051L6@X1, PIX4052=U68_4052Mux4@S1B, DG4051=U54_DAC_LV1@X2 nEN=H, U52=LV1-pin1 FMC_A0A1A2=101"
2074,6,J2_JB14,1,0x086,010000110,134,6,0,0,2,2,10,2,"PIX4051=U10_4051R6@X2, PIX4052=U66_4052Mux5@S0A, DG4051=U49_DAC_LV2@X6 nEN=L, U52=LV2-pin7 FMC_A0A1A2=010"
2075,6,J2_JB14,2,0x09A,010011010,154,2,1,1,2,5,101,1,"PIX4051=U34_4051L6@X2, PIX4052=U68_4052Mux4@S1B, DG4051=U54_DAC_LV1@X2 nEN=H, U52=LV1-pin1 FMC_A0A1A2=101"
2076,6,J2_JB14,3,0x006,000000110,6,6,0,0,0,2,10,2,"PIX4051=U10_4051R6@X0, PIX4052=U66_4052Mux5@S0A, DG4051=U49_DAC_LV2@X6 nEN=L, U52=LV2-pin7 FMC_A0A1A2=010"
2077,6,J2_JB14,4,0x01A,000011010,26,2,1,1,0,5,101,1,"PIX4051=U34_4051L6@X0, PIX4052=U68_4052Mux4@S1B, DG4051=U54_DAC_LV1@X2 nEN=H, U52=LV1-pin1 FMC_A0A1A2=101"
2078,6,J2_JB14,5,0x0C6,011000110,198,6,0,0,3,2,10,2,"PIX4051=U10_4051R6@X3, PIX4052=U66_4052Mux5@S0A, DG4051=U49_DAC_LV2@X6 nEN=L, U52=LV2-pin7 FMC_A0A1A2=010"
2079,6,J2_JB14,6,0x0DA,011011010,218,2,1,1,3,5,101,1,"PIX4051=U34_4051L6@X3, PIX4052=U68_4052Mux4@S1B, DG4051=U54_DAC_LV1@X2 nEN=H, U52=LV1-pin1 FMC_A0A1A2=101"
2080,6,J2_JB14,7,0x157,101010111,343,7,0,1,5,2,10,2,"PIX4051=U11_4051R6@X5, PIX4052=U65_4052Mux5@S1B, DG4051=U49_DAC_LV2@X7 nEN=L, U52=LV2-pin7 FMC_A0A1A2=010"
2081,6,J2_JB14,8,0x145,101000101,325,5,0,0,5,2,10,2,"PIX4051=U35_4051L6@X5, PIX4052=U65_4052Mux5@S0A, DG4051=U49_DAC_LV2@X5 nEN=L, U52=LV2-pin7 FMC_A0A1A2=010"
2082,6,J2_JB14,9,0x1D7,111010111,471,7,0,1,7,2,10,2,"PIX4051=U11_4051R6@X7, PIX4052=U65_4052Mux5@S1B, DG4051=U49_DAC_LV2@X7 nEN=L, U52=LV2-pin7 FMC_A0A1A2=010"
2083,6,J2_JB14,10,0x1C5,111000101,453,5,0,0,7,2,10,2,"PIX4051=U35_4051L6@X7, PIX4052=U65_4052Mux5@S0A, DG4051=U49_DAC_LV2@X5 nEN=L, U52=LV2-pin7 FMC_A0A1A2=010"
2084,6,J2_JB14,11,0x117,100010111,279,7,0,1,4,2,10,2,"PIX4051=U11_4051R6@X4, PIX4052=U65_4052Mux5@S1B, DG4051=U49_DAC_LV2@X7 nEN=L, U52=LV2-pin7 FMC_A0A1A2=010"
2085,6,J2_JB14,12,0x105,100000101,261,5,0,0,4,2,10,2,"PIX4051=U35_4051L6@X4, PIX4052=U65_4052Mux5@S0A, DG4051=U49_DAC_LV2@X5 nEN=L, U52=LV2-pin7 FMC_A0A1A2=010"
2086,6,J2_JB14,13,0x197,110010111,407,7,0,1,6,2,10,2,"PIX4051=U11_4051R6@X6, PIX4052=U65_4052Mux5@S1B, DG4051=U49_DAC_LV2@X7 nEN=L, U52=LV2-pin7 FMC_A0A1A2=010"
2087,6,J2_JB14,14,0x185,110000101,389,5,0,0,6,2,10,2,"PIX4051=U35_4051L6@X6, PIX4052=U65_4052Mux5@S0A, DG4051=U49_DAC_LV2@X5 nEN=L, U52=LV2-pin7 FMC_A0A1A2=010"
2088,6,J2_JB14,15,0x057,001010111,87,7,0,1,1,2,10,2,"PIX4051=U11_4051R6@X1, PIX4052=U65_4052Mux5@S1B, DG4051=U49_DAC_LV2@X7 nEN=L, U52=LV2-pin7 FMC_A0A1A2=010"
2089,6,J2_JB14,16,0x045,001000101,69,5,0,0,1,2,10,2,"PIX4051=U35_4051L6@X1, PIX4052=U65_4052Mux5@S0A, DG4051=U49_DAC_LV2@X5 nEN=L, U52=LV2-pin7 FMC_A0A1A2=010"
2090,6,J2_JB14,17,0x097,010010111,151,7,0,1,2,2,10,2,"PIX4051=U11_4051R6@X2, PIX4052=U65_4052Mux5@S1B, DG4051=U49_DAC_LV2@X7 nEN=L, U52=LV2-pin7 FMC_A0A1A2=010"
2091,6,J2_JB14,18,0x085,010000101,133,5,0,0,2,2,10,2,"PIX4051=U35_4051L6@X2, PIX4052=U65_4052Mux5@S0A, DG4051=U49_DAC_LV2@X5 nEN=L, U52=LV2-pin7 FMC_A0A1A2=010"
2092,6,J2_JB14,19,0x017,000010111,23,7,0,1,0,2,10,2,"PIX4051=U11_4051R6@X0, PIX4052=U65_4052Mux5@S1B, DG4051=U49_DAC_LV2@X7 nEN=L, U52=LV2-pin7 FMC_A0A1A2=010"
2093,6,J2_JB14,20,0x005,000000101,5,5,0,0,0,2,10,2,"PIX4051=U35_4051L6@X0, PIX4052=U65_4052Mux5@S0A, DG4051=U49_DAC_LV2@X5 nEN=L, U52=LV2-pin7 FMC_A0A1A2=010"
2094,6,J2_JB14,21,0x0D7,011010111,215,7,0,1,3,2,10,2,"PIX4051=U11_4051R6@X3, PIX4052=U65_4052Mux5@S1B, DG4051=U49_DAC_LV2@X7 nEN=L, U52=LV2-pin7 FMC_A0A1A2=010"
2095,6,J2_JB14,22,0x0C5,011000101,197,5,0,0,3,2,10,2,"PIX4051=U35_4051L6@X3, PIX4052=U65_4052Mux5@S0A, DG4051=U49_DAC_LV2@X5 nEN=L, U52=LV2-pin7 FMC_A0A1A2=010"
2096,6,J2_JB14,23,0x147,101000111,327,7,0,0,5,2,10,2,"PIX4051=U12_4051R6@X5, PIX4052=U65_4052Mux5@S0B, DG4051=U49_DAC_LV2@X7 nEN=L, U52=LV2-pin7 FMC_A0A1A2=010"
2097,6,J2_JB14,24,0x155,101010101,341,5,0,1,5,2,10,2,"PIX4051=U36_4051L6@X5, PIX4052=U65_4052Mux5@S1A, DG4051=U49_DAC_LV2@X5 nEN=L, U52=LV2-pin7 FMC_A0A1A2=010"
2098,6,J2_JB14,25,0x1C7,111000111,455,7,0,0,7,2,10,2,"PIX4051=U12_4051R6@X7, PIX4052=U65_4052Mux5@S0B, DG4051=U49_DAC_LV2@X7 nEN=L, U52=LV2-pin7 FMC_A0A1A2=010"
2099,6,J2_JB14,26,0x1D5,111010101,469,5,0,1,7,2,10,2,"PIX4051=U36_4051L6@X7, PIX4052=U65_4052Mux5@S1A, DG4051=U49_DAC_LV2@X5 nEN=L, U52=LV2-pin7 FMC_A0A1A2=010"
2100,6,J2_JB14,27,0x107,100000111,263,7,0,0,4,2,10,2,"PIX4051=U12_4051R6@X4, PIX4052=U65_4052Mux5@S0B, DG4051=U49_DAC_LV2@X7 nEN=L, U52=LV2-pin7 FMC_A0A1A2=010"
2101,6,J2_JB14,28,0x115,100010101,277,5,0,1,4,2,10,2,"PIX4051=U36_4051L6@X4, PIX4052=U65_4052Mux5@S1A, DG4051=U49_DAC_LV2@X5 nEN=L, U52=LV2-pin7 FMC_A0A1A2=010"
2102,6,J2_JB14,29,0x187,110000111,391,7,0,0,6,2,10,2,"PIX4051=U12_4051R6@X6, PIX4052=U65_4052Mux5@S0B, DG4051=U49_DAC_LV2@X7 nEN=L, U52=LV2-pin7 FMC_A0A1A2=010"
2103,6,J2_JB14,30,0x195,110010101,405,5,0,1,6,2,10,2,"PIX4051=U36_4051L6@X6, PIX4052=U65_4052Mux5@S1A, DG4051=U49_DAC_LV2@X5 nEN=L, U52=LV2-pin7 FMC_A0A1A2=010"
2104,6,J2_JB14,31,0x047,001000111,71,7,0,0,1,2,10,2,"PIX4051=U12_4051R6@X1, PIX4052=U65_4052Mux5@S0B, DG4051=U49_DAC_LV2@X7 nEN=L, U52=LV2-pin7 FMC_A0A1A2=010"
2105,6,J2_JB14,32,0x055,001010101,85,5,0,1,1,2,10,2,"PIX4051=U36_4051L6@X1, PIX4052=U65_4052Mux5@S1A, DG4051=U49_DAC_LV2@X5 nEN=L, U52=LV2-pin7 FMC_A0A1A2=010"
2106,6,J2_JB14,33,0x087,010000111,135,7,0,0,2,2,10,2,"PIX4051=U12_4051R6@X2, PIX4052=U65_4052Mux5@S0B, DG4051=U49_DAC_LV2@X7 nEN=L, U52=LV2-pin7 FMC_A0A1A2=010"
2107,6,J2_JB14,34,0x095,010010101,149,5,0,1,2,2,10,2,"PIX4051=U36_4051L6@X2, PIX4052=U65_4052Mux5@S1A, DG4051=U49_DAC_LV2@X5 nEN=L, U52=LV2-pin7 FMC_A0A1A2=010"
2108,6,J2_JB14,35,0x007,000000111,7,7,0,0,0,2,10,2,"PIX4051=U12_4051R6@X0, PIX4052=U65_4052Mux5@S0B, DG4051=U49_DAC_LV2@X7 nEN=L, U52=LV2-pin7 FMC_A0A1A2=010"
2109,6,J2_JB14,36,0x015,000010101,21,5,0,1,0,2,10,2,"PIX4051=U36_4051L6@X0, PIX4052=U65_4052Mux5@S1A, DG4051=U49_DAC_LV2@X5 nEN=L, U52=LV2-pin7 FMC_A0A1A2=010"
2110,6,J2_JB14,37,0x0C7,011000111,199,7,0,0,3,2,10,2,"PIX4051=U12_4051R6@X3, PIX4052=U65_4052Mux5@S0B, DG4051=U49_DAC_LV2@X7 nEN=L, U52=LV2-pin7 FMC_A0A1A2=010"
2111,6,J2_JB14,38,0x0D5,011010101,213,5,0,1,3,2,10,2,"PIX4051=U36_4051L6@X3, PIX4052=U65_4052Mux5@S1A, DG4051=U49_DAC_LV2@X5 nEN=L, U52=LV2-pin7 FMC_A0A1A2=010"
2112,6,J2_JB14,39,0x169,101101001,361,1,1,2,5,6,11,3,"PIX4051=U13_4051R6@X5, PIX4052=U68_4052Mux11@S2A, DG4051=U54_DAC_LV2@X1 nEN=H, U52=LV2-pin1 FMC_A0A1A2=011"
2113,6,J2_JB14,40,0x16A,101101010,362,2,1,2,5,6,11,3,"PIX4051=U37_4051L6@X5, PIX4052=U68_4052Mux11@S2B, DG4051=U54_DAC_LV2@X2 nEN=H, U52=LV2-pin1 FMC_A0A1A2=011"
2114,6,J2_JB14,41,0x1E9,111101001,489,1,1,2,7,6,11,3,"PIX4051=U13_4051R6@X7, PIX4052=U68_4052Mux11@S2A, DG4051=U54_DAC_LV2@X1 nEN=H, U52=LV2-pin1 FMC_A0A1A2=011"
2115,6,J2_JB14,42,0x1EA,111101010,490,2,1,2,7,6,11,3,"PIX4051=U37_4051L6@X7, PIX4052=U68_4052Mux11@S2B, DG4051=U54_DAC_LV2@X2 nEN=H, U52=LV2-pin1 FMC_A0A1A2=011"
2116,6,J2_JB14,43,0x129,100101001,297,1,1,2,4,6,11,3,"PIX4051=U13_4051R6@X4, PIX4052=U68_4052Mux11@S2A, DG4051=U54_DAC_LV2@X1 nEN=H, U52=LV2-pin1 FMC_A0A1A2=011"
2117,6,J2_JB14,44,0x12A,100101010,298,2,1,2,4,6,11,3,"PIX4051=U37_4051L6@X4, PIX4052=U68_4052Mux11@S2B, DG4051=U54_DAC_LV2@X2 nEN=H, U52=LV2-pin1 FMC_A0A1A2=011"
2118,6,J2_JB14,45,0x1A9,110101001,425,1,1,2,6,6,11,3,"PIX4051=U13_4051R6@X6, PIX4052=U68_4052Mux11@S2A, DG4051=U54_DAC_LV2@X1 nEN=H, U52=LV2-pin1 FMC_A0A1A2=011"
2119,6,J2_JB14,46,0x1AA,110101010,426,2,1,2,6,6,11,3,"PIX4051=U37_4051L6@X6, PIX4052=U68_4052Mux11@S2B, DG4051=U54_DAC_LV2@X2 nEN=H, U52=LV2-pin1 FMC_A0A1A2=011"
2120,6,J2_JB14,47,0x069,001101001,105,1,1,2,1,6,11,3,"PIX4051=U13_4051R6@X1, PIX4052=U68_4052Mux11@S2A, DG4051=U54_DAC_LV2@X1 nEN=H, U52=LV2-pin1 FMC_A0A1A2=011"
2121,6,J2_JB14,48,0x06A,001101010,106,2,1,2,1,6,11,3,"PIX4051=U37_4051L6@X1, PIX4052=U68_4052Mux11@S2B, DG4051=U54_DAC_LV2@X2 nEN=H, U52=LV2-pin1 FMC_A0A1A2=011"
2122,6,J2_JB14,49,0x0A9,010101001,169,1,1,2,2,6,11,3,"PIX4051=U13_4051R6@X2, PIX4052=U68_4052Mux11@S2A, DG4051=U54_DAC_LV2@X1 nEN=H, U52=LV2-pin1 FMC_A0A1A2=011"
2123,6,J2_JB14,50,0x0AA,010101010,170,2,1,2,2,6,11,3,"PIX4051=U37_4051L6@X2, PIX4052=U68_4052Mux11@S2B, DG4051=U54_DAC_LV2@X2 nEN=H, U52=LV2-pin1 FMC_A0A1A2=011"
2124,6,J2_JB14,51,0x029,000101001,41,1,1,2,0,6,11,3,"PIX4051=U13_4051R6@X0, PIX4052=U68_4052Mux11@S2A, DG4051=U54_DAC_LV2@X1 nEN=H, U52=LV2-pin1 FMC_A0A1A2=011"
2125,6,J2_JB14,52,0x02A,000101010,42,2,1,2,0,6,11,3,"PIX4051=U37_4051L6@X0, PIX4052=U68_4052Mux11@S2B, DG4051=U54_DAC_LV2@X2 nEN=H, U52=LV2-pin1 FMC_A0A1A2=011"
2126,6,J2_JB14,53,0x0E9,011101001,233,1,1,2,3,6,11,3,"PIX4051=U13_4051R6@X3, PIX4052=U68_4052Mux11@S2A, DG4051=U54_DAC_LV2@X1 nEN=H, U52=LV2-pin1 FMC_A0A1A2=011"
2127,6,J2_JB14,54,0x0EA,011101010,234,2,1,2,3,6,11,3,"PIX4051=U37_4051L6@X3, PIX4052=U68_4052Mux11@S2B, DG4051=U54_DAC_LV2@X2 nEN=H, U52=LV2-pin1 FMC_A0A1A2=011"
2128,6,J2_JB14,55,0x179,101111001,377,1,1,3,5,6,11,3,"PIX4051=U14_4051R6@X5, PIX4052=U68_4052Mux11@S3A, DG4051=U54_DAC_LV2@X1 nEN=H, U52=LV2-pin1 FMC_A0A1A2=011"
2129,6,J2_JB14,56,0x17A,101111010,378,2,1,3,5,6,11,3,"PIX4051=U38_4051L6@X5, PIX4052=U68_4052Mux11@S3B, DG4051=U54_DAC_LV2@X2 nEN=H, U52=LV2-pin1 FMC_A0A1A2=011"
2130,6,J2_JB14,57,0x1F9,111111001,505,1,1,3,7,6,11,3,"PIX4051=U14_4051R6@X7, PIX4052=U68_4052Mux11@S3A, DG4051=U54_DAC_LV2@X1 nEN=H, U52=LV2-pin1 FMC_A0A1A2=011"
2131,6,J2_JB14,58,0x1FA,111111010,506,2,1,3,7,6,11,3,"PIX4051=U38_4051L6@X7, PIX4052=U68_4052Mux11@S3B, DG4051=U54_DAC_LV2@X2 nEN=H, U52=LV2-pin1 FMC_A0A1A2=011"
2132,6,J2_JB14,59,0x139,100111001,313,1,1,3,4,6,11,3,"PIX4051=U14_4051R6@X4, PIX4052=U68_4052Mux11@S3A, DG4051=U54_DAC_LV2@X1 nEN=H, U52=LV2-pin1 FMC_A0A1A2=011"
2133,6,J2_JB14,60,0x13A,100111010,314,2,1,3,4,6,11,3,"PIX4051=U38_4051L6@X4, PIX4052=U68_4052Mux11@S3B, DG4051=U54_DAC_LV2@X2 nEN=H, U52=LV2-pin1 FMC_A0A1A2=011"
2134,6,J2_JB14,61,0x1B9,110111001,441,1,1,3,6,6,11,3,"PIX4051=U14_4051R6@X6, PIX4052=U68_4052Mux11@S3A, DG4051=U54_DAC_LV2@X1 nEN=H, U52=LV2-pin1 FMC_A0A1A2=011"
2135,6,J2_JB14,62,0x1BA,110111010,442,2,1,3,6,6,11,3,"PIX4051=U38_4051L6@X6, PIX4052=U68_4052Mux11@S3B, DG4051=U54_DAC_LV2@X2 nEN=H, U52=LV2-pin1 FMC_A0A1A2=011"
2136,6,J2_JB14,63,0x079,001111001,121,1,1,3,1,6,11,3,"PIX4051=U14_4051R6@X1, PIX4052=U68_4052Mux11@S3A, DG4051=U54_DAC_LV2@X1 nEN=H, U52=LV2-pin1 FMC_A0A1A2=011"
2137,6,J2_JB14,64,0x07A,001111010,122,2,1,3,1,6,11,3,"PIX4051=U38_4051L6@X1, PIX4052=U68_4052Mux11@S3B, DG4051=U54_DAC_LV2@X2 nEN=H, U52=LV2-pin1 FMC_A0A1A2=011"
2138,6,J2_JB14,65,0x0B9,010111001,185,1,1,3,2,6,11,3,"PIX4051=U14_4051R6@X2, PIX4052=U68_4052Mux11@S3A, DG4051=U54_DAC_LV2@X1 nEN=H, U52=LV2-pin1 FMC_A0A1A2=011"
2139,6,J2_JB14,66,0x0BA,010111010,186,2,1,3,2,6,11,3,"PIX4051=U38_4051L6@X2, PIX4052=U68_4052Mux11@S3B, DG4051=U54_DAC_LV2@X2 nEN=H, U52=LV2-pin1 FMC_A0A1A2=011"
2140,6,J2_JB14,67,0x039,000111001,57,1,1,3,0,6,11,3,"PIX4051=U14_4051R6@X0, PIX4052=U68_4052Mux11@S3A, DG4051=U54_DAC_LV2@X1 nEN=H, U52=LV2-pin1 FMC_A0A1A2=011"
2141,6,J2_JB14,68,0x03A,000111010,58,2,1,3,0,6,11,3,"PIX4051=U38_4051L6@X0, PIX4052=U68_4052Mux11@S3B, DG4051=U54_DAC_LV2@X2 nEN=H, U52=LV2-pin1 FMC_A0A1A2=011"
2142,6,J2_JB14,69,0x0F9,011111001,249,1,1,3,3,6,11,3,"PIX4051=U14_4051R6@X3, PIX4052=U68_4052Mux11@S3A, DG4051=U54_DAC_LV2@X1 nEN=H, U52=LV2-pin1 FMC_A0A1A2=011"
2143,6,J2_JB14,70,0x0FA,011111010,250,2,1,3,3,6,11,3,"PIX4051=U38_4051L6@X3, PIX4052=U68_4052Mux11@S3B, DG4051=U54_DAC_LV2@X2 nEN=H, U52=LV2-pin1 FMC_A0A1A2=011"
2144,6,J2_JB14,71,0x178,101111000,376,0,1,3,5,6,11,3,"PIX4051=U15_4051R6@X5, PIX4052=U67_4052Mux11@S3B, DG4051=U54_DAC_LV2@X0 nEN=H, U52=LV2-pin1 FMC_A0A1A2=011"
2145,6,J2_JB14,72,0x17A,101111010,378,2,1,3,5,7,111,5,"PIX4051=U39_4051L6@X5, PIX4052=U65_4052Mux10@S3A, DG4051=U54_DAC_LV3@X2 nEN=H, U52=LV3-pin1 FMC_A0A1A2=111"
2146,6,J2_JB14,73,0x1F8,111111000,504,0,1,3,7,6,11,3,"PIX4051=U15_4051R6@X7, PIX4052=U67_4052Mux11@S3B, DG4051=U54_DAC_LV2@X0 nEN=H, U52=LV2-pin1 FMC_A0A1A2=011"
2147,6,J2_JB14,74,0x1FA,111111010,506,2,1,3,7,7,111,5,"PIX4051=U39_4051L6@X7, PIX4052=U65_4052Mux10@S3A, DG4051=U54_DAC_LV3@X2 nEN=H, U52=LV3-pin1 FMC_A0A1A2=111"
2148,6,J2_JB14,75,0x138,100111000,312,0,1,3,4,6,11,3,"PIX4051=U15_4051R6@X4, PIX4052=U67_4052Mux11@S3B, DG4051=U54_DAC_LV2@X0 nEN=H, U52=LV2-pin1 FMC_A0A1A2=011"
2149,6,J2_JB14,76,0x13A,100111010,314,2,1,3,4,7,111,5,"PIX4051=U39_4051L6@X4, PIX4052=U65_4052Mux10@S3A, DG4051=U54_DAC_LV3@X2 nEN=H, U52=LV3-pin1 FMC_A0A1A2=111"
2150,6,J2_JB22,1,0x1B8,110111000,440,0,1,3,6,6,11,3,"PIX4051=U15_4051R6@X6, PIX4052=U67_4052Mux11@S3B, DG4051=U54_DAC_LV2@X0 nEN=H, U52=LV2-pin1 FMC_A0A1A2=011"
2151,6,J2_JB22,2,0x1BA,110111010,442,2,1,3,6,7,111,5,"PIX4051=U39_4051L6@X6, PIX4052=U65_4052Mux10@S3A, DG4051=U54_DAC_LV3@X2 nEN=H, U52=LV3-pin1 FMC_A0A1A2=111"
2152,6,J2_JB22,3,0x078,001111000,120,0,1,3,1,6,11,3,"PIX4051=U15_4051R6@X1, PIX4052=U67_4052Mux11@S3B, DG4051=U54_DAC_LV2@X0 nEN=H, U52=LV2-pin1 FMC_A0A1A2=011"
2153,6,J2_JB22,4,0x07A,001111010,122,2,1,3,1,7,111,5,"PIX4051=U39_4051L6@X1, PIX4052=U65_4052Mux10@S3A, DG4051=U54_DAC_LV3@X2 nEN=H, U52=LV3-pin1 FMC_A0A1A2=111"
2154,6,J2_JB22,5,0x0B8,010111000,184,0,1,3,2,6,11,3,"PIX4051=U15_4051R6@X2, PIX4052=U67_4052Mux11@S3B, DG4051=U54_DAC_LV2@X0 nEN=H, U52=LV2-pin1 FMC_A0A1A2=011"
2155,6,J2_JB22,6,0x0BA,010111010,186,2,1,3,2,7,111,5,"PIX4051=U39_4051L6@X2, PIX4052=U65_4052Mux10@S3A, DG4051=U54_DAC_LV3@X2 nEN=H, U52=LV3-pin1 FMC_A0A1A2=111"
2156,6,J2_JB22,7,0x038,000111000,56,0,1,3,0,6,11,3,"PIX4051=U15_4051R6@X0, PIX4052=U67_4052Mux11@S3B, DG4051=U54_DAC_LV2@X0 nEN=H, U52=LV2-pin1 FMC_A0A1A2=011"
2157,6,J2_JB22,8,0x03A,000111010,58,2,1,3,0,7,111,5,"PIX4051=U39_4051L6@X0, PIX4052=U65_4052Mux10@S3A, DG4051=U54_DAC_LV3@X2 nEN=H, U52=LV3-pin1 FMC_A0A1A2=111"
2158,6,J2_JB22,9,0x0F8,011111000,248,0,1,3,3,6,11,3,"PIX4051=U15_4051R6@X3, PIX4052=U67_4052Mux11@S3B, DG4051=U54_DAC_LV2@X0 nEN=H, U52=LV2-pin1 FMC_A0A1A2=011"
2159,6,J2_JB22,10,0x0FA,011111010,250,2,1,3,3,7,111,5,"PIX4051=U39_4051L6@X3, PIX4052=U65_4052Mux10@S3A, DG4051=U54_DAC_LV3@X2 nEN=H, U52=LV3-pin1 FMC_A0A1A2=111"
2160,6,J2_JB22,11,0x168,101101000,360,0,1,2,5,6,11,3,"PIX4051=U16_4051R6@X5, PIX4052=U67_4052Mux11@S2B, DG4051=U54_DAC_LV2@X0 nEN=H, U52=LV2-pin1 FMC_A0A1A2=011"
2161,6,J2_JB22,12,0x16A,101101010,362,2,1,2,5,7,111,5,"PIX4051=U40_4051L6@X5, PIX4052=U65_4052Mux10@S2A, DG4051=U54_DAC_LV3@X2 nEN=H, U52=LV3-pin1 FMC_A0A1A2=111"
2162,6,J2_JB22,13,0x1E8,111101000,488,0,1,2,7,6,11,3,"PIX4051=U16_4051R6@X7, PIX4052=U67_4052Mux11@S2B, DG4051=U54_DAC_LV2@X0 nEN=H, U52=LV2-pin1 FMC_A0A1A2=011"
2163,6,J2_JB22,14,0x1EA,111101010,490,2,1,2,7,7,111,5,"PIX4051=U40_4051L6@X7, PIX4052=U65_4052Mux10@S2A, DG4051=U54_DAC_LV3@X2 nEN=H, U52=LV3-pin1 FMC_A0A1A2=111"
2164,6,J2_JB22,15,0x128,100101000,296,0,1,2,4,6,11,3,"PIX4051=U16_4051R6@X4, PIX4052=U67_4052Mux11@S2B, DG4051=U54_DAC_LV2@X0 nEN=H, U52=LV2-pin1 FMC_A0A1A2=011"
2165,6,J2_JB22,16,0x12A,100101010,298,2,1,2,4,7,111,5,"PIX4051=U40_4051L6@X4, PIX4052=U65_4052Mux10@S2A, DG4051=U54_DAC_LV3@X2 nEN=H, U52=LV3-pin1 FMC_A0A1A2=111"
2166,6,J2_JB22,17,0x1A8,110101000,424,0,1,2,6,6,11,3,"PIX4051=U16_4051R6@X6, PIX4052=U67_4052Mux11@S2B, DG4051=U54_DAC_LV2@X0 nEN=H, U52=LV2-pin1 FMC_A0A1A2=011"
2167,6,J2_JB22,18,0x1AA,110101010,426,2,1,2,6,7,111,5,"PIX4051=U40_4051L6@X6, PIX4052=U65_4052Mux10@S2A, DG4051=U54_DAC_LV3@X2 nEN=H, U52=LV3-pin1 FMC_A0A1A2=111"
2168,6,J2_JB22,19,0x068,001101000,104,0,1,2,1,6,11,3,"PIX4051=U16_4051R6@X1, PIX4052=U67_4052Mux11@S2B, DG4051=U54_DAC_LV2@X0 nEN=H, U52=LV2-pin1 FMC_A0A1A2=011"
2169,6,J2_JB22,20,0x06A,001101010,106,2,1,2,1,7,111,5,"PIX4051=U40_4051L6@X1, PIX4052=U65_4052Mux10@S2A, DG4051=U54_DAC_LV3@X2 nEN=H, U52=LV3-pin1 FMC_A0A1A2=111"
2170,6,J2_JB22,21,0x0A8,010101000,168,0,1,2,2,6,11,3,"PIX4051=U16_4051R6@X2, PIX4052=U67_4052Mux11@S2B, DG4051=U54_DAC_LV2@X0 nEN=H, U52=LV2-pin1 FMC_A0A1A2=011"
2171,6,J2_JB22,22,0x0AA,010101010,170,2,1,2,2,7,111,5,"PIX4051=U40_4051L6@X2, PIX4052=U65_4052Mux10@S2A, DG4051=U54_DAC_LV3@X2 nEN=H, U52=LV3-pin1 FMC_A0A1A2=111"
2172,6,J2_JB22,23,0x028,000101000,40,0,1,2,0,6,11,3,"PIX4051=U16_4051R6@X0, PIX4052=U67_4052Mux11@S2B, DG4051=U54_DAC_LV2@X0 nEN=H, U52=LV2-pin1 FMC_A0A1A2=011"
2173,6,J2_JB22,24,0x02A,000101010,42,2,1,2,0,7,111,5,"PIX4051=U40_4051L6@X0, PIX4052=U65_4052Mux10@S2A, DG4051=U54_DAC_LV3@X2 nEN=H, U52=LV3-pin1 FMC_A0A1A2=111"
2174,6,J2_JB22,25,0x0E8,011101000,232,0,1,2,3,6,11,3,"PIX4051=U16_4051R6@X3, PIX4052=U67_4052Mux11@S2B, DG4051=U54_DAC_LV2@X0 nEN=H, U52=LV2-pin1 FMC_A0A1A2=011"
2175,6,J2_JB22,26,0x0EA,011101010,234,2,1,2,3,7,111,5,"PIX4051=U40_4051L6@X3, PIX4052=U65_4052Mux10@S2A, DG4051=U54_DAC_LV3@X2 nEN=H, U52=LV3-pin1 FMC_A0A1A2=111"
2176,6,J2_JB22,27,0x16B,101101011,363,3,1,2,5,6,11,3,"PIX4051=U17_4051R6@X5, PIX4052=U67_4052Mux11@S2A, DG4051=U54_DAC_LV2@X3 nEN=H, U52=LV2-pin1 FMC_A0A1A2=011"
2177,6,J2_JB22,28,0x169,101101001,361,1,1,2,5,7,111,5,"PIX4051=U41_4051L6@X5, PIX4052=U65_4052Mux10@S2B, DG4051=U54_DAC_LV3@X1 nEN=H, U52=LV3-pin1 FMC_A0A1A2=111"
2178,6,J2_JB22,29,0x1EB,111101011,491,3,1,2,7,6,11,3,"PIX4051=U17_4051R6@X7, PIX4052=U67_4052Mux11@S2A, DG4051=U54_DAC_LV2@X3 nEN=H, U52=LV2-pin1 FMC_A0A1A2=011"
2179,6,J2_JB22,30,0x1E9,111101001,489,1,1,2,7,7,111,5,"PIX4051=U41_4051L6@X7, PIX4052=U65_4052Mux10@S2B, DG4051=U54_DAC_LV3@X1 nEN=H, U52=LV3-pin1 FMC_A0A1A2=111"
2180,6,J2_JB22,31,0x12B,100101011,299,3,1,2,4,6,11,3,"PIX4051=U17_4051R6@X4, PIX4052=U67_4052Mux11@S2A, DG4051=U54_DAC_LV2@X3 nEN=H, U52=LV2-pin1 FMC_A0A1A2=011"
2181,6,J2_JB22,32,0x129,100101001,297,1,1,2,4,7,111,5,"PIX4051=U41_4051L6@X4, PIX4052=U65_4052Mux10@S2B, DG4051=U54_DAC_LV3@X1 nEN=H, U52=LV3-pin1 FMC_A0A1A2=111"
2182,6,J2_JB22,33,0x1AB,110101011,427,3,1,2,6,6,11,3,"PIX4051=U17_4051R6@X6, PIX4052=U67_4052Mux11@S2A, DG4051=U54_DAC_LV2@X3 nEN=H, U52=LV2-pin1 FMC_A0A1A2=011"
2183,6,J2_JB22,34,0x1A9,110101001,425,1,1,2,6,7,111,5,"PIX4051=U41_4051L6@X6, PIX4052=U65_4052Mux10@S2B, DG4051=U54_DAC_LV3@X1 nEN=H, U52=LV3-pin1 FMC_A0A1A2=111"
2184,6,J2_JB22,35,0x06B,001101011,107,3,1,2,1,6,11,3,"PIX4051=U17_4051R6@X1, PIX4052=U67_4052Mux11@S2A, DG4051=U54_DAC_LV2@X3 nEN=H, U52=LV2-pin1 FMC_A0A1A2=011"
2185,6,J2_JB22,36,0x069,001101001,105,1,1,2,1,7,111,5,"PIX4051=U41_4051L6@X1, PIX4052=U65_4052Mux10@S2B, DG4051=U54_DAC_LV3@X1 nEN=H, U52=LV3-pin1 FMC_A0A1A2=111"
2186,6,J2_JB22,37,0x0AB,010101011,171,3,1,2,2,6,11,3,"PIX4051=U17_4051R6@X2, PIX4052=U67_4052Mux11@S2A, DG4051=U54_DAC_LV2@X3 nEN=H, U52=LV2-pin1 FMC_A0A1A2=011"
2187,6,J2_JB22,38,0x0A9,010101001,169,1,1,2,2,7,111,5,"PIX4051=U41_4051L6@X2, PIX4052=U65_4052Mux10@S2B, DG4051=U54_DAC_LV3@X1 nEN=H, U52=LV3-pin1 FMC_A0A1A2=111"
2188,6,J2_JB22,39,0x02B,000101011,43,3,1,2,0,6,11,3,"PIX4051=U17_4051R6@X0, PIX4052=U67_4052Mux11@S2A, DG4051=U54_DAC_LV2@X3 nEN=H, U52=LV2-pin1 FMC_A0A1A2=011"
2189,6,J2_JB22,40,0x029,000101001,41,1,1,2,0,7,111,5,"PIX4051=U41_4051L6@X0, PIX4052=U65_4052Mux10@S2B, DG4051=U54_DAC_LV3@X1 nEN=H, U52=LV3-pin1 FMC_A0A1A2=111"
2190,6,J2_JB22,41,0x0EB,011101011,235,3,1,2,3,6,11,3,"PIX4051=U17_4051R6@X3, PIX4052=U67_4052Mux11@S2A, DG4051=U54_DAC_LV2@X3 nEN=H, U52=LV2-pin1 FMC_A0A1A2=011"
2191,6,J2_JB22,42,0x0E9,011101001,233,1,1,2,3,7,111,5,"PIX4051=U41_4051L6@X3, PIX4052=U65_4052Mux10@S2B, DG4051=U54_DAC_LV3@X1 nEN=H, U52=LV3-pin1 FMC_A0A1A2=111"
2192,6,J2_JB22,43,0x17B,101111011,379,3,1,3,5,6,11,3,"PIX4051=U18_4051R6@X5, PIX4052=U67_4052Mux11@S3A, DG4051=U54_DAC_LV2@X3 nEN=H, U52=LV2-pin1 FMC_A0A1A2=011"
2193,6,J2_JB22,44,0x179,101111001,377,1,1,3,5,7,111,5,"PIX4051=U42_4051L6@X5, PIX4052=U65_4052Mux10@S3B, DG4051=U54_DAC_LV3@X1 nEN=H, U52=LV3-pin1 FMC_A0A1A2=111"
2194,6,J2_JB22,45,0x1FB,111111011,507,3,1,3,7,6,11,3,"PIX4051=U18_4051R6@X7, PIX4052=U67_4052Mux11@S3A, DG4051=U54_DAC_LV2@X3 nEN=H, U52=LV2-pin1 FMC_A0A1A2=011"
2195,6,J2_JB22,46,0x1F9,111111001,505,1,1,3,7,7,111,5,"PIX4051=U42_4051L6@X7, PIX4052=U65_4052Mux10@S3B, DG4051=U54_DAC_LV3@X1 nEN=H, U52=LV3-pin1 FMC_A0A1A2=111"
2196,6,J2_JB22,47,0x13B,100111011,315,3,1,3,4,6,11,3,"PIX4051=U18_4051R6@X4, PIX4052=U67_4052Mux11@S3A, DG4051=U54_DAC_LV2@X3 nEN=H, U52=LV2-pin1 FMC_A0A1A2=011"
2197,6,J2_JB22,48,0x139,100111001,313,1,1,3,4,7,111,5,"PIX4051=U42_4051L6@X4, PIX4052=U65_4052Mux10@S3B, DG4051=U54_DAC_LV3@X1 nEN=H, U52=LV3-pin1 FMC_A0A1A2=111"
2198,6,J2_JB22,49,0x1BB,110111011,443,3,1,3,6,6,11,3,"PIX4051=U18_4051R6@X6, PIX4052=U67_4052Mux11@S3A, DG4051=U54_DAC_LV2@X3 nEN=H, U52=LV2-pin1 FMC_A0A1A2=011"
2199,6,J2_JB22,50,0x1B9,110111001,441,1,1,3,6,7,111,5,"PIX4051=U42_4051L6@X6, PIX4052=U65_4052Mux10@S3B, DG4051=U54_DAC_LV3@X1 nEN=H, U52=LV3-pin1 FMC_A0A1A2=111"
2200,6,J2_JB22,51,0x07B,001111011,123,3,1,3,1,6,11,3,"PIX4051=U18_4051R6@X1, PIX4052=U67_4052Mux11@S3A, DG4051=U54_DAC_LV2@X3 nEN=H, U52=LV2-pin1 FMC_A0A1A2=011"
2201,6,J2_JB22,52,0x079,001111001,121,1,1,3,1,7,111,5,"PIX4051=U42_4051L6@X1, PIX4052=U65_4052Mux10@S3B, DG4051=U54_DAC_LV3@X1 nEN=H, U52=LV3-pin1 FMC_A0A1A2=111"
2202,6,J2_JB22,53,0x0BB,010111011,187,3,1,3,2,6,11,3,"PIX4051=U18_4051R6@X2, PIX4052=U67_4052Mux11@S3A, DG4051=U54_DAC_LV2@X3 nEN=H, U52=LV2-pin1 FMC_A0A1A2=011"
2203,6,J2_JB22,54,0x0B9,010111001,185,1,1,3,2,7,111,5,"PIX4051=U42_4051L6@X2, PIX4052=U65_4052Mux10@S3B, DG4051=U54_DAC_LV3@X1 nEN=H, U52=LV3-pin1 FMC_A0A1A2=111"
2204,6,J2_JB22,55,0x03B,000111011,59,3,1,3,0,6,11,3,"PIX4051=U18_4051R6@X0, PIX4052=U67_4052Mux11@S3A, DG4051=U54_DAC_LV2@X3 nEN=H, U52=LV2-pin1 FMC_A0A1A2=011"
2205,6,J2_JB22,56,0x039,000111001,57,1,1,3,0,7,111,5,"PIX4051=U42_4051L6@X0, PIX4052=U65_4052Mux10@S3B, DG4051=U54_DAC_LV3@X1 nEN=H, U52=LV3-pin1 FMC_A0A1A2=111"
2206,6,J2_JB22,57,0x0FB,011111011,251,3,1,3,3,6,11,3,"PIX4051=U18_4051R6@X3, PIX4052=U67_4052Mux11@S3A, DG4051=U54_DAC_LV2@X3 nEN=H, U52=LV2-pin1 FMC_A0A1A2=011"
2207,6,J2_JB22,58,0x0F9,011111001,249,1,1,3,3,7,111,5,"PIX4051=U42_4051L6@X3, PIX4052=U65_4052Mux10@S3B, DG4051=U54_DAC_LV3@X1 nEN=H, U52=LV3-pin1 FMC_A0A1A2=111"
2208,6,J2_JB22,59,0x159,101011001,345,1,1,1,5,6,11,3,"PIX4051=U19_4051R6@X5, PIX4052=U68_4052Mux11@S1A, DG4051=U54_DAC_LV2@X1 nEN=H, U52=LV2-pin1 FMC_A0A1A2=011"
2209,6,J2_JB22,60,0x14A,101001010,330,2,1,0,5,6,11,3,"PIX4051=U43_4051L6@X5, PIX4052=U68_4052Mux11@S0B, DG4051=U54_DAC_LV2@X2 nEN=H, U52=LV2-pin1 FMC_A0A1A2=011"
2210,6,J2_JB22,61,0x1D9,111011001,473,1,1,1,7,6,11,3,"PIX4051=U19_4051R6@X7, PIX4052=U68_4052Mux11@S1A, DG4051=U54_DAC_LV2@X1 nEN=H, U52=LV2-pin1 FMC_A0A1A2=011"
2211,6,J2_JB22,62,0x1CA,111001010,458,2,1,0,7,6,11,3,"PIX4051=U43_4051L6@X7, PIX4052=U68_4052Mux11@S0B, DG4051=U54_DAC_LV2@X2 nEN=H, U52=LV2-pin1 FMC_A0A1A2=011"
2212,6,J2_JB22,63,0x119,100011001,281,1,1,1,4,6,11,3,"PIX4051=U19_4051R6@X4, PIX4052=U68_4052Mux11@S1A, DG4051=U54_DAC_LV2@X1 nEN=H, U52=LV2-pin1 FMC_A0A1A2=011"
2213,6,J2_JB22,64,0x10A,100001010,266,2,1,0,4,6,11,3,"PIX4051=U43_4051L6@X4, PIX4052=U68_4052Mux11@S0B, DG4051=U54_DAC_LV2@X2 nEN=H, U52=LV2-pin1 FMC_A0A1A2=011"
2214,6,J2_JB22,65,0x199,110011001,409,1,1,1,6,6,11,3,"PIX4051=U19_4051R6@X6, PIX4052=U68_4052Mux11@S1A, DG4051=U54_DAC_LV2@X1 nEN=H, U52=LV2-pin1 FMC_A0A1A2=011"
2215,6,J2_JB22,66,0x18A,110001010,394,2,1,0,6,6,11,3,"PIX4051=U43_4051L6@X6, PIX4052=U68_4052Mux11@S0B, DG4051=U54_DAC_LV2@X2 nEN=H, U52=LV2-pin1 FMC_A0A1A2=011"
2216,6,J2_JB22,67,0x059,001011001,89,1,1,1,1,6,11,3,"PIX4051=U19_4051R6@X1, PIX4052=U68_4052Mux11@S1A, DG4051=U54_DAC_LV2@X1 nEN=H, U52=LV2-pin1 FMC_A0A1A2=011"
2217,6,J2_JB22,68,0x04A,001001010,74,2,1,0,1,6,11,3,"PIX4051=U43_4051L6@X1, PIX4052=U68_4052Mux11@S0B, DG4051=U54_DAC_LV2@X2 nEN=H, U52=LV2-pin1 FMC_A0A1A2=011"
2218,6,J2_JB22,69,0x099,010011001,153,1,1,1,2,6,11,3,"PIX4051=U19_4051R6@X2, PIX4052=U68_4052Mux11@S1A, DG4051=U54_DAC_LV2@X1 nEN=H, U52=LV2-pin1 FMC_A0A1A2=011"
2219,6,J2_JB22,70,0x08A,010001010,138,2,1,0,2,6,11,3,"PIX4051=U43_4051L6@X2, PIX4052=U68_4052Mux11@S0B, DG4051=U54_DAC_LV2@X2 nEN=H, U52=LV2-pin1 FMC_A0A1A2=011"
2220,6,J2_JB22,71,0x019,000011001,25,1,1,1,0,6,11,3,"PIX4051=U19_4051R6@X0, PIX4052=U68_4052Mux11@S1A, DG4051=U54_DAC_LV2@X1 nEN=H, U52=LV2-pin1 FMC_A0A1A2=011"
2221,6,J2_JB22,72,0x00A,000001010,10,2,1,0,0,6,11,3,"PIX4051=U43_4051L6@X0, PIX4052=U68_4052Mux11@S0B, DG4051=U54_DAC_LV2@X2 nEN=H, U52=LV2-pin1 FMC_A0A1A2=011"
2222,6,J2_JB22,73,0x0D9,011011001,217,1,1,1,3,6,11,3,"PIX4051=U19_4051R6@X3, PIX4052=U68_4052Mux11@S1A, DG4051=U54_DAC_LV2@X1 nEN=H, U52=LV2-pin1 FMC_A0A1A2=011"
2223,6,J2_JB22,74,0x0CA,011001010,202,2,1,0,3,6,11,3,"PIX4051=U43_4051L6@X3, PIX4052=U68_4052Mux11@S0B, DG4051=U54_DAC_LV2@X2 nEN=H, U52=LV2-pin1 FMC_A0A1A2=011"
2224,6,J2_JB22,75,0x149,101001001,329,1,1,0,5,6,11,3,"PIX4051=U20_4051R6@X5, PIX4052=U68_4052Mux11@S0A, DG4051=U54_DAC_LV2@X1 nEN=H, U52=LV2-pin1 FMC_A0A1A2=011"
2225,6,J2_JB22,76,0x15A,101011010,346,2,1,1,5,6,11,3,"PIX4051=U44_4051L6@X5, PIX4052=U68_4052Mux11@S1B, DG4051=U54_DAC_LV2@X2 nEN=H, U52=LV2-pin1 FMC_A0A1A2=011"
2226,6,J1_JA14,3,0x0D9,011011001,217,1,1,1,3,7,111,5,"PIX4051=U48_4051L6@X3, PIX4052=U65_4052Mux10@S1B, DG4051=U54_DAC_LV3@X1 nEN=H, U52=LV3-pin1 FMC_A0A1A2=111"
2227,6,J1_JA14,4,0x0CB,011001011,203,3,1,0,3,6,11,3,"PIX4051=U24_4051R6@X3, PIX4052=U67_4052Mux11@S0A, DG4051=U54_DAC_LV2@X3 nEN=H, U52=LV2-pin1 FMC_A0A1A2=011"
2228,6,J1_JA14,5,0x019,000011001,25,1,1,1,0,7,111,5,"PIX4051=U48_4051L6@X0, PIX4052=U65_4052Mux10@S1B, DG4051=U54_DAC_LV3@X1 nEN=H, U52=LV3-pin1 FMC_A0A1A2=111"
2229,6,J1_JA14,6,0x00B,000001011,11,3,1,0,0,6,11,3,"PIX4051=U24_4051R6@X0, PIX4052=U67_4052Mux11@S0A, DG4051=U54_DAC_LV2@X3 nEN=H, U52=LV2-pin1 FMC_A0A1A2=011"
2230,6,J1_JA14,7,0x099,010011001,153,1,1,1,2,7,111,5,"PIX4051=U48_4051L6@X2, PIX4052=U65_4052Mux10@S1B, DG4051=U54_DAC_LV3@X1 nEN=H, U52=LV3-pin1 FMC_A0A1A2=111"
2231,6,J1_JA14,8,0x08B,010001011,139,3,1,0,2,6,11,3,"PIX4051=U24_4051R6@X2, PIX4052=U67_4052Mux11@S0A, DG4051=U54_DAC_LV2@X3 nEN=H, U52=LV2-pin1 FMC_A0A1A2=011"
2232,6,J1_JA14,9,0x059,001011001,89,1,1,1,1,7,111,5,"PIX4051=U48_4051L6@X1, PIX4052=U65_4052Mux10@S1B, DG4051=U54_DAC_LV3@X1 nEN=H, U52=LV3-pin1 FMC_A0A1A2=111"
2233,6,J1_JA14,10,0x04B,001001011,75,3,1,0,1,6,11,3,"PIX4051=U24_4051R6@X1, PIX4052=U67_4052Mux11@S0A, DG4051=U54_DAC_LV2@X3 nEN=H, U52=LV2-pin1 FMC_A0A1A2=011"
2234,6,J1_JA14,11,0x199,110011001,409,1,1,1,6,7,111,5,"PIX4051=U48_4051L6@X6, PIX4052=U65_4052Mux10@S1B, DG4051=U54_DAC_LV3@X1 nEN=H, U52=LV3-pin1 FMC_A0A1A2=111"
2235,6,J1_JA14,12,0x18B,110001011,395,3,1,0,6,6,11,3,"PIX4051=U24_4051R6@X6, PIX4052=U67_4052Mux11@S0A, DG4051=U54_DAC_LV2@X3 nEN=H, U52=LV2-pin1 FMC_A0A1A2=011"
2236,6,J1_JA14,13,0x119,100011001,281,1,1,1,4,7,111,5,"PIX4051=U48_4051L6@X4, PIX4052=U65_4052Mux10@S1B, DG4051=U54_DAC_LV3@X1 nEN=H, U52=LV3-pin1 FMC_A0A1A2=111"
2237,6,J1_JA14,14,0x10B,100001011,267,3,1,0,4,6,11,3,"PIX4051=U24_4051R6@X4, PIX4052=U67_4052Mux11@S0A, DG4051=U54_DAC_LV2@X3 nEN=H, U52=LV2-pin1 FMC_A0A1A2=011"
2238,6,J1_JA14,15,0x1D9,111011001,473,1,1,1,7,7,111,5,"PIX4051=U48_4051L6@X7, PIX4052=U65_4052Mux10@S1B, DG4051=U54_DAC_LV3@X1 nEN=H, U52=LV3-pin1 FMC_A0A1A2=111"
2239,6,J1_JA14,16,0x1CB,111001011,459,3,1,0,7,6,11,3,"PIX4051=U24_4051R6@X7, PIX4052=U67_4052Mux11@S0A, DG4051=U54_DAC_LV2@X3 nEN=H, U52=LV2-pin1 FMC_A0A1A2=011"
2240,6,J1_JA14,17,0x159,101011001,345,1,1,1,5,7,111,5,"PIX4051=U48_4051L6@X5, PIX4052=U65_4052Mux10@S1B, DG4051=U54_DAC_LV3@X1 nEN=H, U52=LV3-pin1 FMC_A0A1A2=111"
2241,6,J1_JA14,18,0x14B,101001011,331,3,1,0,5,6,11,3,"PIX4051=U24_4051R6@X5, PIX4052=U67_4052Mux11@S0A, DG4051=U54_DAC_LV2@X3 nEN=H, U52=LV2-pin1 FMC_A0A1A2=011"
2242,6,J1_JA14,19,0x0C9,011001001,201,1,1,0,3,7,111,5,"PIX4051=U47_4051L6@X3, PIX4052=U65_4052Mux10@S0B, DG4051=U54_DAC_LV3@X1 nEN=H, U52=LV3-pin1 FMC_A0A1A2=111"
2243,6,J1_JA14,20,0x0DB,011011011,219,3,1,1,3,6,11,3,"PIX4051=U23_4051R6@X3, PIX4052=U67_4052Mux11@S1A, DG4051=U54_DAC_LV2@X3 nEN=H, U52=LV2-pin1 FMC_A0A1A2=011"
2244,6,J1_JA14,21,0x009,000001001,9,1,1,0,0,7,111,5,"PIX4051=U47_4051L6@X0, PIX4052=U65_4052Mux10@S0B, DG4051=U54_DAC_LV3@X1 nEN=H, U52=LV3-pin1 FMC_A0A1A2=111"
2245,6,J1_JA14,22,0x01B,000011011,27,3,1,1,0,6,11,3,"PIX4051=U23_4051R6@X0, PIX4052=U67_4052Mux11@S1A, DG4051=U54_DAC_LV2@X3 nEN=H, U52=LV2-pin1 FMC_A0A1A2=011"
2246,6,J1_JA14,23,0x089,010001001,137,1,1,0,2,7,111,5,"PIX4051=U47_4051L6@X2, PIX4052=U65_4052Mux10@S0B, DG4051=U54_DAC_LV3@X1 nEN=H, U52=LV3-pin1 FMC_A0A1A2=111"
2247,6,J1_JA14,24,0x09B,010011011,155,3,1,1,2,6,11,3,"PIX4051=U23_4051R6@X2, PIX4052=U67_4052Mux11@S1A, DG4051=U54_DAC_LV2@X3 nEN=H, U52=LV2-pin1 FMC_A0A1A2=011"
2248,6,J1_JA14,25,0x049,001001001,73,1,1,0,1,7,111,5,"PIX4051=U47_4051L6@X1, PIX4052=U65_4052Mux10@S0B, DG4051=U54_DAC_LV3@X1 nEN=H, U52=LV3-pin1 FMC_A0A1A2=111"
2249,6,J1_JA14,26,0x05B,001011011,91,3,1,1,1,6,11,3,"PIX4051=U23_4051R6@X1, PIX4052=U67_4052Mux11@S1A, DG4051=U54_DAC_LV2@X3 nEN=H, U52=LV2-pin1 FMC_A0A1A2=011"
2250,6,J1_JA14,27,0x189,110001001,393,1,1,0,6,7,111,5,"PIX4051=U47_4051L6@X6, PIX4052=U65_4052Mux10@S0B, DG4051=U54_DAC_LV3@X1 nEN=H, U52=LV3-pin1 FMC_A0A1A2=111"
2251,6,J1_JA14,28,0x19B,110011011,411,3,1,1,6,6,11,3,"PIX4051=U23_4051R6@X6, PIX4052=U67_4052Mux11@S1A, DG4051=U54_DAC_LV2@X3 nEN=H, U52=LV2-pin1 FMC_A0A1A2=011"
2252,6,J1_JA14,29,0x109,100001001,265,1,1,0,4,7,111,5,"PIX4051=U47_4051L6@X4, PIX4052=U65_4052Mux10@S0B, DG4051=U54_DAC_LV3@X1 nEN=H, U52=LV3-pin1 FMC_A0A1A2=111"
2253,6,J1_JA14,30,0x11B,100011011,283,3,1,1,4,6,11,3,"PIX4051=U23_4051R6@X4, PIX4052=U67_4052Mux11@S1A, DG4051=U54_DAC_LV2@X3 nEN=H, U52=LV2-pin1 FMC_A0A1A2=011"
2254,6,J1_JA14,31,0x1C9,111001001,457,1,1,0,7,7,111,5,"PIX4051=U47_4051L6@X7, PIX4052=U65_4052Mux10@S0B, DG4051=U54_DAC_LV3@X1 nEN=H, U52=LV3-pin1 FMC_A0A1A2=111"
2255,6,J1_JA14,32,0x1DB,111011011,475,3,1,1,7,6,11,3,"PIX4051=U23_4051R6@X7, PIX4052=U67_4052Mux11@S1A, DG4051=U54_DAC_LV2@X3 nEN=H, U52=LV2-pin1 FMC_A0A1A2=011"
2256,6,J1_JA14,33,0x149,101001001,329,1,1,0,5,7,111,5,"PIX4051=U47_4051L6@X5, PIX4052=U65_4052Mux10@S0B, DG4051=U54_DAC_LV3@X1 nEN=H, U52=LV3-pin1 FMC_A0A1A2=111"
2257,6,J1_JA14,34,0x15B,101011011,347,3,1,1,5,6,11,3,"PIX4051=U23_4051R6@X5, PIX4052=U67_4052Mux11@S1A, DG4051=U54_DAC_LV2@X3 nEN=H, U52=LV2-pin1 FMC_A0A1A2=011"
2258,6,J1_JA14,35,0x0DA,011011010,218,2,1,1,3,7,111,5,"PIX4051=U46_4051L6@X3, PIX4052=U65_4052Mux10@S1A, DG4051=U54_DAC_LV3@X2 nEN=H, U52=LV3-pin1 FMC_A0A1A2=111"
2259,6,J1_JA14,36,0x0C8,011001000,200,0,1,0,3,6,11,3,"PIX4051=U22_4051R6@X3, PIX4052=U67_4052Mux11@S0B, DG4051=U54_DAC_LV2@X0 nEN=H, U52=LV2-pin1 FMC_A0A1A2=011"
2260,6,J1_JA14,37,0x01A,000011010,26,2,1,1,0,7,111,5,"PIX4051=U46_4051L6@X0, PIX4052=U65_4052Mux10@S1A, DG4051=U54_DAC_LV3@X2 nEN=H, U52=LV3-pin1 FMC_A0A1A2=111"
2261,6,J1_JA14,38,0x008,000001000,8,0,1,0,0,6,11,3,"PIX4051=U22_4051R6@X0, PIX4052=U67_4052Mux11@S0B, DG4051=U54_DAC_LV2@X0 nEN=H, U52=LV2-pin1 FMC_A0A1A2=011"
2262,6,J1_JA14,39,0x09A,010011010,154,2,1,1,2,7,111,5,"PIX4051=U46_4051L6@X2, PIX4052=U65_4052Mux10@S1A, DG4051=U54_DAC_LV3@X2 nEN=H, U52=LV3-pin1 FMC_A0A1A2=111"
2263,6,J1_JA14,40,0x088,010001000,136,0,1,0,2,6,11,3,"PIX4051=U22_4051R6@X2, PIX4052=U67_4052Mux11@S0B, DG4051=U54_DAC_LV2@X0 nEN=H, U52=LV2-pin1 FMC_A0A1A2=011"
2264,6,J1_JA14,41,0x05A,001011010,90,2,1,1,1,7,111,5,"PIX4051=U46_4051L6@X1, PIX4052=U65_4052Mux10@S1A, DG4051=U54_DAC_LV3@X2 nEN=H, U52=LV3-pin1 FMC_A0A1A2=111"
2265,6,J1_JA14,42,0x048,001001000,72,0,1,0,1,6,11,3,"PIX4051=U22_4051R6@X1, PIX4052=U67_4052Mux11@S0B, DG4051=U54_DAC_LV2@X0 nEN=H, U52=LV2-pin1 FMC_A0A1A2=011"
2266,6,J1_JA14,43,0x19A,110011010,410,2,1,1,6,7,111,5,"PIX4051=U46_4051L6@X6, PIX4052=U65_4052Mux10@S1A, DG4051=U54_DAC_LV3@X2 nEN=H, U52=LV3-pin1 FMC_A0A1A2=111"
2267,6,J1_JA14,44,0x188,110001000,392,0,1,0,6,6,11,3,"PIX4051=U22_4051R6@X6, PIX4052=U67_4052Mux11@S0B, DG4051=U54_DAC_LV2@X0 nEN=H, U52=LV2-pin1 FMC_A0A1A2=011"
2268,6,J1_JA14,45,0x11A,100011010,282,2,1,1,4,7,111,5,"PIX4051=U46_4051L6@X4, PIX4052=U65_4052Mux10@S1A, DG4051=U54_DAC_LV3@X2 nEN=H, U52=LV3-pin1 FMC_A0A1A2=111"
2269,6,J1_JA14,46,0x108,100001000,264,0,1,0,4,6,11,3,"PIX4051=U22_4051R6@X4, PIX4052=U67_4052Mux11@S0B, DG4051=U54_DAC_LV2@X0 nEN=H, U52=LV2-pin1 FMC_A0A1A2=011"
2270,6,J1_JA14,47,0x1DA,111011010,474,2,1,1,7,7,111,5,"PIX4051=U46_4051L6@X7, PIX4052=U65_4052Mux10@S1A, DG4051=U54_DAC_LV3@X2 nEN=H, U52=LV3-pin1 FMC_A0A1A2=111"
2271,6,J1_JA14,48,0x1C8,111001000,456,0,1,0,7,6,11,3,"PIX4051=U22_4051R6@X7, PIX4052=U67_4052Mux11@S0B, DG4051=U54_DAC_LV2@X0 nEN=H, U52=LV2-pin1 FMC_A0A1A2=011"
2272,6,J1_JA14,49,0x15A,101011010,346,2,1,1,5,7,111,5,"PIX4051=U46_4051L6@X5, PIX4052=U65_4052Mux10@S1A, DG4051=U54_DAC_LV3@X2 nEN=H, U52=LV3-pin1 FMC_A0A1A2=111"
2273,6,J1_JA14,50,0x148,101001000,328,0,1,0,5,6,11,3,"PIX4051=U22_4051R6@X5, PIX4052=U67_4052Mux11@S0B, DG4051=U54_DAC_LV2@X0 nEN=H, U52=LV2-pin1 FMC_A0A1A2=011"
2274,6,J1_JA14,51,0x0CA,011001010,202,2,1,0,3,7,111,5,"PIX4051=U45_4051L6@X3, PIX4052=U65_4052Mux10@S0A, DG4051=U54_DAC_LV3@X2 nEN=H, U52=LV3-pin1 FMC_A0A1A2=111"
2275,6,J1_JA14,52,0x0D8,011011000,216,0,1,1,3,6,11,3,"PIX4051=U21_4051R6@X3, PIX4052=U67_4052Mux11@S1B, DG4051=U54_DAC_LV2@X0 nEN=H, U52=LV2-pin1 FMC_A0A1A2=011"
2276,6,J1_JA14,53,0x00A,000001010,10,2,1,0,0,7,111,5,"PIX4051=U45_4051L6@X0, PIX4052=U65_4052Mux10@S0A, DG4051=U54_DAC_LV3@X2 nEN=H, U52=LV3-pin1 FMC_A0A1A2=111"
2277,6,J1_JA14,54,0x018,000011000,24,0,1,1,0,6,11,3,"PIX4051=U21_4051R6@X0, PIX4052=U67_4052Mux11@S1B, DG4051=U54_DAC_LV2@X0 nEN=H, U52=LV2-pin1 FMC_A0A1A2=011"
2278,6,J1_JA14,55,0x08A,010001010,138,2,1,0,2,7,111,5,"PIX4051=U45_4051L6@X2, PIX4052=U65_4052Mux10@S0A, DG4051=U54_DAC_LV3@X2 nEN=H, U52=LV3-pin1 FMC_A0A1A2=111"
2279,6,J1_JA14,56,0x098,010011000,152,0,1,1,2,6,11,3,"PIX4051=U21_4051R6@X2, PIX4052=U67_4052Mux11@S1B, DG4051=U54_DAC_LV2@X0 nEN=H, U52=LV2-pin1 FMC_A0A1A2=011"
2280,6,J1_JA14,57,0x04A,001001010,74,2,1,0,1,7,111,5,"PIX4051=U45_4051L6@X1, PIX4052=U65_4052Mux10@S0A, DG4051=U54_DAC_LV3@X2 nEN=H, U52=LV3-pin1 FMC_A0A1A2=111"
2281,6,J1_JA14,58,0x058,001011000,88,0,1,1,1,6,11,3,"PIX4051=U21_4051R6@X1, PIX4052=U67_4052Mux11@S1B, DG4051=U54_DAC_LV2@X0 nEN=H, U52=LV2-pin1 FMC_A0A1A2=011"
2282,6,J1_JA14,59,0x18A,110001010,394,2,1,0,6,7,111,5,"PIX4051=U45_4051L6@X6, PIX4052=U65_4052Mux10@S0A, DG4051=U54_DAC_LV3@X2 nEN=H, U52=LV3-pin1 FMC_A0A1A2=111"
2283,6,J1_JA14,60,0x198,110011000,408,0,1,1,6,6,11,3,"PIX4051=U21_4051R6@X6, PIX4052=U67_4052Mux11@S1B, DG4051=U54_DAC_LV2@X0 nEN=H, U52=LV2-pin1 FMC_A0A1A2=011"
2284,6,J1_JA14,61,0x10A,100001010,266,2,1,0,4,7,111,5,"PIX4051=U45_4051L6@X4, PIX4052=U65_4052Mux10@S0A, DG4051=U54_DAC_LV3@X2 nEN=H, U52=LV3-pin1 FMC_A0A1A2=111"
2285,6,J1_JA14,62,0x118,100011000,280,0,1,1,4,6,11,3,"PIX4051=U21_4051R6@X4, PIX4052=U67_4052Mux11@S1B, DG4051=U54_DAC_LV2@X0 nEN=H, U52=LV2-pin1 FMC_A0A1A2=011"
2286,6,J1_JA14,63,0x1CA,111001010,458,2,1,0,7,7,111,5,"PIX4051=U45_4051L6@X7, PIX4052=U65_4052Mux10@S0A, DG4051=U54_DAC_LV3@X2 nEN=H, U52=LV3-pin1 FMC_A0A1A2=111"
2287,6,J1_JA14,64,0x1D8,111011000,472,0,1,1,7,6,11,3,"PIX4051=U21_4051R6@X7, PIX4052=U67_4052Mux11@S1B, DG4051=U54_DAC_LV2@X0 nEN=H, U52=LV2-pin1 FMC_A0A1A2=011"
2288,6,J1_JA14,65,0x14A,101001010,330,2,1,0,5,7,111,5,"PIX4051=U45_4051L6@X5, PIX4052=U65_4052Mux10@S0A, DG4051=U54_DAC_LV3@X2 nEN=H, U52=LV3-pin1 FMC_A0A1A2=111"
2289,6,J1_JA14,66,0x158,101011000,344,0,1,1,5,6,11,3,"PIX4051=U21_4051R6@X5, PIX4052=U67_4052Mux11@S1B, DG4051=U54_DAC_LV2@X0 nEN=H, U52=LV2-pin1 FMC_A0A1A2=011"
2290,6,J1_JA14,67,0x0DA,011011010,218,2,1,1,3,6,11,3,"PIX4051=U44_4051L6@X3, PIX4052=U68_4052Mux11@S1B, DG4051=U54_DAC_LV2@X2 nEN=H, U52=LV2-pin1 FMC_A0A1A2=011"
2291,6,J1_JA14,68,0x0C9,011001001,201,1,1,0,3,6,11,3,"PIX4051=U20_4051R6@X3, PIX4052=U68_4052Mux11@S0A, DG4051=U54_DAC_LV2@X1 nEN=H, U52=LV2-pin1 FMC_A0A1A2=011"
2292,6,J1_JA14,69,0x01A,000011010,26,2,1,1,0,6,11,3,"PIX4051=U44_4051L6@X0, PIX4052=U68_4052Mux11@S1B, DG4051=U54_DAC_LV2@X2 nEN=H, U52=LV2-pin1 FMC_A0A1A2=011"
2293,6,J1_JA14,70,0x009,000001001,9,1,1,0,0,6,11,3,"PIX4051=U20_4051R6@X0, PIX4052=U68_4052Mux11@S0A, DG4051=U54_DAC_LV2@X1 nEN=H, U52=LV2-pin1 FMC_A0A1A2=011"
2294,6,J1_JA14,71,0x09A,010011010,154,2,1,1,2,6,11,3,"PIX4051=U44_4051L6@X2, PIX4052=U68_4052Mux11@S1B, DG4051=U54_DAC_LV2@X2 nEN=H, U52=LV2-pin1 FMC_A0A1A2=011"
2295,6,J1_JA14,72,0x089,010001001,137,1,1,0,2,6,11,3,"PIX4051=U20_4051R6@X2, PIX4052=U68_4052Mux11@S0A, DG4051=U54_DAC_LV2@X1 nEN=H, U52=LV2-pin1 FMC_A0A1A2=011"
2296,6,J1_JA14,73,0x05A,001011010,90,2,1,1,1,6,11,3,"PIX4051=U44_4051L6@X1, PIX4052=U68_4052Mux11@S1B, DG4051=U54_DAC_LV2@X2 nEN=H, U52=LV2-pin1 FMC_A0A1A2=011"
2297,6,J1_JA14,74,0x049,001001001,73,1,1,0,1,6,11,3,"PIX4051=U20_4051R6@X1, PIX4052=U68_4052Mux11@S0A, DG4051=U54_DAC_LV2@X1 nEN=H, U52=LV2-pin1 FMC_A0A1A2=011"
2298,6,J1_JA14,75,0x19A,110011010,410,2,1,1,6,6,11,3,"PIX4051=U44_4051L6@X6, PIX4052=U68_4052Mux11@S1B, DG4051=U54_DAC_LV2@X2 nEN=H, U52=LV2-pin1 FMC_A0A1A2=011"
2299,6,J1_JA14,76,0x189,110001001,393,1,1,0,6,6,11,3,"PIX4051=U20_4051R6@X6, PIX4052=U68_4052Mux11@S0A, DG4051=U54_DAC_LV2@X1 nEN=H, U52=LV2-pin1 FMC_A0A1A2=011"
2300,6,J1_JA14,77,0x11A,100011010,282,2,1,1,4,6,11,3,"PIX4051=U44_4051L6@X4, PIX4052=U68_4052Mux11@S1B, DG4051=U54_DAC_LV2@X2 nEN=H, U52=LV2-pin1 FMC_A0A1A2=011"
2301,6,J1_JA14,78,0x109,100001001,265,1,1,0,4,6,11,3,"PIX4051=U20_4051R6@X4, PIX4052=U68_4052Mux11@S0A, DG4051=U54_DAC_LV2@X1 nEN=H, U52=LV2-pin1 FMC_A0A1A2=011"
2302,6,J1_JA14,79,0x1DA,111011010,474,2,1,1,7,6,11,3,"PIX4051=U44_4051L6@X7, PIX4052=U68_4052Mux11@S1B, DG4051=U54_DAC_LV2@X2 nEN=H, U52=LV2-pin1 FMC_A0A1A2=011"
2303,6,J1_JA14,80,0x1C9,111001001,457,1,1,0,7,6,11,3,"PIX4051=U20_4051R6@X7, PIX4052=U68_4052Mux11@S0A, DG4051=U54_DAC_LV2@X1 nEN=H, U52=LV2-pin1 FMC_A0A1A2=011"
2304,7,J1_JA7,3,0x17F,101111111,383,7,1,3,5,2,10,2,"PIX4051=U1_4051R7@X5, PIX4052=U65_4052Mux6@S3B, DG4051=U50_DAC_LV2@X7 nEN=H, U52=LV2-pin7 FMC_A0A1A2=010"
2305,7,J1_JA7,4,0x173,101110011,371,3,0,3,5,2,10,2,"PIX4051=U25_4051L7@X5, PIX4052=U67_4052Mux5@S3A, DG4051=U49_DAC_LV2@X3 nEN=L, U52=LV2-pin7 FMC_A0A1A2=010"
2306,7,J1_JA7,5,0x1FF,111111111,511,7,1,3,7,2,10,2,"PIX4051=U1_4051R7@X7, PIX4052=U65_4052Mux6@S3B, DG4051=U50_DAC_LV2@X7 nEN=H, U52=LV2-pin7 FMC_A0A1A2=010"
2307,7,J1_JA7,6,0x1F3,111110011,499,3,0,3,7,2,10,2,"PIX4051=U25_4051L7@X7, PIX4052=U67_4052Mux5@S3A, DG4051=U49_DAC_LV2@X3 nEN=L, U52=LV2-pin7 FMC_A0A1A2=010"
2308,7,J1_JA7,7,0x13F,100111111,319,7,1,3,4,2,10,2,"PIX4051=U1_4051R7@X4, PIX4052=U65_4052Mux6@S3B, DG4051=U50_DAC_LV2@X7 nEN=H, U52=LV2-pin7 FMC_A0A1A2=010"
2309,7,J1_JA7,8,0x133,100110011,307,3,0,3,4,2,10,2,"PIX4051=U25_4051L7@X4, PIX4052=U67_4052Mux5@S3A, DG4051=U49_DAC_LV2@X3 nEN=L, U52=LV2-pin7 FMC_A0A1A2=010"
2310,7,J1_JA7,9,0x1BF,110111111,447,7,1,3,6,2,10,2,"PIX4051=U1_4051R7@X6, PIX4052=U65_4052Mux6@S3B, DG4051=U50_DAC_LV2@X7 nEN=H, U52=LV2-pin7 FMC_A0A1A2=010"
2311,7,J1_JA7,10,0x1B3,110110011,435,3,0,3,6,2,10,2,"PIX4051=U25_4051L7@X6, PIX4052=U67_4052Mux5@S3A, DG4051=U49_DAC_LV2@X3 nEN=L, U52=LV2-pin7 FMC_A0A1A2=010"
2312,7,J1_JA7,11,0x07F,001111111,127,7,1,3,1,2,10,2,"PIX4051=U1_4051R7@X1, PIX4052=U65_4052Mux6@S3B, DG4051=U50_DAC_LV2@X7 nEN=H, U52=LV2-pin7 FMC_A0A1A2=010"
2313,7,J1_JA7,12,0x073,001110011,115,3,0,3,1,2,10,2,"PIX4051=U25_4051L7@X1, PIX4052=U67_4052Mux5@S3A, DG4051=U49_DAC_LV2@X3 nEN=L, U52=LV2-pin7 FMC_A0A1A2=010"
2314,7,J1_JA7,13,0x0BF,010111111,191,7,1,3,2,2,10,2,"PIX4051=U1_4051R7@X2, PIX4052=U65_4052Mux6@S3B, DG4051=U50_DAC_LV2@X7 nEN=H, U52=LV2-pin7 FMC_A0A1A2=010"
2315,7,J1_JA7,14,0x0B3,010110011,179,3,0,3,2,2,10,2,"PIX4051=U25_4051L7@X2, PIX4052=U67_4052Mux5@S3A, DG4051=U49_DAC_LV2@X3 nEN=L, U52=LV2-pin7 FMC_A0A1A2=010"
2316,7,J1_JA7,15,0x03F,000111111,63,7,1,3,0,2,10,2,"PIX4051=U1_4051R7@X0, PIX4052=U65_4052Mux6@S3B, DG4051=U50_DAC_LV2@X7 nEN=H, U52=LV2-pin7 FMC_A0A1A2=010"
2317,7,J1_JA7,16,0x033,000110011,51,3,0,3,0,2,10,2,"PIX4051=U25_4051L7@X0, PIX4052=U67_4052Mux5@S3A, DG4051=U49_DAC_LV2@X3 nEN=L, U52=LV2-pin7 FMC_A0A1A2=010"
2318,7,J1_JA7,17,0x0FF,011111111,255,7,1,3,3,2,10,2,"PIX4051=U1_4051R7@X3, PIX4052=U65_4052Mux6@S3B, DG4051=U50_DAC_LV2@X7 nEN=H, U52=LV2-pin7 FMC_A0A1A2=010"
2319,7,J1_JA7,18,0x0F3,011110011,243,3,0,3,3,2,10,2,"PIX4051=U25_4051L7@X3, PIX4052=U67_4052Mux5@S3A, DG4051=U49_DAC_LV2@X3 nEN=L, U52=LV2-pin7 FMC_A0A1A2=010"
2320,7,J1_JA7,19,0x16F,101101111,367,7,1,2,5,2,10,2,"PIX4051=U2_4051R7@X5, PIX4052=U65_4052Mux6@S2B, DG4051=U50_DAC_LV2@X7 nEN=H, U52=LV2-pin7 FMC_A0A1A2=010"
2321,7,J1_JA7,20,0x163,101100011,355,3,0,2,5,2,10,2,"PIX4051=U26_4051L7@X5, PIX4052=U67_4052Mux5@S2A, DG4051=U49_DAC_LV2@X3 nEN=L, U52=LV2-pin7 FMC_A0A1A2=010"
2322,7,J1_JA7,21,0x1EF,111101111,495,7,1,2,7,2,10,2,"PIX4051=U2_4051R7@X7, PIX4052=U65_4052Mux6@S2B, DG4051=U50_DAC_LV2@X7 nEN=H, U52=LV2-pin7 FMC_A0A1A2=010"
2323,7,J1_JA7,22,0x1E3,111100011,483,3,0,2,7,2,10,2,"PIX4051=U26_4051L7@X7, PIX4052=U67_4052Mux5@S2A, DG4051=U49_DAC_LV2@X3 nEN=L, U52=LV2-pin7 FMC_A0A1A2=010"
2324,7,J1_JA7,23,0x12F,100101111,303,7,1,2,4,2,10,2,"PIX4051=U2_4051R7@X4, PIX4052=U65_4052Mux6@S2B, DG4051=U50_DAC_LV2@X7 nEN=H, U52=LV2-pin7 FMC_A0A1A2=010"
2325,7,J1_JA7,24,0x123,100100011,291,3,0,2,4,2,10,2,"PIX4051=U26_4051L7@X4, PIX4052=U67_4052Mux5@S2A, DG4051=U49_DAC_LV2@X3 nEN=L, U52=LV2-pin7 FMC_A0A1A2=010"
2326,7,J1_JA7,25,0x1AF,110101111,431,7,1,2,6,2,10,2,"PIX4051=U2_4051R7@X6, PIX4052=U65_4052Mux6@S2B, DG4051=U50_DAC_LV2@X7 nEN=H, U52=LV2-pin7 FMC_A0A1A2=010"
2327,7,J1_JA7,26,0x1A3,110100011,419,3,0,2,6,2,10,2,"PIX4051=U26_4051L7@X6, PIX4052=U67_4052Mux5@S2A, DG4051=U49_DAC_LV2@X3 nEN=L, U52=LV2-pin7 FMC_A0A1A2=010"
2328,7,J1_JA7,27,0x06F,001101111,111,7,1,2,1,2,10,2,"PIX4051=U2_4051R7@X1, PIX4052=U65_4052Mux6@S2B, DG4051=U50_DAC_LV2@X7 nEN=H, U52=LV2-pin7 FMC_A0A1A2=010"
2329,7,J1_JA7,28,0x063,001100011,99,3,0,2,1,2,10,2,"PIX4051=U26_4051L7@X1, PIX4052=U67_4052Mux5@S2A, DG4051=U49_DAC_LV2@X3 nEN=L, U52=LV2-pin7 FMC_A0A1A2=010"
2330,7,J1_JA7,29,0x0AF,010101111,175,7,1,2,2,2,10,2,"PIX4051=U2_4051R7@X2, PIX4052=U65_4052Mux6@S2B, DG4051=U50_DAC_LV2@X7 nEN=H, U52=LV2-pin7 FMC_A0A1A2=010"
2331,7,J1_JA7,30,0x0A3,010100011,163,3,0,2,2,2,10,2,"PIX4051=U26_4051L7@X2, PIX4052=U67_4052Mux5@S2A, DG4051=U49_DAC_LV2@X3 nEN=L, U52=LV2-pin7 FMC_A0A1A2=010"
2332,7,J1_JA7,31,0x02F,000101111,47,7,1,2,0,2,10,2,"PIX4051=U2_4051R7@X0, PIX4052=U65_4052Mux6@S2B, DG4051=U50_DAC_LV2@X7 nEN=H, U52=LV2-pin7 FMC_A0A1A2=010"
2333,7,J1_JA7,32,0x023,000100011,35,3,0,2,0,2,10,2,"PIX4051=U26_4051L7@X0, PIX4052=U67_4052Mux5@S2A, DG4051=U49_DAC_LV2@X3 nEN=L, U52=LV2-pin7 FMC_A0A1A2=010"
2334,7,J1_JA7,33,0x0EF,011101111,239,7,1,2,3,2,10,2,"PIX4051=U2_4051R7@X3, PIX4052=U65_4052Mux6@S2B, DG4051=U50_DAC_LV2@X7 nEN=H, U52=LV2-pin7 FMC_A0A1A2=010"
2335,7,J1_JA7,34,0x0E3,011100011,227,3,0,2,3,2,10,2,"PIX4051=U26_4051L7@X3, PIX4052=U67_4052Mux5@S2A, DG4051=U49_DAC_LV2@X3 nEN=L, U52=LV2-pin7 FMC_A0A1A2=010"
2336,7,J1_JA7,35,0x16D,101101101,365,5,1,2,5,2,10,2,"PIX4051=U3_4051R7@X5, PIX4052=U65_4052Mux6@S2A, DG4051=U50_DAC_LV2@X5 nEN=H, U52=LV2-pin7 FMC_A0A1A2=010"
2337,7,J1_JA7,36,0x160,101100000,352,0,0,2,5,2,10,2,"PIX4051=U27_4051L7@X5, PIX4052=U67_4052Mux5@S2B, DG4051=U49_DAC_LV2@X0 nEN=L, U52=LV2-pin7 FMC_A0A1A2=010"
2338,7,J1_JA7,37,0x1ED,111101101,493,5,1,2,7,2,10,2,"PIX4051=U3_4051R7@X7, PIX4052=U65_4052Mux6@S2A, DG4051=U50_DAC_LV2@X5 nEN=H, U52=LV2-pin7 FMC_A0A1A2=010"
2339,7,J1_JA7,38,0x1E0,111100000,480,0,0,2,7,2,10,2,"PIX4051=U27_4051L7@X7, PIX4052=U67_4052Mux5@S2B, DG4051=U49_DAC_LV2@X0 nEN=L, U52=LV2-pin7 FMC_A0A1A2=010"
2340,7,J1_JA7,39,0x12D,100101101,301,5,1,2,4,2,10,2,"PIX4051=U3_4051R7@X4, PIX4052=U65_4052Mux6@S2A, DG4051=U50_DAC_LV2@X5 nEN=H, U52=LV2-pin7 FMC_A0A1A2=010"
2341,7,J1_JA7,40,0x120,100100000,288,0,0,2,4,2,10,2,"PIX4051=U27_4051L7@X4, PIX4052=U67_4052Mux5@S2B, DG4051=U49_DAC_LV2@X0 nEN=L, U52=LV2-pin7 FMC_A0A1A2=010"
2342,7,J1_JA7,41,0x1AD,110101101,429,5,1,2,6,2,10,2,"PIX4051=U3_4051R7@X6, PIX4052=U65_4052Mux6@S2A, DG4051=U50_DAC_LV2@X5 nEN=H, U52=LV2-pin7 FMC_A0A1A2=010"
2343,7,J1_JA7,42,0x1A0,110100000,416,0,0,2,6,2,10,2,"PIX4051=U27_4051L7@X6, PIX4052=U67_4052Mux5@S2B, DG4051=U49_DAC_LV2@X0 nEN=L, U52=LV2-pin7 FMC_A0A1A2=010"
2344,7,J1_JA7,43,0x06D,001101101,109,5,1,2,1,2,10,2,"PIX4051=U3_4051R7@X1, PIX4052=U65_4052Mux6@S2A, DG4051=U50_DAC_LV2@X5 nEN=H, U52=LV2-pin7 FMC_A0A1A2=010"
2345,7,J1_JA7,44,0x060,001100000,96,0,0,2,1,2,10,2,"PIX4051=U27_4051L7@X1, PIX4052=U67_4052Mux5@S2B, DG4051=U49_DAC_LV2@X0 nEN=L, U52=LV2-pin7 FMC_A0A1A2=010"
2346,7,J1_JA7,45,0x0AD,010101101,173,5,1,2,2,2,10,2,"PIX4051=U3_4051R7@X2, PIX4052=U65_4052Mux6@S2A, DG4051=U50_DAC_LV2@X5 nEN=H, U52=LV2-pin7 FMC_A0A1A2=010"
2347,7,J1_JA7,46,0x0A0,010100000,160,0,0,2,2,2,10,2,"PIX4051=U27_4051L7@X2, PIX4052=U67_4052Mux5@S2B, DG4051=U49_DAC_LV2@X0 nEN=L, U52=LV2-pin7 FMC_A0A1A2=010"
2348,7,J1_JA7,47,0x02D,000101101,45,5,1,2,0,2,10,2,"PIX4051=U3_4051R7@X0, PIX4052=U65_4052Mux6@S2A, DG4051=U50_DAC_LV2@X5 nEN=H, U52=LV2-pin7 FMC_A0A1A2=010"
2349,7,J1_JA7,48,0x020,000100000,32,0,0,2,0,2,10,2,"PIX4051=U27_4051L7@X0, PIX4052=U67_4052Mux5@S2B, DG4051=U49_DAC_LV2@X0 nEN=L, U52=LV2-pin7 FMC_A0A1A2=010"
2350,7,J1_JA7,49,0x0ED,011101101,237,5,1,2,3,2,10,2,"PIX4051=U3_4051R7@X3, PIX4052=U65_4052Mux6@S2A, DG4051=U50_DAC_LV2@X5 nEN=H, U52=LV2-pin7 FMC_A0A1A2=010"
2351,7,J1_JA7,50,0x0E0,011100000,224,0,0,2,3,2,10,2,"PIX4051=U27_4051L7@X3, PIX4052=U67_4052Mux5@S2B, DG4051=U49_DAC_LV2@X0 nEN=L, U52=LV2-pin7 FMC_A0A1A2=010"
2352,7,J1_JA7,51,0x17D,101111101,381,5,1,3,5,2,10,2,"PIX4051=U4_4051R7@X5, PIX4052=U65_4052Mux6@S3A, DG4051=U50_DAC_LV2@X5 nEN=H, U52=LV2-pin7 FMC_A0A1A2=010"
2353,7,J1_JA7,52,0x170,101110000,368,0,0,3,5,2,10,2,"PIX4051=U28_4051L7@X5, PIX4052=U67_4052Mux5@S3B, DG4051=U49_DAC_LV2@X0 nEN=L, U52=LV2-pin7 FMC_A0A1A2=010"
2354,7,J1_JA7,53,0x1FD,111111101,509,5,1,3,7,2,10,2,"PIX4051=U4_4051R7@X7, PIX4052=U65_4052Mux6@S3A, DG4051=U50_DAC_LV2@X5 nEN=H, U52=LV2-pin7 FMC_A0A1A2=010"
2355,7,J1_JA7,54,0x1F0,111110000,496,0,0,3,7,2,10,2,"PIX4051=U28_4051L7@X7, PIX4052=U67_4052Mux5@S3B, DG4051=U49_DAC_LV2@X0 nEN=L, U52=LV2-pin7 FMC_A0A1A2=010"
2356,7,J1_JA7,55,0x13D,100111101,317,5,1,3,4,2,10,2,"PIX4051=U4_4051R7@X4, PIX4052=U65_4052Mux6@S3A, DG4051=U50_DAC_LV2@X5 nEN=H, U52=LV2-pin7 FMC_A0A1A2=010"
2357,7,J1_JA7,56,0x130,100110000,304,0,0,3,4,2,10,2,"PIX4051=U28_4051L7@X4, PIX4052=U67_4052Mux5@S3B, DG4051=U49_DAC_LV2@X0 nEN=L, U52=LV2-pin7 FMC_A0A1A2=010"
2358,7,J1_JA7,57,0x1BD,110111101,445,5,1,3,6,2,10,2,"PIX4051=U4_4051R7@X6, PIX4052=U65_4052Mux6@S3A, DG4051=U50_DAC_LV2@X5 nEN=H, U52=LV2-pin7 FMC_A0A1A2=010"
2359,7,J1_JA7,58,0x1B0,110110000,432,0,0,3,6,2,10,2,"PIX4051=U28_4051L7@X6, PIX4052=U67_4052Mux5@S3B, DG4051=U49_DAC_LV2@X0 nEN=L, U52=LV2-pin7 FMC_A0A1A2=010"
2360,7,J1_JA7,59,0x07D,001111101,125,5,1,3,1,2,10,2,"PIX4051=U4_4051R7@X1, PIX4052=U65_4052Mux6@S3A, DG4051=U50_DAC_LV2@X5 nEN=H, U52=LV2-pin7 FMC_A0A1A2=010"
2361,7,J1_JA7,60,0x070,001110000,112,0,0,3,1,2,10,2,"PIX4051=U28_4051L7@X1, PIX4052=U67_4052Mux5@S3B, DG4051=U49_DAC_LV2@X0 nEN=L, U52=LV2-pin7 FMC_A0A1A2=010"
2362,7,J1_JA7,61,0x0BD,010111101,189,5,1,3,2,2,10,2,"PIX4051=U4_4051R7@X2, PIX4052=U65_4052Mux6@S3A, DG4051=U50_DAC_LV2@X5 nEN=H, U52=LV2-pin7 FMC_A0A1A2=010"
2363,7,J1_JA7,62,0x0B0,010110000,176,0,0,3,2,2,10,2,"PIX4051=U28_4051L7@X2, PIX4052=U67_4052Mux5@S3B, DG4051=U49_DAC_LV2@X0 nEN=L, U52=LV2-pin7 FMC_A0A1A2=010"
2364,7,J1_JA7,63,0x03D,000111101,61,5,1,3,0,2,10,2,"PIX4051=U4_4051R7@X0, PIX4052=U65_4052Mux6@S3A, DG4051=U50_DAC_LV2@X5 nEN=H, U52=LV2-pin7 FMC_A0A1A2=010"
2365,7,J1_JA7,64,0x030,000110000,48,0,0,3,0,2,10,2,"PIX4051=U28_4051L7@X0, PIX4052=U67_4052Mux5@S3B, DG4051=U49_DAC_LV2@X0 nEN=L, U52=LV2-pin7 FMC_A0A1A2=010"
2366,7,J1_JA7,65,0x0FD,011111101,253,5,1,3,3,2,10,2,"PIX4051=U4_4051R7@X3, PIX4052=U65_4052Mux6@S3A, DG4051=U50_DAC_LV2@X5 nEN=H, U52=LV2-pin7 FMC_A0A1A2=010"
2367,7,J1_JA7,66,0x0F0,011110000,240,0,0,3,3,2,10,2,"PIX4051=U28_4051L7@X3, PIX4052=U67_4052Mux5@S3B, DG4051=U49_DAC_LV2@X0 nEN=L, U52=LV2-pin7 FMC_A0A1A2=010"
2368,7,J1_JA7,67,0x172,101110010,370,2,0,3,5,2,10,2,"PIX4051=U5_4051R7@X5, PIX4052=U68_4052Mux5@S3B, DG4051=U49_DAC_LV2@X2 nEN=L, U52=LV2-pin7 FMC_A0A1A2=010"
2369,7,J1_JA7,68,0x171,101110001,369,1,0,3,5,2,10,2,"PIX4051=U29_4051L7@X5, PIX4052=U68_4052Mux5@S3A, DG4051=U49_DAC_LV2@X1 nEN=L, U52=LV2-pin7 FMC_A0A1A2=010"
2370,7,J1_JA7,69,0x1F2,111110010,498,2,0,3,7,2,10,2,"PIX4051=U5_4051R7@X7, PIX4052=U68_4052Mux5@S3B, DG4051=U49_DAC_LV2@X2 nEN=L, U52=LV2-pin7 FMC_A0A1A2=010"
2371,7,J1_JA7,70,0x1F1,111110001,497,1,0,3,7,2,10,2,"PIX4051=U29_4051L7@X7, PIX4052=U68_4052Mux5@S3A, DG4051=U49_DAC_LV2@X1 nEN=L, U52=LV2-pin7 FMC_A0A1A2=010"
2372,7,J1_JA7,71,0x132,100110010,306,2,0,3,4,2,10,2,"PIX4051=U5_4051R7@X4, PIX4052=U68_4052Mux5@S3B, DG4051=U49_DAC_LV2@X2 nEN=L, U52=LV2-pin7 FMC_A0A1A2=010"
2373,7,J1_JA7,72,0x131,100110001,305,1,0,3,4,2,10,2,"PIX4051=U29_4051L7@X4, PIX4052=U68_4052Mux5@S3A, DG4051=U49_DAC_LV2@X1 nEN=L, U52=LV2-pin7 FMC_A0A1A2=010"
2374,7,J1_JA7,73,0x1B2,110110010,434,2,0,3,6,2,10,2,"PIX4051=U5_4051R7@X6, PIX4052=U68_4052Mux5@S3B, DG4051=U49_DAC_LV2@X2 nEN=L, U52=LV2-pin7 FMC_A0A1A2=010"
2375,7,J1_JA7,74,0x1B1,110110001,433,1,0,3,6,2,10,2,"PIX4051=U29_4051L7@X6, PIX4052=U68_4052Mux5@S3A, DG4051=U49_DAC_LV2@X1 nEN=L, U52=LV2-pin7 FMC_A0A1A2=010"
2376,7,J1_JA7,75,0x072,001110010,114,2,0,3,1,2,10,2,"PIX4051=U5_4051R7@X1, PIX4052=U68_4052Mux5@S3B, DG4051=U49_DAC_LV2@X2 nEN=L, U52=LV2-pin7 FMC_A0A1A2=010"
2377,7,J1_JA7,76,0x071,001110001,113,1,0,3,1,2,10,2,"PIX4051=U29_4051L7@X1, PIX4052=U68_4052Mux5@S3A, DG4051=U49_DAC_LV2@X1 nEN=L, U52=LV2-pin7 FMC_A0A1A2=010"
2378,7,J1_JA7,77,0x0B2,010110010,178,2,0,3,2,2,10,2,"PIX4051=U5_4051R7@X2, PIX4052=U68_4052Mux5@S3B, DG4051=U49_DAC_LV2@X2 nEN=L, U52=LV2-pin7 FMC_A0A1A2=010"
2379,7,J1_JA7,78,0x0B1,010110001,177,1,0,3,2,2,10,2,"PIX4051=U29_4051L7@X2, PIX4052=U68_4052Mux5@S3A, DG4051=U49_DAC_LV2@X1 nEN=L, U52=LV2-pin7 FMC_A0A1A2=010"
2380,7,J1_JA7,79,0x032,000110010,50,2,0,3,0,2,10,2,"PIX4051=U5_4051R7@X0, PIX4052=U68_4052Mux5@S3B, DG4051=U49_DAC_LV2@X2 nEN=L, U52=LV2-pin7 FMC_A0A1A2=010"
2381,7,J1_JA7,80,0x031,000110001,49,1,0,3,0,2,10,2,"PIX4051=U29_4051L7@X0, PIX4052=U68_4052Mux5@S3A, DG4051=U49_DAC_LV2@X1 nEN=L, U52=LV2-pin7 FMC_A0A1A2=010"
2382,7,J2_JB7,1,0x0F2,011110010,242,2,0,3,3,2,10,2,"PIX4051=U5_4051R7@X3, PIX4052=U68_4052Mux5@S3B, DG4051=U49_DAC_LV2@X2 nEN=L, U52=LV2-pin7 FMC_A0A1A2=010"
2383,7,J2_JB7,2,0x0F1,011110001,241,1,0,3,3,2,10,2,"PIX4051=U29_4051L7@X3, PIX4052=U68_4052Mux5@S3A, DG4051=U49_DAC_LV2@X1 nEN=L, U52=LV2-pin7 FMC_A0A1A2=010"
2384,7,J2_JB7,3,0x162,101100010,354,2,0,2,5,2,10,2,"PIX4051=U6_4051R7@X5, PIX4052=U68_4052Mux5@S2B, DG4051=U49_DAC_LV2@X2 nEN=L, U52=LV2-pin7 FMC_A0A1A2=010"
2385,7,J2_JB7,4,0x161,101100001,353,1,0,2,5,2,10,2,"PIX4051=U30_4051L7@X5, PIX4052=U68_4052Mux5@S2A, DG4051=U49_DAC_LV2@X1 nEN=L, U52=LV2-pin7 FMC_A0A1A2=010"
2386,7,J2_JB7,5,0x1E2,111100010,482,2,0,2,7,2,10,2,"PIX4051=U6_4051R7@X7, PIX4052=U68_4052Mux5@S2B, DG4051=U49_DAC_LV2@X2 nEN=L, U52=LV2-pin7 FMC_A0A1A2=010"
2387,7,J2_JB7,6,0x1E1,111100001,481,1,0,2,7,2,10,2,"PIX4051=U30_4051L7@X7, PIX4052=U68_4052Mux5@S2A, DG4051=U49_DAC_LV2@X1 nEN=L, U52=LV2-pin7 FMC_A0A1A2=010"
2388,7,J2_JB7,7,0x122,100100010,290,2,0,2,4,2,10,2,"PIX4051=U6_4051R7@X4, PIX4052=U68_4052Mux5@S2B, DG4051=U49_DAC_LV2@X2 nEN=L, U52=LV2-pin7 FMC_A0A1A2=010"
2389,7,J2_JB7,8,0x121,100100001,289,1,0,2,4,2,10,2,"PIX4051=U30_4051L7@X4, PIX4052=U68_4052Mux5@S2A, DG4051=U49_DAC_LV2@X1 nEN=L, U52=LV2-pin7 FMC_A0A1A2=010"
2390,7,J2_JB7,9,0x1A2,110100010,418,2,0,2,6,2,10,2,"PIX4051=U6_4051R7@X6, PIX4052=U68_4052Mux5@S2B, DG4051=U49_DAC_LV2@X2 nEN=L, U52=LV2-pin7 FMC_A0A1A2=010"
2391,7,J2_JB7,10,0x1A1,110100001,417,1,0,2,6,2,10,2,"PIX4051=U30_4051L7@X6, PIX4052=U68_4052Mux5@S2A, DG4051=U49_DAC_LV2@X1 nEN=L, U52=LV2-pin7 FMC_A0A1A2=010"
2392,7,J2_JB7,11,0x062,001100010,98,2,0,2,1,2,10,2,"PIX4051=U6_4051R7@X1, PIX4052=U68_4052Mux5@S2B, DG4051=U49_DAC_LV2@X2 nEN=L, U52=LV2-pin7 FMC_A0A1A2=010"
2393,7,J2_JB7,12,0x061,001100001,97,1,0,2,1,2,10,2,"PIX4051=U30_4051L7@X1, PIX4052=U68_4052Mux5@S2A, DG4051=U49_DAC_LV2@X1 nEN=L, U52=LV2-pin7 FMC_A0A1A2=010"
2394,7,J2_JB7,13,0x0A2,010100010,162,2,0,2,2,2,10,2,"PIX4051=U6_4051R7@X2, PIX4052=U68_4052Mux5@S2B, DG4051=U49_DAC_LV2@X2 nEN=L, U52=LV2-pin7 FMC_A0A1A2=010"
2395,7,J2_JB7,14,0x0A1,010100001,161,1,0,2,2,2,10,2,"PIX4051=U30_4051L7@X2, PIX4052=U68_4052Mux5@S2A, DG4051=U49_DAC_LV2@X1 nEN=L, U52=LV2-pin7 FMC_A0A1A2=010"
2396,7,J2_JB7,15,0x022,000100010,34,2,0,2,0,2,10,2,"PIX4051=U6_4051R7@X0, PIX4052=U68_4052Mux5@S2B, DG4051=U49_DAC_LV2@X2 nEN=L, U52=LV2-pin7 FMC_A0A1A2=010"
2397,7,J2_JB7,16,0x021,000100001,33,1,0,2,0,2,10,2,"PIX4051=U30_4051L7@X0, PIX4052=U68_4052Mux5@S2A, DG4051=U49_DAC_LV2@X1 nEN=L, U52=LV2-pin7 FMC_A0A1A2=010"
2398,7,J2_JB7,17,0x0E2,011100010,226,2,0,2,3,2,10,2,"PIX4051=U6_4051R7@X3, PIX4052=U68_4052Mux5@S2B, DG4051=U49_DAC_LV2@X2 nEN=L, U52=LV2-pin7 FMC_A0A1A2=010"
2399,7,J2_JB7,18,0x0E1,011100001,225,1,0,2,3,2,10,2,"PIX4051=U30_4051L7@X3, PIX4052=U68_4052Mux5@S2A, DG4051=U49_DAC_LV2@X1 nEN=L, U52=LV2-pin7 FMC_A0A1A2=010"
2400,7,J2_JB7,19,0x15F,101011111,351,7,1,1,5,2,10,2,"PIX4051=U7_4051R7@X5, PIX4052=U65_4052Mux6@S1B, DG4051=U50_DAC_LV2@X7 nEN=H, U52=LV2-pin7 FMC_A0A1A2=010"
2401,7,J2_JB7,20,0x143,101000011,323,3,0,0,5,2,10,2,"PIX4051=U31_4051L7@X5, PIX4052=U67_4052Mux5@S0A, DG4051=U49_DAC_LV2@X3 nEN=L, U52=LV2-pin7 FMC_A0A1A2=010"
2402,7,J2_JB7,21,0x1DF,111011111,479,7,1,1,7,2,10,2,"PIX4051=U7_4051R7@X7, PIX4052=U65_4052Mux6@S1B, DG4051=U50_DAC_LV2@X7 nEN=H, U52=LV2-pin7 FMC_A0A1A2=010"
2403,7,J2_JB7,22,0x1C3,111000011,451,3,0,0,7,2,10,2,"PIX4051=U31_4051L7@X7, PIX4052=U67_4052Mux5@S0A, DG4051=U49_DAC_LV2@X3 nEN=L, U52=LV2-pin7 FMC_A0A1A2=010"
2404,7,J2_JB7,23,0x11F,100011111,287,7,1,1,4,2,10,2,"PIX4051=U7_4051R7@X4, PIX4052=U65_4052Mux6@S1B, DG4051=U50_DAC_LV2@X7 nEN=H, U52=LV2-pin7 FMC_A0A1A2=010"
2405,7,J2_JB7,24,0x103,100000011,259,3,0,0,4,2,10,2,"PIX4051=U31_4051L7@X4, PIX4052=U67_4052Mux5@S0A, DG4051=U49_DAC_LV2@X3 nEN=L, U52=LV2-pin7 FMC_A0A1A2=010"
2406,7,J2_JB7,25,0x19F,110011111,415,7,1,1,6,2,10,2,"PIX4051=U7_4051R7@X6, PIX4052=U65_4052Mux6@S1B, DG4051=U50_DAC_LV2@X7 nEN=H, U52=LV2-pin7 FMC_A0A1A2=010"
2407,7,J2_JB7,26,0x183,110000011,387,3,0,0,6,2,10,2,"PIX4051=U31_4051L7@X6, PIX4052=U67_4052Mux5@S0A, DG4051=U49_DAC_LV2@X3 nEN=L, U52=LV2-pin7 FMC_A0A1A2=010"
2408,7,J2_JB7,27,0x05F,001011111,95,7,1,1,1,2,10,2,"PIX4051=U7_4051R7@X1, PIX4052=U65_4052Mux6@S1B, DG4051=U50_DAC_LV2@X7 nEN=H, U52=LV2-pin7 FMC_A0A1A2=010"
2409,7,J2_JB7,28,0x043,001000011,67,3,0,0,1,2,10,2,"PIX4051=U31_4051L7@X1, PIX4052=U67_4052Mux5@S0A, DG4051=U49_DAC_LV2@X3 nEN=L, U52=LV2-pin7 FMC_A0A1A2=010"
2410,7,J2_JB7,29,0x09F,010011111,159,7,1,1,2,2,10,2,"PIX4051=U7_4051R7@X2, PIX4052=U65_4052Mux6@S1B, DG4051=U50_DAC_LV2@X7 nEN=H, U52=LV2-pin7 FMC_A0A1A2=010"
2411,7,J2_JB7,30,0x083,010000011,131,3,0,0,2,2,10,2,"PIX4051=U31_4051L7@X2, PIX4052=U67_4052Mux5@S0A, DG4051=U49_DAC_LV2@X3 nEN=L, U52=LV2-pin7 FMC_A0A1A2=010"
2412,7,J2_JB7,31,0x01F,000011111,31,7,1,1,0,2,10,2,"PIX4051=U7_4051R7@X0, PIX4052=U65_4052Mux6@S1B, DG4051=U50_DAC_LV2@X7 nEN=H, U52=LV2-pin7 FMC_A0A1A2=010"
2413,7,J2_JB7,32,0x003,000000011,3,3,0,0,0,2,10,2,"PIX4051=U31_4051L7@X0, PIX4052=U67_4052Mux5@S0A, DG4051=U49_DAC_LV2@X3 nEN=L, U52=LV2-pin7 FMC_A0A1A2=010"
2414,7,J2_JB7,33,0x0DF,011011111,223,7,1,1,3,2,10,2,"PIX4051=U7_4051R7@X3, PIX4052=U65_4052Mux6@S1B, DG4051=U50_DAC_LV2@X7 nEN=H, U52=LV2-pin7 FMC_A0A1A2=010"
2415,7,J2_JB7,34,0x0C3,011000011,195,3,0,0,3,2,10,2,"PIX4051=U31_4051L7@X3, PIX4052=U67_4052Mux5@S0A, DG4051=U49_DAC_LV2@X3 nEN=L, U52=LV2-pin7 FMC_A0A1A2=010"
2416,7,J2_JB7,35,0x14F,101001111,335,7,1,0,5,2,10,2,"PIX4051=U8_4051R7@X5, PIX4052=U65_4052Mux6@S0B, DG4051=U50_DAC_LV2@X7 nEN=H, U52=LV2-pin7 FMC_A0A1A2=010"
2417,7,J2_JB7,36,0x153,101010011,339,3,0,1,5,2,10,2,"PIX4051=U32_4051L7@X5, PIX4052=U67_4052Mux5@S1A, DG4051=U49_DAC_LV2@X3 nEN=L, U52=LV2-pin7 FMC_A0A1A2=010"
2418,7,J2_JB7,37,0x1CF,111001111,463,7,1,0,7,2,10,2,"PIX4051=U8_4051R7@X7, PIX4052=U65_4052Mux6@S0B, DG4051=U50_DAC_LV2@X7 nEN=H, U52=LV2-pin7 FMC_A0A1A2=010"
2419,7,J2_JB7,38,0x1D3,111010011,467,3,0,1,7,2,10,2,"PIX4051=U32_4051L7@X7, PIX4052=U67_4052Mux5@S1A, DG4051=U49_DAC_LV2@X3 nEN=L, U52=LV2-pin7 FMC_A0A1A2=010"
2420,7,J2_JB7,39,0x10F,100001111,271,7,1,0,4,2,10,2,"PIX4051=U8_4051R7@X4, PIX4052=U65_4052Mux6@S0B, DG4051=U50_DAC_LV2@X7 nEN=H, U52=LV2-pin7 FMC_A0A1A2=010"
2421,7,J2_JB7,40,0x113,100010011,275,3,0,1,4,2,10,2,"PIX4051=U32_4051L7@X4, PIX4052=U67_4052Mux5@S1A, DG4051=U49_DAC_LV2@X3 nEN=L, U52=LV2-pin7 FMC_A0A1A2=010"
2422,7,J2_JB7,41,0x18F,110001111,399,7,1,0,6,2,10,2,"PIX4051=U8_4051R7@X6, PIX4052=U65_4052Mux6@S0B, DG4051=U50_DAC_LV2@X7 nEN=H, U52=LV2-pin7 FMC_A0A1A2=010"
2423,7,J2_JB7,42,0x193,110010011,403,3,0,1,6,2,10,2,"PIX4051=U32_4051L7@X6, PIX4052=U67_4052Mux5@S1A, DG4051=U49_DAC_LV2@X3 nEN=L, U52=LV2-pin7 FMC_A0A1A2=010"
2424,7,J2_JB7,43,0x04F,001001111,79,7,1,0,1,2,10,2,"PIX4051=U8_4051R7@X1, PIX4052=U65_4052Mux6@S0B, DG4051=U50_DAC_LV2@X7 nEN=H, U52=LV2-pin7 FMC_A0A1A2=010"
2425,7,J2_JB7,44,0x053,001010011,83,3,0,1,1,2,10,2,"PIX4051=U32_4051L7@X1, PIX4052=U67_4052Mux5@S1A, DG4051=U49_DAC_LV2@X3 nEN=L, U52=LV2-pin7 FMC_A0A1A2=010"
2426,7,J2_JB7,45,0x08F,010001111,143,7,1,0,2,2,10,2,"PIX4051=U8_4051R7@X2, PIX4052=U65_4052Mux6@S0B, DG4051=U50_DAC_LV2@X7 nEN=H, U52=LV2-pin7 FMC_A0A1A2=010"
2427,7,J2_JB7,46,0x093,010010011,147,3,0,1,2,2,10,2,"PIX4051=U32_4051L7@X2, PIX4052=U67_4052Mux5@S1A, DG4051=U49_DAC_LV2@X3 nEN=L, U52=LV2-pin7 FMC_A0A1A2=010"
2428,7,J2_JB7,47,0x00F,000001111,15,7,1,0,0,2,10,2,"PIX4051=U8_4051R7@X0, PIX4052=U65_4052Mux6@S0B, DG4051=U50_DAC_LV2@X7 nEN=H, U52=LV2-pin7 FMC_A0A1A2=010"
2429,7,J2_JB7,48,0x013,000010011,19,3,0,1,0,2,10,2,"PIX4051=U32_4051L7@X0, PIX4052=U67_4052Mux5@S1A, DG4051=U49_DAC_LV2@X3 nEN=L, U52=LV2-pin7 FMC_A0A1A2=010"
2430,7,J2_JB7,49,0x0CF,011001111,207,7,1,0,3,2,10,2,"PIX4051=U8_4051R7@X3, PIX4052=U65_4052Mux6@S0B, DG4051=U50_DAC_LV2@X7 nEN=H, U52=LV2-pin7 FMC_A0A1A2=010"
2431,7,J2_JB7,50,0x0D3,011010011,211,3,0,1,3,2,10,2,"PIX4051=U32_4051L7@X3, PIX4052=U67_4052Mux5@S1A, DG4051=U49_DAC_LV2@X3 nEN=L, U52=LV2-pin7 FMC_A0A1A2=010"
2432,7,J2_JB7,51,0x15D,101011101,349,5,1,1,5,2,10,2,"PIX4051=U9_4051R7@X5, PIX4052=U65_4052Mux6@S1A, DG4051=U50_DAC_LV2@X5 nEN=H, U52=LV2-pin7 FMC_A0A1A2=010"
2433,7,J2_JB7,52,0x140,101000000,320,0,0,0,5,2,10,2,"PIX4051=U33_4051L7@X5, PIX4052=U67_4052Mux5@S0B, DG4051=U49_DAC_LV2@X0 nEN=L, U52=LV2-pin7 FMC_A0A1A2=010"
2434,7,J2_JB7,53,0x1DD,111011101,477,5,1,1,7,2,10,2,"PIX4051=U9_4051R7@X7, PIX4052=U65_4052Mux6@S1A, DG4051=U50_DAC_LV2@X5 nEN=H, U52=LV2-pin7 FMC_A0A1A2=010"
2435,7,J2_JB7,54,0x1C0,111000000,448,0,0,0,7,2,10,2,"PIX4051=U33_4051L7@X7, PIX4052=U67_4052Mux5@S0B, DG4051=U49_DAC_LV2@X0 nEN=L, U52=LV2-pin7 FMC_A0A1A2=010"
2436,7,J2_JB7,55,0x11D,100011101,285,5,1,1,4,2,10,2,"PIX4051=U9_4051R7@X4, PIX4052=U65_4052Mux6@S1A, DG4051=U50_DAC_LV2@X5 nEN=H, U52=LV2-pin7 FMC_A0A1A2=010"
2437,7,J2_JB7,56,0x100,100000000,256,0,0,0,4,2,10,2,"PIX4051=U33_4051L7@X4, PIX4052=U67_4052Mux5@S0B, DG4051=U49_DAC_LV2@X0 nEN=L, U52=LV2-pin7 FMC_A0A1A2=010"
2438,7,J2_JB7,57,0x19D,110011101,413,5,1,1,6,2,10,2,"PIX4051=U9_4051R7@X6, PIX4052=U65_4052Mux6@S1A, DG4051=U50_DAC_LV2@X5 nEN=H, U52=LV2-pin7 FMC_A0A1A2=010"
2439,7,J2_JB7,58,0x180,110000000,384,0,0,0,6,2,10,2,"PIX4051=U33_4051L7@X6, PIX4052=U67_4052Mux5@S0B, DG4051=U49_DAC_LV2@X0 nEN=L, U52=LV2-pin7 FMC_A0A1A2=010"
2440,7,J2_JB7,59,0x05D,001011101,93,5,1,1,1,2,10,2,"PIX4051=U9_4051R7@X1, PIX4052=U65_4052Mux6@S1A, DG4051=U50_DAC_LV2@X5 nEN=H, U52=LV2-pin7 FMC_A0A1A2=010"
2441,7,J2_JB7,60,0x040,001000000,64,0,0,0,1,2,10,2,"PIX4051=U33_4051L7@X1, PIX4052=U67_4052Mux5@S0B, DG4051=U49_DAC_LV2@X0 nEN=L, U52=LV2-pin7 FMC_A0A1A2=010"
2442,7,J2_JB7,61,0x09D,010011101,157,5,1,1,2,2,10,2,"PIX4051=U9_4051R7@X2, PIX4052=U65_4052Mux6@S1A, DG4051=U50_DAC_LV2@X5 nEN=H, U52=LV2-pin7 FMC_A0A1A2=010"
2443,7,J2_JB7,62,0x080,010000000,128,0,0,0,2,2,10,2,"PIX4051=U33_4051L7@X2, PIX4052=U67_4052Mux5@S0B, DG4051=U49_DAC_LV2@X0 nEN=L, U52=LV2-pin7 FMC_A0A1A2=010"
2444,7,J2_JB7,63,0x01D,000011101,29,5,1,1,0,2,10,2,"PIX4051=U9_4051R7@X0, PIX4052=U65_4052Mux6@S1A, DG4051=U50_DAC_LV2@X5 nEN=H, U52=LV2-pin7 FMC_A0A1A2=010"
2445,7,J2_JB7,64,0x000,000000000,0,0,0,0,0,2,10,2,"PIX4051=U33_4051L7@X0, PIX4052=U67_4052Mux5@S0B, DG4051=U49_DAC_LV2@X0 nEN=L, U52=LV2-pin7 FMC_A0A1A2=010"
2446,7,J2_JB7,65,0x0DD,011011101,221,5,1,1,3,2,10,2,"PIX4051=U9_4051R7@X3, PIX4052=U65_4052Mux6@S1A, DG4051=U50_DAC_LV2@X5 nEN=H, U52=LV2-pin7 FMC_A0A1A2=010"
2447,7,J2_JB7,66,0x0C0,011000000,192,0,0,0,3,2,10,2,"PIX4051=U33_4051L7@X3, PIX4052=U67_4052Mux5@S0B, DG4051=U49_DAC_LV2@X0 nEN=L, U52=LV2-pin7 FMC_A0A1A2=010"
2448,7,J2_JB7,67,0x14D,101001101,333,5,1,0,5,2,10,2,"PIX4051=U10_4051R7@X5, PIX4052=U65_4052Mux6@S0A, DG4051=U50_DAC_LV2@X5 nEN=H, U52=LV2-pin7 FMC_A0A1A2=010"
2449,7,J2_JB7,68,0x150,101010000,336,0,0,1,5,2,10,2,"PIX4051=U34_4051L7@X5, PIX4052=U67_4052Mux5@S1B, DG4051=U49_DAC_LV2@X0 nEN=L, U52=LV2-pin7 FMC_A0A1A2=010"
2450,7,J2_JB7,69,0x1CD,111001101,461,5,1,0,7,2,10,2,"PIX4051=U10_4051R7@X7, PIX4052=U65_4052Mux6@S0A, DG4051=U50_DAC_LV2@X5 nEN=H, U52=LV2-pin7 FMC_A0A1A2=010"
2451,7,J2_JB7,70,0x1D0,111010000,464,0,0,1,7,2,10,2,"PIX4051=U34_4051L7@X7, PIX4052=U67_4052Mux5@S1B, DG4051=U49_DAC_LV2@X0 nEN=L, U52=LV2-pin7 FMC_A0A1A2=010"
2452,7,J2_JB7,71,0x10D,100001101,269,5,1,0,4,2,10,2,"PIX4051=U10_4051R7@X4, PIX4052=U65_4052Mux6@S0A, DG4051=U50_DAC_LV2@X5 nEN=H, U52=LV2-pin7 FMC_A0A1A2=010"
2453,7,J2_JB7,72,0x110,100010000,272,0,0,1,4,2,10,2,"PIX4051=U34_4051L7@X4, PIX4052=U67_4052Mux5@S1B, DG4051=U49_DAC_LV2@X0 nEN=L, U52=LV2-pin7 FMC_A0A1A2=010"
2454,7,J2_JB7,73,0x18D,110001101,397,5,1,0,6,2,10,2,"PIX4051=U10_4051R7@X6, PIX4052=U65_4052Mux6@S0A, DG4051=U50_DAC_LV2@X5 nEN=H, U52=LV2-pin7 FMC_A0A1A2=010"
2455,7,J2_JB7,74,0x190,110010000,400,0,0,1,6,2,10,2,"PIX4051=U34_4051L7@X6, PIX4052=U67_4052Mux5@S1B, DG4051=U49_DAC_LV2@X0 nEN=L, U52=LV2-pin7 FMC_A0A1A2=010"
2456,7,J2_JB7,75,0x04D,001001101,77,5,1,0,1,2,10,2,"PIX4051=U10_4051R7@X1, PIX4052=U65_4052Mux6@S0A, DG4051=U50_DAC_LV2@X5 nEN=H, U52=LV2-pin7 FMC_A0A1A2=010"
2457,7,J2_JB7,76,0x050,001010000,80,0,0,1,1,2,10,2,"PIX4051=U34_4051L7@X1, PIX4052=U67_4052Mux5@S1B, DG4051=U49_DAC_LV2@X0 nEN=L, U52=LV2-pin7 FMC_A0A1A2=010"
2458,7,J2_JB15,1,0x08D,010001101,141,5,1,0,2,2,10,2,"PIX4051=U10_4051R7@X2, PIX4052=U65_4052Mux6@S0A, DG4051=U50_DAC_LV2@X5 nEN=H, U52=LV2-pin7 FMC_A0A1A2=010"
2459,7,J2_JB15,2,0x090,010010000,144,0,0,1,2,2,10,2,"PIX4051=U34_4051L7@X2, PIX4052=U67_4052Mux5@S1B, DG4051=U49_DAC_LV2@X0 nEN=L, U52=LV2-pin7 FMC_A0A1A2=010"
2460,7,J2_JB15,3,0x00D,000001101,13,5,1,0,0,2,10,2,"PIX4051=U10_4051R7@X0, PIX4052=U65_4052Mux6@S0A, DG4051=U50_DAC_LV2@X5 nEN=H, U52=LV2-pin7 FMC_A0A1A2=010"
2461,7,J2_JB15,4,0x010,000010000,16,0,0,1,0,2,10,2,"PIX4051=U34_4051L7@X0, PIX4052=U67_4052Mux5@S1B, DG4051=U49_DAC_LV2@X0 nEN=L, U52=LV2-pin7 FMC_A0A1A2=010"
2462,7,J2_JB15,5,0x0CD,011001101,205,5,1,0,3,2,10,2,"PIX4051=U10_4051R7@X3, PIX4052=U65_4052Mux6@S0A, DG4051=U50_DAC_LV2@X5 nEN=H, U52=LV2-pin7 FMC_A0A1A2=010"
2463,7,J2_JB15,6,0x0D0,011010000,208,0,0,1,3,2,10,2,"PIX4051=U34_4051L7@X3, PIX4052=U67_4052Mux5@S1B, DG4051=U49_DAC_LV2@X0 nEN=L, U52=LV2-pin7 FMC_A0A1A2=010"
2464,7,J2_JB15,7,0x152,101010010,338,2,0,1,5,2,10,2,"PIX4051=U11_4051R7@X5, PIX4052=U68_4052Mux5@S1B, DG4051=U49_DAC_LV2@X2 nEN=L, U52=LV2-pin7 FMC_A0A1A2=010"
2465,7,J2_JB15,8,0x141,101000001,321,1,0,0,5,2,10,2,"PIX4051=U35_4051L7@X5, PIX4052=U68_4052Mux5@S0A, DG4051=U49_DAC_LV2@X1 nEN=L, U52=LV2-pin7 FMC_A0A1A2=010"
2466,7,J2_JB15,9,0x1D2,111010010,466,2,0,1,7,2,10,2,"PIX4051=U11_4051R7@X7, PIX4052=U68_4052Mux5@S1B, DG4051=U49_DAC_LV2@X2 nEN=L, U52=LV2-pin7 FMC_A0A1A2=010"
2467,7,J2_JB15,10,0x1C1,111000001,449,1,0,0,7,2,10,2,"PIX4051=U35_4051L7@X7, PIX4052=U68_4052Mux5@S0A, DG4051=U49_DAC_LV2@X1 nEN=L, U52=LV2-pin7 FMC_A0A1A2=010"
2468,7,J2_JB15,11,0x112,100010010,274,2,0,1,4,2,10,2,"PIX4051=U11_4051R7@X4, PIX4052=U68_4052Mux5@S1B, DG4051=U49_DAC_LV2@X2 nEN=L, U52=LV2-pin7 FMC_A0A1A2=010"
2469,7,J2_JB15,12,0x101,100000001,257,1,0,0,4,2,10,2,"PIX4051=U35_4051L7@X4, PIX4052=U68_4052Mux5@S0A, DG4051=U49_DAC_LV2@X1 nEN=L, U52=LV2-pin7 FMC_A0A1A2=010"
2470,7,J2_JB15,13,0x192,110010010,402,2,0,1,6,2,10,2,"PIX4051=U11_4051R7@X6, PIX4052=U68_4052Mux5@S1B, DG4051=U49_DAC_LV2@X2 nEN=L, U52=LV2-pin7 FMC_A0A1A2=010"
2471,7,J2_JB15,14,0x181,110000001,385,1,0,0,6,2,10,2,"PIX4051=U35_4051L7@X6, PIX4052=U68_4052Mux5@S0A, DG4051=U49_DAC_LV2@X1 nEN=L, U52=LV2-pin7 FMC_A0A1A2=010"
2472,7,J2_JB15,15,0x052,001010010,82,2,0,1,1,2,10,2,"PIX4051=U11_4051R7@X1, PIX4052=U68_4052Mux5@S1B, DG4051=U49_DAC_LV2@X2 nEN=L, U52=LV2-pin7 FMC_A0A1A2=010"
2473,7,J2_JB15,16,0x041,001000001,65,1,0,0,1,2,10,2,"PIX4051=U35_4051L7@X1, PIX4052=U68_4052Mux5@S0A, DG4051=U49_DAC_LV2@X1 nEN=L, U52=LV2-pin7 FMC_A0A1A2=010"
2474,7,J2_JB15,17,0x092,010010010,146,2,0,1,2,2,10,2,"PIX4051=U11_4051R7@X2, PIX4052=U68_4052Mux5@S1B, DG4051=U49_DAC_LV2@X2 nEN=L, U52=LV2-pin7 FMC_A0A1A2=010"
2475,7,J2_JB15,18,0x081,010000001,129,1,0,0,2,2,10,2,"PIX4051=U35_4051L7@X2, PIX4052=U68_4052Mux5@S0A, DG4051=U49_DAC_LV2@X1 nEN=L, U52=LV2-pin7 FMC_A0A1A2=010"
2476,7,J2_JB15,19,0x012,000010010,18,2,0,1,0,2,10,2,"PIX4051=U11_4051R7@X0, PIX4052=U68_4052Mux5@S1B, DG4051=U49_DAC_LV2@X2 nEN=L, U52=LV2-pin7 FMC_A0A1A2=010"
2477,7,J2_JB15,20,0x001,000000001,1,1,0,0,0,2,10,2,"PIX4051=U35_4051L7@X0, PIX4052=U68_4052Mux5@S0A, DG4051=U49_DAC_LV2@X1 nEN=L, U52=LV2-pin7 FMC_A0A1A2=010"
2478,7,J2_JB15,21,0x0D2,011010010,210,2,0,1,3,2,10,2,"PIX4051=U11_4051R7@X3, PIX4052=U68_4052Mux5@S1B, DG4051=U49_DAC_LV2@X2 nEN=L, U52=LV2-pin7 FMC_A0A1A2=010"
2479,7,J2_JB15,22,0x0C1,011000001,193,1,0,0,3,2,10,2,"PIX4051=U35_4051L7@X3, PIX4052=U68_4052Mux5@S0A, DG4051=U49_DAC_LV2@X1 nEN=L, U52=LV2-pin7 FMC_A0A1A2=010"
2480,7,J2_JB15,23,0x142,101000010,322,2,0,0,5,2,10,2,"PIX4051=U12_4051R7@X5, PIX4052=U68_4052Mux5@S0B, DG4051=U49_DAC_LV2@X2 nEN=L, U52=LV2-pin7 FMC_A0A1A2=010"
2481,7,J2_JB15,24,0x151,101010001,337,1,0,1,5,2,10,2,"PIX4051=U36_4051L7@X5, PIX4052=U68_4052Mux5@S1A, DG4051=U49_DAC_LV2@X1 nEN=L, U52=LV2-pin7 FMC_A0A1A2=010"
2482,7,J2_JB15,25,0x1C2,111000010,450,2,0,0,7,2,10,2,"PIX4051=U12_4051R7@X7, PIX4052=U68_4052Mux5@S0B, DG4051=U49_DAC_LV2@X2 nEN=L, U52=LV2-pin7 FMC_A0A1A2=010"
2483,7,J2_JB15,26,0x1D1,111010001,465,1,0,1,7,2,10,2,"PIX4051=U36_4051L7@X7, PIX4052=U68_4052Mux5@S1A, DG4051=U49_DAC_LV2@X1 nEN=L, U52=LV2-pin7 FMC_A0A1A2=010"
2484,7,J2_JB15,27,0x102,100000010,258,2,0,0,4,2,10,2,"PIX4051=U12_4051R7@X4, PIX4052=U68_4052Mux5@S0B, DG4051=U49_DAC_LV2@X2 nEN=L, U52=LV2-pin7 FMC_A0A1A2=010"
2485,7,J2_JB15,28,0x111,100010001,273,1,0,1,4,2,10,2,"PIX4051=U36_4051L7@X4, PIX4052=U68_4052Mux5@S1A, DG4051=U49_DAC_LV2@X1 nEN=L, U52=LV2-pin7 FMC_A0A1A2=010"
2486,7,J2_JB15,29,0x182,110000010,386,2,0,0,6,2,10,2,"PIX4051=U12_4051R7@X6, PIX4052=U68_4052Mux5@S0B, DG4051=U49_DAC_LV2@X2 nEN=L, U52=LV2-pin7 FMC_A0A1A2=010"
2487,7,J2_JB15,30,0x191,110010001,401,1,0,1,6,2,10,2,"PIX4051=U36_4051L7@X6, PIX4052=U68_4052Mux5@S1A, DG4051=U49_DAC_LV2@X1 nEN=L, U52=LV2-pin7 FMC_A0A1A2=010"
2488,7,J2_JB15,31,0x042,001000010,66,2,0,0,1,2,10,2,"PIX4051=U12_4051R7@X1, PIX4052=U68_4052Mux5@S0B, DG4051=U49_DAC_LV2@X2 nEN=L, U52=LV2-pin7 FMC_A0A1A2=010"
2489,7,J2_JB15,32,0x051,001010001,81,1,0,1,1,2,10,2,"PIX4051=U36_4051L7@X1, PIX4052=U68_4052Mux5@S1A, DG4051=U49_DAC_LV2@X1 nEN=L, U52=LV2-pin7 FMC_A0A1A2=010"
2490,7,J2_JB15,33,0x082,010000010,130,2,0,0,2,2,10,2,"PIX4051=U12_4051R7@X2, PIX4052=U68_4052Mux5@S0B, DG4051=U49_DAC_LV2@X2 nEN=L, U52=LV2-pin7 FMC_A0A1A2=010"
2491,7,J2_JB15,34,0x091,010010001,145,1,0,1,2,2,10,2,"PIX4051=U36_4051L7@X2, PIX4052=U68_4052Mux5@S1A, DG4051=U49_DAC_LV2@X1 nEN=L, U52=LV2-pin7 FMC_A0A1A2=010"
2492,7,J2_JB15,35,0x002,000000010,2,2,0,0,0,2,10,2,"PIX4051=U12_4051R7@X0, PIX4052=U68_4052Mux5@S0B, DG4051=U49_DAC_LV2@X2 nEN=L, U52=LV2-pin7 FMC_A0A1A2=010"
2493,7,J2_JB15,36,0x011,000010001,17,1,0,1,0,2,10,2,"PIX4051=U36_4051L7@X0, PIX4052=U68_4052Mux5@S1A, DG4051=U49_DAC_LV2@X1 nEN=L, U52=LV2-pin7 FMC_A0A1A2=010"
2494,7,J2_JB15,37,0x0C2,011000010,194,2,0,0,3,2,10,2,"PIX4051=U12_4051R7@X3, PIX4052=U68_4052Mux5@S0B, DG4051=U49_DAC_LV2@X2 nEN=L, U52=LV2-pin7 FMC_A0A1A2=010"
2495,7,J2_JB15,38,0x0D1,011010001,209,1,0,1,3,2,10,2,"PIX4051=U36_4051L7@X3, PIX4052=U68_4052Mux5@S1A, DG4051=U49_DAC_LV2@X1 nEN=L, U52=LV2-pin7 FMC_A0A1A2=010"
2496,7,J2_JB15,39,0x16D,101101101,365,5,1,2,5,6,11,3,"PIX4051=U13_4051R7@X5, PIX4052=U65_4052Mux11@S2A, DG4051=U54_DAC_LV2@X5 nEN=H, U52=LV2-pin1 FMC_A0A1A2=011"
2497,7,J2_JB15,40,0x16F,101101111,367,7,1,2,5,6,11,3,"PIX4051=U37_4051L7@X5, PIX4052=U65_4052Mux11@S2B, DG4051=U54_DAC_LV2@X7 nEN=H, U52=LV2-pin1 FMC_A0A1A2=011"
2498,7,J2_JB15,41,0x1ED,111101101,493,5,1,2,7,6,11,3,"PIX4051=U13_4051R7@X7, PIX4052=U65_4052Mux11@S2A, DG4051=U54_DAC_LV2@X5 nEN=H, U52=LV2-pin1 FMC_A0A1A2=011"
2499,7,J2_JB15,42,0x1EF,111101111,495,7,1,2,7,6,11,3,"PIX4051=U37_4051L7@X7, PIX4052=U65_4052Mux11@S2B, DG4051=U54_DAC_LV2@X7 nEN=H, U52=LV2-pin1 FMC_A0A1A2=011"
2500,7,J2_JB15,43,0x12D,100101101,301,5,1,2,4,6,11,3,"PIX4051=U13_4051R7@X4, PIX4052=U65_4052Mux11@S2A, DG4051=U54_DAC_LV2@X5 nEN=H, U52=LV2-pin1 FMC_A0A1A2=011"
2501,7,J2_JB15,44,0x12F,100101111,303,7,1,2,4,6,11,3,"PIX4051=U37_4051L7@X4, PIX4052=U65_4052Mux11@S2B, DG4051=U54_DAC_LV2@X7 nEN=H, U52=LV2-pin1 FMC_A0A1A2=011"
2502,7,J2_JB15,45,0x1AD,110101101,429,5,1,2,6,6,11,3,"PIX4051=U13_4051R7@X6, PIX4052=U65_4052Mux11@S2A, DG4051=U54_DAC_LV2@X5 nEN=H, U52=LV2-pin1 FMC_A0A1A2=011"
2503,7,J2_JB15,46,0x1AF,110101111,431,7,1,2,6,6,11,3,"PIX4051=U37_4051L7@X6, PIX4052=U65_4052Mux11@S2B, DG4051=U54_DAC_LV2@X7 nEN=H, U52=LV2-pin1 FMC_A0A1A2=011"
2504,7,J2_JB15,47,0x06D,001101101,109,5,1,2,1,6,11,3,"PIX4051=U13_4051R7@X1, PIX4052=U65_4052Mux11@S2A, DG4051=U54_DAC_LV2@X5 nEN=H, U52=LV2-pin1 FMC_A0A1A2=011"
2505,7,J2_JB15,48,0x06F,001101111,111,7,1,2,1,6,11,3,"PIX4051=U37_4051L7@X1, PIX4052=U65_4052Mux11@S2B, DG4051=U54_DAC_LV2@X7 nEN=H, U52=LV2-pin1 FMC_A0A1A2=011"
2506,7,J2_JB15,49,0x0AD,010101101,173,5,1,2,2,6,11,3,"PIX4051=U13_4051R7@X2, PIX4052=U65_4052Mux11@S2A, DG4051=U54_DAC_LV2@X5 nEN=H, U52=LV2-pin1 FMC_A0A1A2=011"
2507,7,J2_JB15,50,0x0AF,010101111,175,7,1,2,2,6,11,3,"PIX4051=U37_4051L7@X2, PIX4052=U65_4052Mux11@S2B, DG4051=U54_DAC_LV2@X7 nEN=H, U52=LV2-pin1 FMC_A0A1A2=011"
2508,7,J2_JB15,51,0x02D,000101101,45,5,1,2,0,6,11,3,"PIX4051=U13_4051R7@X0, PIX4052=U65_4052Mux11@S2A, DG4051=U54_DAC_LV2@X5 nEN=H, U52=LV2-pin1 FMC_A0A1A2=011"
2509,7,J2_JB15,52,0x02F,000101111,47,7,1,2,0,6,11,3,"PIX4051=U37_4051L7@X0, PIX4052=U65_4052Mux11@S2B, DG4051=U54_DAC_LV2@X7 nEN=H, U52=LV2-pin1 FMC_A0A1A2=011"
2510,7,J2_JB15,53,0x0ED,011101101,237,5,1,2,3,6,11,3,"PIX4051=U13_4051R7@X3, PIX4052=U65_4052Mux11@S2A, DG4051=U54_DAC_LV2@X5 nEN=H, U52=LV2-pin1 FMC_A0A1A2=011"
2511,7,J2_JB15,54,0x0EF,011101111,239,7,1,2,3,6,11,3,"PIX4051=U37_4051L7@X3, PIX4052=U65_4052Mux11@S2B, DG4051=U54_DAC_LV2@X7 nEN=H, U52=LV2-pin1 FMC_A0A1A2=011"
2512,7,J2_JB15,55,0x17D,101111101,381,5,1,3,5,6,11,3,"PIX4051=U14_4051R7@X5, PIX4052=U65_4052Mux11@S3A, DG4051=U54_DAC_LV2@X5 nEN=H, U52=LV2-pin1 FMC_A0A1A2=011"
2513,7,J2_JB15,56,0x17F,101111111,383,7,1,3,5,6,11,3,"PIX4051=U38_4051L7@X5, PIX4052=U65_4052Mux11@S3B, DG4051=U54_DAC_LV2@X7 nEN=H, U52=LV2-pin1 FMC_A0A1A2=011"
2514,7,J2_JB15,57,0x1FD,111111101,509,5,1,3,7,6,11,3,"PIX4051=U14_4051R7@X7, PIX4052=U65_4052Mux11@S3A, DG4051=U54_DAC_LV2@X5 nEN=H, U52=LV2-pin1 FMC_A0A1A2=011"
2515,7,J2_JB15,58,0x1FF,111111111,511,7,1,3,7,6,11,3,"PIX4051=U38_4051L7@X7, PIX4052=U65_4052Mux11@S3B, DG4051=U54_DAC_LV2@X7 nEN=H, U52=LV2-pin1 FMC_A0A1A2=011"
2516,7,J2_JB15,59,0x13D,100111101,317,5,1,3,4,6,11,3,"PIX4051=U14_4051R7@X4, PIX4052=U65_4052Mux11@S3A, DG4051=U54_DAC_LV2@X5 nEN=H, U52=LV2-pin1 FMC_A0A1A2=011"
2517,7,J2_JB15,60,0x13F,100111111,319,7,1,3,4,6,11,3,"PIX4051=U38_4051L7@X4, PIX4052=U65_4052Mux11@S3B, DG4051=U54_DAC_LV2@X7 nEN=H, U52=LV2-pin1 FMC_A0A1A2=011"
2518,7,J2_JB15,61,0x1BD,110111101,445,5,1,3,6,6,11,3,"PIX4051=U14_4051R7@X6, PIX4052=U65_4052Mux11@S3A, DG4051=U54_DAC_LV2@X5 nEN=H, U52=LV2-pin1 FMC_A0A1A2=011"
2519,7,J2_JB15,62,0x1BF,110111111,447,7,1,3,6,6,11,3,"PIX4051=U38_4051L7@X6, PIX4052=U65_4052Mux11@S3B, DG4051=U54_DAC_LV2@X7 nEN=H, U52=LV2-pin1 FMC_A0A1A2=011"
2520,7,J2_JB15,63,0x07D,001111101,125,5,1,3,1,6,11,3,"PIX4051=U14_4051R7@X1, PIX4052=U65_4052Mux11@S3A, DG4051=U54_DAC_LV2@X5 nEN=H, U52=LV2-pin1 FMC_A0A1A2=011"
2521,7,J2_JB15,64,0x07F,001111111,127,7,1,3,1,6,11,3,"PIX4051=U38_4051L7@X1, PIX4052=U65_4052Mux11@S3B, DG4051=U54_DAC_LV2@X7 nEN=H, U52=LV2-pin1 FMC_A0A1A2=011"
2522,7,J2_JB15,65,0x0BD,010111101,189,5,1,3,2,6,11,3,"PIX4051=U14_4051R7@X2, PIX4052=U65_4052Mux11@S3A, DG4051=U54_DAC_LV2@X5 nEN=H, U52=LV2-pin1 FMC_A0A1A2=011"
2523,7,J2_JB15,66,0x0BF,010111111,191,7,1,3,2,6,11,3,"PIX4051=U38_4051L7@X2, PIX4052=U65_4052Mux11@S3B, DG4051=U54_DAC_LV2@X7 nEN=H, U52=LV2-pin1 FMC_A0A1A2=011"
2524,7,J2_JB15,67,0x03D,000111101,61,5,1,3,0,6,11,3,"PIX4051=U14_4051R7@X0, PIX4052=U65_4052Mux11@S3A, DG4051=U54_DAC_LV2@X5 nEN=H, U52=LV2-pin1 FMC_A0A1A2=011"
2525,7,J2_JB15,68,0x03F,000111111,63,7,1,3,0,6,11,3,"PIX4051=U38_4051L7@X0, PIX4052=U65_4052Mux11@S3B, DG4051=U54_DAC_LV2@X7 nEN=H, U52=LV2-pin1 FMC_A0A1A2=011"
2526,7,J2_JB15,69,0x0FD,011111101,253,5,1,3,3,6,11,3,"PIX4051=U14_4051R7@X3, PIX4052=U65_4052Mux11@S3A, DG4051=U54_DAC_LV2@X5 nEN=H, U52=LV2-pin1 FMC_A0A1A2=011"
2527,7,J2_JB15,70,0x0FF,011111111,255,7,1,3,3,6,11,3,"PIX4051=U38_4051L7@X3, PIX4052=U65_4052Mux11@S3B, DG4051=U54_DAC_LV2@X7 nEN=H, U52=LV2-pin1 FMC_A0A1A2=011"
2528,7,J2_JB15,71,0x172,101110010,370,2,0,3,5,6,11,3,"PIX4051=U15_4051R7@X5, PIX4052=U68_4052Mux12@S3B, DG4051=U53_DAC_LV2@X2 nEN=L, U52=LV2-pin1 FMC_A0A1A2=011"
2529,7,J2_JB15,72,0x17E,101111110,382,6,1,3,5,6,11,3,"PIX4051=U39_4051L7@X5, PIX4052=U66_4052Mux11@S3A, DG4051=U54_DAC_LV2@X6 nEN=H, U52=LV2-pin1 FMC_A0A1A2=011"
2530,7,J2_JB15,73,0x1F2,111110010,498,2,0,3,7,6,11,3,"PIX4051=U15_4051R7@X7, PIX4052=U68_4052Mux12@S3B, DG4051=U53_DAC_LV2@X2 nEN=L, U52=LV2-pin1 FMC_A0A1A2=011"
2531,7,J2_JB15,74,0x1FE,111111110,510,6,1,3,7,6,11,3,"PIX4051=U39_4051L7@X7, PIX4052=U66_4052Mux11@S3A, DG4051=U54_DAC_LV2@X6 nEN=H, U52=LV2-pin1 FMC_A0A1A2=011"
2532,7,J2_JB15,75,0x132,100110010,306,2,0,3,4,6,11,3,"PIX4051=U15_4051R7@X4, PIX4052=U68_4052Mux12@S3B, DG4051=U53_DAC_LV2@X2 nEN=L, U52=LV2-pin1 FMC_A0A1A2=011"
2533,7,J2_JB15,76,0x13E,100111110,318,6,1,3,4,6,11,3,"PIX4051=U39_4051L7@X4, PIX4052=U66_4052Mux11@S3A, DG4051=U54_DAC_LV2@X6 nEN=H, U52=LV2-pin1 FMC_A0A1A2=011"
2534,7,J2_JB23,1,0x1B2,110110010,434,2,0,3,6,6,11,3,"PIX4051=U15_4051R7@X6, PIX4052=U68_4052Mux12@S3B, DG4051=U53_DAC_LV2@X2 nEN=L, U52=LV2-pin1 FMC_A0A1A2=011"
2535,7,J2_JB23,2,0x1BE,110111110,446,6,1,3,6,6,11,3,"PIX4051=U39_4051L7@X6, PIX4052=U66_4052Mux11@S3A, DG4051=U54_DAC_LV2@X6 nEN=H, U52=LV2-pin1 FMC_A0A1A2=011"
2536,7,J2_JB23,3,0x072,001110010,114,2,0,3,1,6,11,3,"PIX4051=U15_4051R7@X1, PIX4052=U68_4052Mux12@S3B, DG4051=U53_DAC_LV2@X2 nEN=L, U52=LV2-pin1 FMC_A0A1A2=011"
2537,7,J2_JB23,4,0x07E,001111110,126,6,1,3,1,6,11,3,"PIX4051=U39_4051L7@X1, PIX4052=U66_4052Mux11@S3A, DG4051=U54_DAC_LV2@X6 nEN=H, U52=LV2-pin1 FMC_A0A1A2=011"
2538,7,J2_JB23,5,0x0B2,010110010,178,2,0,3,2,6,11,3,"PIX4051=U15_4051R7@X2, PIX4052=U68_4052Mux12@S3B, DG4051=U53_DAC_LV2@X2 nEN=L, U52=LV2-pin1 FMC_A0A1A2=011"
2539,7,J2_JB23,6,0x0BE,010111110,190,6,1,3,2,6,11,3,"PIX4051=U39_4051L7@X2, PIX4052=U66_4052Mux11@S3A, DG4051=U54_DAC_LV2@X6 nEN=H, U52=LV2-pin1 FMC_A0A1A2=011"
2540,7,J2_JB23,7,0x032,000110010,50,2,0,3,0,6,11,3,"PIX4051=U15_4051R7@X0, PIX4052=U68_4052Mux12@S3B, DG4051=U53_DAC_LV2@X2 nEN=L, U52=LV2-pin1 FMC_A0A1A2=011"
2541,7,J2_JB23,8,0x03E,000111110,62,6,1,3,0,6,11,3,"PIX4051=U39_4051L7@X0, PIX4052=U66_4052Mux11@S3A, DG4051=U54_DAC_LV2@X6 nEN=H, U52=LV2-pin1 FMC_A0A1A2=011"
2542,7,J2_JB23,9,0x0F2,011110010,242,2,0,3,3,6,11,3,"PIX4051=U15_4051R7@X3, PIX4052=U68_4052Mux12@S3B, DG4051=U53_DAC_LV2@X2 nEN=L, U52=LV2-pin1 FMC_A0A1A2=011"
2543,7,J2_JB23,10,0x0FE,011111110,254,6,1,3,3,6,11,3,"PIX4051=U39_4051L7@X3, PIX4052=U66_4052Mux11@S3A, DG4051=U54_DAC_LV2@X6 nEN=H, U52=LV2-pin1 FMC_A0A1A2=011"
2544,7,J2_JB23,11,0x162,101100010,354,2,0,2,5,6,11,3,"PIX4051=U16_4051R7@X5, PIX4052=U68_4052Mux12@S2B, DG4051=U53_DAC_LV2@X2 nEN=L, U52=LV2-pin1 FMC_A0A1A2=011"
2545,7,J2_JB23,12,0x16E,101101110,366,6,1,2,5,6,11,3,"PIX4051=U40_4051L7@X5, PIX4052=U66_4052Mux11@S2A, DG4051=U54_DAC_LV2@X6 nEN=H, U52=LV2-pin1 FMC_A0A1A2=011"
2546,7,J2_JB23,13,0x1E2,111100010,482,2,0,2,7,6,11,3,"PIX4051=U16_4051R7@X7, PIX4052=U68_4052Mux12@S2B, DG4051=U53_DAC_LV2@X2 nEN=L, U52=LV2-pin1 FMC_A0A1A2=011"
2547,7,J2_JB23,14,0x1EE,111101110,494,6,1,2,7,6,11,3,"PIX4051=U40_4051L7@X7, PIX4052=U66_4052Mux11@S2A, DG4051=U54_DAC_LV2@X6 nEN=H, U52=LV2-pin1 FMC_A0A1A2=011"
2548,7,J2_JB23,15,0x122,100100010,290,2,0,2,4,6,11,3,"PIX4051=U16_4051R7@X4, PIX4052=U68_4052Mux12@S2B, DG4051=U53_DAC_LV2@X2 nEN=L, U52=LV2-pin1 FMC_A0A1A2=011"
2549,7,J2_JB23,16,0x12E,100101110,302,6,1,2,4,6,11,3,"PIX4051=U40_4051L7@X4, PIX4052=U66_4052Mux11@S2A, DG4051=U54_DAC_LV2@X6 nEN=H, U52=LV2-pin1 FMC_A0A1A2=011"
2550,7,J2_JB23,17,0x1A2,110100010,418,2,0,2,6,6,11,3,"PIX4051=U16_4051R7@X6, PIX4052=U68_4052Mux12@S2B, DG4051=U53_DAC_LV2@X2 nEN=L, U52=LV2-pin1 FMC_A0A1A2=011"
2551,7,J2_JB23,18,0x1AE,110101110,430,6,1,2,6,6,11,3,"PIX4051=U40_4051L7@X6, PIX4052=U66_4052Mux11@S2A, DG4051=U54_DAC_LV2@X6 nEN=H, U52=LV2-pin1 FMC_A0A1A2=011"
2552,7,J2_JB23,19,0x062,001100010,98,2,0,2,1,6,11,3,"PIX4051=U16_4051R7@X1, PIX4052=U68_4052Mux12@S2B, DG4051=U53_DAC_LV2@X2 nEN=L, U52=LV2-pin1 FMC_A0A1A2=011"
2553,7,J2_JB23,20,0x06E,001101110,110,6,1,2,1,6,11,3,"PIX4051=U40_4051L7@X1, PIX4052=U66_4052Mux11@S2A, DG4051=U54_DAC_LV2@X6 nEN=H, U52=LV2-pin1 FMC_A0A1A2=011"
2554,7,J2_JB23,21,0x0A2,010100010,162,2,0,2,2,6,11,3,"PIX4051=U16_4051R7@X2, PIX4052=U68_4052Mux12@S2B, DG4051=U53_DAC_LV2@X2 nEN=L, U52=LV2-pin1 FMC_A0A1A2=011"
2555,7,J2_JB23,22,0x0AE,010101110,174,6,1,2,2,6,11,3,"PIX4051=U40_4051L7@X2, PIX4052=U66_4052Mux11@S2A, DG4051=U54_DAC_LV2@X6 nEN=H, U52=LV2-pin1 FMC_A0A1A2=011"
2556,7,J2_JB23,23,0x022,000100010,34,2,0,2,0,6,11,3,"PIX4051=U16_4051R7@X0, PIX4052=U68_4052Mux12@S2B, DG4051=U53_DAC_LV2@X2 nEN=L, U52=LV2-pin1 FMC_A0A1A2=011"
2557,7,J2_JB23,24,0x02E,000101110,46,6,1,2,0,6,11,3,"PIX4051=U40_4051L7@X0, PIX4052=U66_4052Mux11@S2A, DG4051=U54_DAC_LV2@X6 nEN=H, U52=LV2-pin1 FMC_A0A1A2=011"
2558,7,J2_JB23,25,0x0E2,011100010,226,2,0,2,3,6,11,3,"PIX4051=U16_4051R7@X3, PIX4052=U68_4052Mux12@S2B, DG4051=U53_DAC_LV2@X2 nEN=L, U52=LV2-pin1 FMC_A0A1A2=011"
2559,7,J2_JB23,26,0x0EE,011101110,238,6,1,2,3,6,11,3,"PIX4051=U40_4051L7@X3, PIX4052=U66_4052Mux11@S2A, DG4051=U54_DAC_LV2@X6 nEN=H, U52=LV2-pin1 FMC_A0A1A2=011"
2560,7,J2_JB23,27,0x161,101100001,353,1,0,2,5,6,11,3,"PIX4051=U17_4051R7@X5, PIX4052=U68_4052Mux12@S2A, DG4051=U53_DAC_LV2@X1 nEN=L, U52=LV2-pin1 FMC_A0A1A2=011"
2561,7,J2_JB23,28,0x16C,101101100,364,4,1,2,5,6,11,3,"PIX4051=U41_4051L7@X5, PIX4052=U66_4052Mux11@S2B, DG4051=U54_DAC_LV2@X4 nEN=H, U52=LV2-pin1 FMC_A0A1A2=011"
2562,7,J2_JB23,29,0x1E1,111100001,481,1,0,2,7,6,11,3,"PIX4051=U17_4051R7@X7, PIX4052=U68_4052Mux12@S2A, DG4051=U53_DAC_LV2@X1 nEN=L, U52=LV2-pin1 FMC_A0A1A2=011"
2563,7,J2_JB23,30,0x1EC,111101100,492,4,1,2,7,6,11,3,"PIX4051=U41_4051L7@X7, PIX4052=U66_4052Mux11@S2B, DG4051=U54_DAC_LV2@X4 nEN=H, U52=LV2-pin1 FMC_A0A1A2=011"
2564,7,J2_JB23,31,0x121,100100001,289,1,0,2,4,6,11,3,"PIX4051=U17_4051R7@X4, PIX4052=U68_4052Mux12@S2A, DG4051=U53_DAC_LV2@X1 nEN=L, U52=LV2-pin1 FMC_A0A1A2=011"
2565,7,J2_JB23,32,0x12C,100101100,300,4,1,2,4,6,11,3,"PIX4051=U41_4051L7@X4, PIX4052=U66_4052Mux11@S2B, DG4051=U54_DAC_LV2@X4 nEN=H, U52=LV2-pin1 FMC_A0A1A2=011"
2566,7,J2_JB23,33,0x1A1,110100001,417,1,0,2,6,6,11,3,"PIX4051=U17_4051R7@X6, PIX4052=U68_4052Mux12@S2A, DG4051=U53_DAC_LV2@X1 nEN=L, U52=LV2-pin1 FMC_A0A1A2=011"
2567,7,J2_JB23,34,0x1AC,110101100,428,4,1,2,6,6,11,3,"PIX4051=U41_4051L7@X6, PIX4052=U66_4052Mux11@S2B, DG4051=U54_DAC_LV2@X4 nEN=H, U52=LV2-pin1 FMC_A0A1A2=011"
2568,7,J2_JB23,35,0x061,001100001,97,1,0,2,1,6,11,3,"PIX4051=U17_4051R7@X1, PIX4052=U68_4052Mux12@S2A, DG4051=U53_DAC_LV2@X1 nEN=L, U52=LV2-pin1 FMC_A0A1A2=011"
2569,7,J2_JB23,36,0x06C,001101100,108,4,1,2,1,6,11,3,"PIX4051=U41_4051L7@X1, PIX4052=U66_4052Mux11@S2B, DG4051=U54_DAC_LV2@X4 nEN=H, U52=LV2-pin1 FMC_A0A1A2=011"
2570,7,J2_JB23,37,0x0A1,010100001,161,1,0,2,2,6,11,3,"PIX4051=U17_4051R7@X2, PIX4052=U68_4052Mux12@S2A, DG4051=U53_DAC_LV2@X1 nEN=L, U52=LV2-pin1 FMC_A0A1A2=011"
2571,7,J2_JB23,38,0x0AC,010101100,172,4,1,2,2,6,11,3,"PIX4051=U41_4051L7@X2, PIX4052=U66_4052Mux11@S2B, DG4051=U54_DAC_LV2@X4 nEN=H, U52=LV2-pin1 FMC_A0A1A2=011"
2572,7,J2_JB23,39,0x021,000100001,33,1,0,2,0,6,11,3,"PIX4051=U17_4051R7@X0, PIX4052=U68_4052Mux12@S2A, DG4051=U53_DAC_LV2@X1 nEN=L, U52=LV2-pin1 FMC_A0A1A2=011"
2573,7,J2_JB23,40,0x02C,000101100,44,4,1,2,0,6,11,3,"PIX4051=U41_4051L7@X0, PIX4052=U66_4052Mux11@S2B, DG4051=U54_DAC_LV2@X4 nEN=H, U52=LV2-pin1 FMC_A0A1A2=011"
2574,7,J2_JB23,41,0x0E1,011100001,225,1,0,2,3,6,11,3,"PIX4051=U17_4051R7@X3, PIX4052=U68_4052Mux12@S2A, DG4051=U53_DAC_LV2@X1 nEN=L, U52=LV2-pin1 FMC_A0A1A2=011"
2575,7,J2_JB23,42,0x0EC,011101100,236,4,1,2,3,6,11,3,"PIX4051=U41_4051L7@X3, PIX4052=U66_4052Mux11@S2B, DG4051=U54_DAC_LV2@X4 nEN=H, U52=LV2-pin1 FMC_A0A1A2=011"
2576,7,J2_JB23,43,0x171,101110001,369,1,0,3,5,6,11,3,"PIX4051=U18_4051R7@X5, PIX4052=U68_4052Mux12@S3A, DG4051=U53_DAC_LV2@X1 nEN=L, U52=LV2-pin1 FMC_A0A1A2=011"
2577,7,J2_JB23,44,0x17C,101111100,380,4,1,3,5,6,11,3,"PIX4051=U42_4051L7@X5, PIX4052=U66_4052Mux11@S3B, DG4051=U54_DAC_LV2@X4 nEN=H, U52=LV2-pin1 FMC_A0A1A2=011"
2578,7,J2_JB23,45,0x1F1,111110001,497,1,0,3,7,6,11,3,"PIX4051=U18_4051R7@X7, PIX4052=U68_4052Mux12@S3A, DG4051=U53_DAC_LV2@X1 nEN=L, U52=LV2-pin1 FMC_A0A1A2=011"
2579,7,J2_JB23,46,0x1FC,111111100,508,4,1,3,7,6,11,3,"PIX4051=U42_4051L7@X7, PIX4052=U66_4052Mux11@S3B, DG4051=U54_DAC_LV2@X4 nEN=H, U52=LV2-pin1 FMC_A0A1A2=011"
2580,7,J2_JB23,47,0x131,100110001,305,1,0,3,4,6,11,3,"PIX4051=U18_4051R7@X4, PIX4052=U68_4052Mux12@S3A, DG4051=U53_DAC_LV2@X1 nEN=L, U52=LV2-pin1 FMC_A0A1A2=011"
2581,7,J2_JB23,48,0x13C,100111100,316,4,1,3,4,6,11,3,"PIX4051=U42_4051L7@X4, PIX4052=U66_4052Mux11@S3B, DG4051=U54_DAC_LV2@X4 nEN=H, U52=LV2-pin1 FMC_A0A1A2=011"
2582,7,J2_JB23,49,0x1B1,110110001,433,1,0,3,6,6,11,3,"PIX4051=U18_4051R7@X6, PIX4052=U68_4052Mux12@S3A, DG4051=U53_DAC_LV2@X1 nEN=L, U52=LV2-pin1 FMC_A0A1A2=011"
2583,7,J2_JB23,50,0x1BC,110111100,444,4,1,3,6,6,11,3,"PIX4051=U42_4051L7@X6, PIX4052=U66_4052Mux11@S3B, DG4051=U54_DAC_LV2@X4 nEN=H, U52=LV2-pin1 FMC_A0A1A2=011"
2584,7,J2_JB23,51,0x071,001110001,113,1,0,3,1,6,11,3,"PIX4051=U18_4051R7@X1, PIX4052=U68_4052Mux12@S3A, DG4051=U53_DAC_LV2@X1 nEN=L, U52=LV2-pin1 FMC_A0A1A2=011"
2585,7,J2_JB23,52,0x07C,001111100,124,4,1,3,1,6,11,3,"PIX4051=U42_4051L7@X1, PIX4052=U66_4052Mux11@S3B, DG4051=U54_DAC_LV2@X4 nEN=H, U52=LV2-pin1 FMC_A0A1A2=011"
2586,7,J2_JB23,53,0x0B1,010110001,177,1,0,3,2,6,11,3,"PIX4051=U18_4051R7@X2, PIX4052=U68_4052Mux12@S3A, DG4051=U53_DAC_LV2@X1 nEN=L, U52=LV2-pin1 FMC_A0A1A2=011"
2587,7,J2_JB23,54,0x0BC,010111100,188,4,1,3,2,6,11,3,"PIX4051=U42_4051L7@X2, PIX4052=U66_4052Mux11@S3B, DG4051=U54_DAC_LV2@X4 nEN=H, U52=LV2-pin1 FMC_A0A1A2=011"
2588,7,J2_JB23,55,0x031,000110001,49,1,0,3,0,6,11,3,"PIX4051=U18_4051R7@X0, PIX4052=U68_4052Mux12@S3A, DG4051=U53_DAC_LV2@X1 nEN=L, U52=LV2-pin1 FMC_A0A1A2=011"
2589,7,J2_JB23,56,0x03C,000111100,60,4,1,3,0,6,11,3,"PIX4051=U42_4051L7@X0, PIX4052=U66_4052Mux11@S3B, DG4051=U54_DAC_LV2@X4 nEN=H, U52=LV2-pin1 FMC_A0A1A2=011"
2590,7,J2_JB23,57,0x0F1,011110001,241,1,0,3,3,6,11,3,"PIX4051=U18_4051R7@X3, PIX4052=U68_4052Mux12@S3A, DG4051=U53_DAC_LV2@X1 nEN=L, U52=LV2-pin1 FMC_A0A1A2=011"
2591,7,J2_JB23,58,0x0FC,011111100,252,4,1,3,3,6,11,3,"PIX4051=U42_4051L7@X3, PIX4052=U66_4052Mux11@S3B, DG4051=U54_DAC_LV2@X4 nEN=H, U52=LV2-pin1 FMC_A0A1A2=011"
2592,7,J2_JB23,59,0x15D,101011101,349,5,1,1,5,6,11,3,"PIX4051=U19_4051R7@X5, PIX4052=U65_4052Mux11@S1A, DG4051=U54_DAC_LV2@X5 nEN=H, U52=LV2-pin1 FMC_A0A1A2=011"
2593,7,J2_JB23,60,0x14F,101001111,335,7,1,0,5,6,11,3,"PIX4051=U43_4051L7@X5, PIX4052=U65_4052Mux11@S0B, DG4051=U54_DAC_LV2@X7 nEN=H, U52=LV2-pin1 FMC_A0A1A2=011"
2594,7,J2_JB23,61,0x1DD,111011101,477,5,1,1,7,6,11,3,"PIX4051=U19_4051R7@X7, PIX4052=U65_4052Mux11@S1A, DG4051=U54_DAC_LV2@X5 nEN=H, U52=LV2-pin1 FMC_A0A1A2=011"
2595,7,J2_JB23,62,0x1CF,111001111,463,7,1,0,7,6,11,3,"PIX4051=U43_4051L7@X7, PIX4052=U65_4052Mux11@S0B, DG4051=U54_DAC_LV2@X7 nEN=H, U52=LV2-pin1 FMC_A0A1A2=011"
2596,7,J2_JB23,63,0x11D,100011101,285,5,1,1,4,6,11,3,"PIX4051=U19_4051R7@X4, PIX4052=U65_4052Mux11@S1A, DG4051=U54_DAC_LV2@X5 nEN=H, U52=LV2-pin1 FMC_A0A1A2=011"
2597,7,J2_JB23,64,0x10F,100001111,271,7,1,0,4,6,11,3,"PIX4051=U43_4051L7@X4, PIX4052=U65_4052Mux11@S0B, DG4051=U54_DAC_LV2@X7 nEN=H, U52=LV2-pin1 FMC_A0A1A2=011"
2598,7,J2_JB23,65,0x19D,110011101,413,5,1,1,6,6,11,3,"PIX4051=U19_4051R7@X6, PIX4052=U65_4052Mux11@S1A, DG4051=U54_DAC_LV2@X5 nEN=H, U52=LV2-pin1 FMC_A0A1A2=011"
2599,7,J2_JB23,66,0x18F,110001111,399,7,1,0,6,6,11,3,"PIX4051=U43_4051L7@X6, PIX4052=U65_4052Mux11@S0B, DG4051=U54_DAC_LV2@X7 nEN=H, U52=LV2-pin1 FMC_A0A1A2=011"
2600,7,J2_JB23,67,0x05D,001011101,93,5,1,1,1,6,11,3,"PIX4051=U19_4051R7@X1, PIX4052=U65_4052Mux11@S1A, DG4051=U54_DAC_LV2@X5 nEN=H, U52=LV2-pin1 FMC_A0A1A2=011"
2601,7,J2_JB23,68,0x04F,001001111,79,7,1,0,1,6,11,3,"PIX4051=U43_4051L7@X1, PIX4052=U65_4052Mux11@S0B, DG4051=U54_DAC_LV2@X7 nEN=H, U52=LV2-pin1 FMC_A0A1A2=011"
2602,7,J2_JB23,69,0x09D,010011101,157,5,1,1,2,6,11,3,"PIX4051=U19_4051R7@X2, PIX4052=U65_4052Mux11@S1A, DG4051=U54_DAC_LV2@X5 nEN=H, U52=LV2-pin1 FMC_A0A1A2=011"
2603,7,J2_JB23,70,0x08F,010001111,143,7,1,0,2,6,11,3,"PIX4051=U43_4051L7@X2, PIX4052=U65_4052Mux11@S0B, DG4051=U54_DAC_LV2@X7 nEN=H, U52=LV2-pin1 FMC_A0A1A2=011"
2604,7,J2_JB23,71,0x01D,000011101,29,5,1,1,0,6,11,3,"PIX4051=U19_4051R7@X0, PIX4052=U65_4052Mux11@S1A, DG4051=U54_DAC_LV2@X5 nEN=H, U52=LV2-pin1 FMC_A0A1A2=011"
2605,7,J2_JB23,72,0x00F,000001111,15,7,1,0,0,6,11,3,"PIX4051=U43_4051L7@X0, PIX4052=U65_4052Mux11@S0B, DG4051=U54_DAC_LV2@X7 nEN=H, U52=LV2-pin1 FMC_A0A1A2=011"
2606,7,J2_JB23,73,0x0DD,011011101,221,5,1,1,3,6,11,3,"PIX4051=U19_4051R7@X3, PIX4052=U65_4052Mux11@S1A, DG4051=U54_DAC_LV2@X5 nEN=H, U52=LV2-pin1 FMC_A0A1A2=011"
2607,7,J2_JB23,74,0x0CF,011001111,207,7,1,0,3,6,11,3,"PIX4051=U43_4051L7@X3, PIX4052=U65_4052Mux11@S0B, DG4051=U54_DAC_LV2@X7 nEN=H, U52=LV2-pin1 FMC_A0A1A2=011"
2608,7,J2_JB23,75,0x14D,101001101,333,5,1,0,5,6,11,3,"PIX4051=U20_4051R7@X5, PIX4052=U65_4052Mux11@S0A, DG4051=U54_DAC_LV2@X5 nEN=H, U52=LV2-pin1 FMC_A0A1A2=011"
2609,7,J2_JB23,76,0x15F,101011111,351,7,1,1,5,6,11,3,"PIX4051=U44_4051L7@X5, PIX4052=U65_4052Mux11@S1B, DG4051=U54_DAC_LV2@X7 nEN=H, U52=LV2-pin1 FMC_A0A1A2=011"
2610,7,J1_JA15,3,0x0DC,011011100,220,4,1,1,3,6,11,3,"PIX4051=U48_4051L7@X3, PIX4052=U66_4052Mux11@S1B, DG4051=U54_DAC_LV2@X4 nEN=H, U52=LV2-pin1 FMC_A0A1A2=011"
2611,7,J1_JA15,4,0x0C1,011000001,193,1,0,0,3,6,11,3,"PIX4051=U24_4051R7@X3, PIX4052=U68_4052Mux12@S0A, DG4051=U53_DAC_LV2@X1 nEN=L, U52=LV2-pin1 FMC_A0A1A2=011"
2612,7,J1_JA15,5,0x01C,000011100,28,4,1,1,0,6,11,3,"PIX4051=U48_4051L7@X0, PIX4052=U66_4052Mux11@S1B, DG4051=U54_DAC_LV2@X4 nEN=H, U52=LV2-pin1 FMC_A0A1A2=011"
2613,7,J1_JA15,6,0x001,000000001,1,1,0,0,0,6,11,3,"PIX4051=U24_4051R7@X0, PIX4052=U68_4052Mux12@S0A, DG4051=U53_DAC_LV2@X1 nEN=L, U52=LV2-pin1 FMC_A0A1A2=011"
2614,7,J1_JA15,7,0x09C,010011100,156,4,1,1,2,6,11,3,"PIX4051=U48_4051L7@X2, PIX4052=U66_4052Mux11@S1B, DG4051=U54_DAC_LV2@X4 nEN=H, U52=LV2-pin1 FMC_A0A1A2=011"
2615,7,J1_JA15,8,0x081,010000001,129,1,0,0,2,6,11,3,"PIX4051=U24_4051R7@X2, PIX4052=U68_4052Mux12@S0A, DG4051=U53_DAC_LV2@X1 nEN=L, U52=LV2-pin1 FMC_A0A1A2=011"
2616,7,J1_JA15,9,0x05C,001011100,92,4,1,1,1,6,11,3,"PIX4051=U48_4051L7@X1, PIX4052=U66_4052Mux11@S1B, DG4051=U54_DAC_LV2@X4 nEN=H, U52=LV2-pin1 FMC_A0A1A2=011"
2617,7,J1_JA15,10,0x041,001000001,65,1,0,0,1,6,11,3,"PIX4051=U24_4051R7@X1, PIX4052=U68_4052Mux12@S0A, DG4051=U53_DAC_LV2@X1 nEN=L, U52=LV2-pin1 FMC_A0A1A2=011"
2618,7,J1_JA15,11,0x19C,110011100,412,4,1,1,6,6,11,3,"PIX4051=U48_4051L7@X6, PIX4052=U66_4052Mux11@S1B, DG4051=U54_DAC_LV2@X4 nEN=H, U52=LV2-pin1 FMC_A0A1A2=011"
2619,7,J1_JA15,12,0x181,110000001,385,1,0,0,6,6,11,3,"PIX4051=U24_4051R7@X6, PIX4052=U68_4052Mux12@S0A, DG4051=U53_DAC_LV2@X1 nEN=L, U52=LV2-pin1 FMC_A0A1A2=011"
2620,7,J1_JA15,13,0x11C,100011100,284,4,1,1,4,6,11,3,"PIX4051=U48_4051L7@X4, PIX4052=U66_4052Mux11@S1B, DG4051=U54_DAC_LV2@X4 nEN=H, U52=LV2-pin1 FMC_A0A1A2=011"
2621,7,J1_JA15,14,0x101,100000001,257,1,0,0,4,6,11,3,"PIX4051=U24_4051R7@X4, PIX4052=U68_4052Mux12@S0A, DG4051=U53_DAC_LV2@X1 nEN=L, U52=LV2-pin1 FMC_A0A1A2=011"
2622,7,J1_JA15,15,0x1DC,111011100,476,4,1,1,7,6,11,3,"PIX4051=U48_4051L7@X7, PIX4052=U66_4052Mux11@S1B, DG4051=U54_DAC_LV2@X4 nEN=H, U52=LV2-pin1 FMC_A0A1A2=011"
2623,7,J1_JA15,16,0x1C1,111000001,449,1,0,0,7,6,11,3,"PIX4051=U24_4051R7@X7, PIX4052=U68_4052Mux12@S0A, DG4051=U53_DAC_LV2@X1 nEN=L, U52=LV2-pin1 FMC_A0A1A2=011"
2624,7,J1_JA15,17,0x15C,101011100,348,4,1,1,5,6,11,3,"PIX4051=U48_4051L7@X5, PIX4052=U66_4052Mux11@S1B, DG4051=U54_DAC_LV2@X4 nEN=H, U52=LV2-pin1 FMC_A0A1A2=011"
2625,7,J1_JA15,18,0x141,101000001,321,1,0,0,5,6,11,3,"PIX4051=U24_4051R7@X5, PIX4052=U68_4052Mux12@S0A, DG4051=U53_DAC_LV2@X1 nEN=L, U52=LV2-pin1 FMC_A0A1A2=011"
2626,7,J1_JA15,19,0x0CC,011001100,204,4,1,0,3,6,11,3,"PIX4051=U47_4051L7@X3, PIX4052=U66_4052Mux11@S0B, DG4051=U54_DAC_LV2@X4 nEN=H, U52=LV2-pin1 FMC_A0A1A2=011"
2627,7,J1_JA15,20,0x0D1,011010001,209,1,0,1,3,6,11,3,"PIX4051=U23_4051R7@X3, PIX4052=U68_4052Mux12@S1A, DG4051=U53_DAC_LV2@X1 nEN=L, U52=LV2-pin1 FMC_A0A1A2=011"
2628,7,J1_JA15,21,0x00C,000001100,12,4,1,0,0,6,11,3,"PIX4051=U47_4051L7@X0, PIX4052=U66_4052Mux11@S0B, DG4051=U54_DAC_LV2@X4 nEN=H, U52=LV2-pin1 FMC_A0A1A2=011"
2629,7,J1_JA15,22,0x011,000010001,17,1,0,1,0,6,11,3,"PIX4051=U23_4051R7@X0, PIX4052=U68_4052Mux12@S1A, DG4051=U53_DAC_LV2@X1 nEN=L, U52=LV2-pin1 FMC_A0A1A2=011"
2630,7,J1_JA15,23,0x08C,010001100,140,4,1,0,2,6,11,3,"PIX4051=U47_4051L7@X2, PIX4052=U66_4052Mux11@S0B, DG4051=U54_DAC_LV2@X4 nEN=H, U52=LV2-pin1 FMC_A0A1A2=011"
2631,7,J1_JA15,24,0x091,010010001,145,1,0,1,2,6,11,3,"PIX4051=U23_4051R7@X2, PIX4052=U68_4052Mux12@S1A, DG4051=U53_DAC_LV2@X1 nEN=L, U52=LV2-pin1 FMC_A0A1A2=011"
2632,7,J1_JA15,25,0x04C,001001100,76,4,1,0,1,6,11,3,"PIX4051=U47_4051L7@X1, PIX4052=U66_4052Mux11@S0B, DG4051=U54_DAC_LV2@X4 nEN=H, U52=LV2-pin1 FMC_A0A1A2=011"
2633,7,J1_JA15,26,0x051,001010001,81,1,0,1,1,6,11,3,"PIX4051=U23_4051R7@X1, PIX4052=U68_4052Mux12@S1A, DG4051=U53_DAC_LV2@X1 nEN=L, U52=LV2-pin1 FMC_A0A1A2=011"
2634,7,J1_JA15,27,0x18C,110001100,396,4,1,0,6,6,11,3,"PIX4051=U47_4051L7@X6, PIX4052=U66_4052Mux11@S0B, DG4051=U54_DAC_LV2@X4 nEN=H, U52=LV2-pin1 FMC_A0A1A2=011"
2635,7,J1_JA15,28,0x191,110010001,401,1,0,1,6,6,11,3,"PIX4051=U23_4051R7@X6, PIX4052=U68_4052Mux12@S1A, DG4051=U53_DAC_LV2@X1 nEN=L, U52=LV2-pin1 FMC_A0A1A2=011"
2636,7,J1_JA15,29,0x10C,100001100,268,4,1,0,4,6,11,3,"PIX4051=U47_4051L7@X4, PIX4052=U66_4052Mux11@S0B, DG4051=U54_DAC_LV2@X4 nEN=H, U52=LV2-pin1 FMC_A0A1A2=011"
2637,7,J1_JA15,30,0x111,100010001,273,1,0,1,4,6,11,3,"PIX4051=U23_4051R7@X4, PIX4052=U68_4052Mux12@S1A, DG4051=U53_DAC_LV2@X1 nEN=L, U52=LV2-pin1 FMC_A0A1A2=011"
2638,7,J1_JA15,31,0x1CC,111001100,460,4,1,0,7,6,11,3,"PIX4051=U47_4051L7@X7, PIX4052=U66_4052Mux11@S0B, DG4051=U54_DAC_LV2@X4 nEN=H, U52=LV2-pin1 FMC_A0A1A2=011"
2639,7,J1_JA15,32,0x1D1,111010001,465,1,0,1,7,6,11,3,"PIX4051=U23_4051R7@X7, PIX4052=U68_4052Mux12@S1A, DG4051=U53_DAC_LV2@X1 nEN=L, U52=LV2-pin1 FMC_A0A1A2=011"
2640,7,J1_JA15,33,0x14C,101001100,332,4,1,0,5,6,11,3,"PIX4051=U47_4051L7@X5, PIX4052=U66_4052Mux11@S0B, DG4051=U54_DAC_LV2@X4 nEN=H, U52=LV2-pin1 FMC_A0A1A2=011"
2641,7,J1_JA15,34,0x151,101010001,337,1,0,1,5,6,11,3,"PIX4051=U23_4051R7@X5, PIX4052=U68_4052Mux12@S1A, DG4051=U53_DAC_LV2@X1 nEN=L, U52=LV2-pin1 FMC_A0A1A2=011"
2642,7,J1_JA15,35,0x0DE,011011110,222,6,1,1,3,6,11,3,"PIX4051=U46_4051L7@X3, PIX4052=U66_4052Mux11@S1A, DG4051=U54_DAC_LV2@X6 nEN=H, U52=LV2-pin1 FMC_A0A1A2=011"
2643,7,J1_JA15,36,0x0C2,011000010,194,2,0,0,3,6,11,3,"PIX4051=U22_4051R7@X3, PIX4052=U68_4052Mux12@S0B, DG4051=U53_DAC_LV2@X2 nEN=L, U52=LV2-pin1 FMC_A0A1A2=011"
2644,7,J1_JA15,37,0x01E,000011110,30,6,1,1,0,6,11,3,"PIX4051=U46_4051L7@X0, PIX4052=U66_4052Mux11@S1A, DG4051=U54_DAC_LV2@X6 nEN=H, U52=LV2-pin1 FMC_A0A1A2=011"
2645,7,J1_JA15,38,0x002,000000010,2,2,0,0,0,6,11,3,"PIX4051=U22_4051R7@X0, PIX4052=U68_4052Mux12@S0B, DG4051=U53_DAC_LV2@X2 nEN=L, U52=LV2-pin1 FMC_A0A1A2=011"
2646,7,J1_JA15,39,0x09E,010011110,158,6,1,1,2,6,11,3,"PIX4051=U46_4051L7@X2, PIX4052=U66_4052Mux11@S1A, DG4051=U54_DAC_LV2@X6 nEN=H, U52=LV2-pin1 FMC_A0A1A2=011"
2647,7,J1_JA15,40,0x082,010000010,130,2,0,0,2,6,11,3,"PIX4051=U22_4051R7@X2, PIX4052=U68_4052Mux12@S0B, DG4051=U53_DAC_LV2@X2 nEN=L, U52=LV2-pin1 FMC_A0A1A2=011"
2648,7,J1_JA15,41,0x05E,001011110,94,6,1,1,1,6,11,3,"PIX4051=U46_4051L7@X1, PIX4052=U66_4052Mux11@S1A, DG4051=U54_DAC_LV2@X6 nEN=H, U52=LV2-pin1 FMC_A0A1A2=011"
2649,7,J1_JA15,42,0x042,001000010,66,2,0,0,1,6,11,3,"PIX4051=U22_4051R7@X1, PIX4052=U68_4052Mux12@S0B, DG4051=U53_DAC_LV2@X2 nEN=L, U52=LV2-pin1 FMC_A0A1A2=011"
2650,7,J1_JA15,43,0x19E,110011110,414,6,1,1,6,6,11,3,"PIX4051=U46_4051L7@X6, PIX4052=U66_4052Mux11@S1A, DG4051=U54_DAC_LV2@X6 nEN=H, U52=LV2-pin1 FMC_A0A1A2=011"
2651,7,J1_JA15,44,0x182,110000010,386,2,0,0,6,6,11,3,"PIX4051=U22_4051R7@X6, PIX4052=U68_4052Mux12@S0B, DG4051=U53_DAC_LV2@X2 nEN=L, U52=LV2-pin1 FMC_A0A1A2=011"
2652,7,J1_JA15,45,0x11E,100011110,286,6,1,1,4,6,11,3,"PIX4051=U46_4051L7@X4, PIX4052=U66_4052Mux11@S1A, DG4051=U54_DAC_LV2@X6 nEN=H, U52=LV2-pin1 FMC_A0A1A2=011"
2653,7,J1_JA15,46,0x102,100000010,258,2,0,0,4,6,11,3,"PIX4051=U22_4051R7@X4, PIX4052=U68_4052Mux12@S0B, DG4051=U53_DAC_LV2@X2 nEN=L, U52=LV2-pin1 FMC_A0A1A2=011"
2654,7,J1_JA15,47,0x1DE,111011110,478,6,1,1,7,6,11,3,"PIX4051=U46_4051L7@X7, PIX4052=U66_4052Mux11@S1A, DG4051=U54_DAC_LV2@X6 nEN=H, U52=LV2-pin1 FMC_A0A1A2=011"
2655,7,J1_JA15,48,0x1C2,111000010,450,2,0,0,7,6,11,3,"PIX4051=U22_4051R7@X7, PIX4052=U68_4052Mux12@S0B, DG4051=U53_DAC_LV2@X2 nEN=L, U52=LV2-pin1 FMC_A0A1A2=011"
2656,7,J1_JA15,49,0x15E,101011110,350,6,1,1,5,6,11,3,"PIX4051=U46_4051L7@X5, PIX4052=U66_4052Mux11@S1A, DG4051=U54_DAC_LV2@X6 nEN=H, U52=LV2-pin1 FMC_A0A1A2=011"
2657,7,J1_JA15,50,0x142,101000010,322,2,0,0,5,6,11,3,"PIX4051=U22_4051R7@X5, PIX4052=U68_4052Mux12@S0B, DG4051=U53_DAC_LV2@X2 nEN=L, U52=LV2-pin1 FMC_A0A1A2=011"
2658,7,J1_JA15,51,0x0CE,011001110,206,6,1,0,3,6,11,3,"PIX4051=U45_4051L7@X3, PIX4052=U66_4052Mux11@S0A, DG4051=U54_DAC_LV2@X6 nEN=H, U52=LV2-pin1 FMC_A0A1A2=011"
2659,7,J1_JA15,52,0x0D2,011010010,210,2,0,1,3,6,11,3,"PIX4051=U21_4051R7@X3, PIX4052=U68_4052Mux12@S1B, DG4051=U53_DAC_LV2@X2 nEN=L, U52=LV2-pin1 FMC_A0A1A2=011"
2660,7,J1_JA15,53,0x00E,000001110,14,6,1,0,0,6,11,3,"PIX4051=U45_4051L7@X0, PIX4052=U66_4052Mux11@S0A, DG4051=U54_DAC_LV2@X6 nEN=H, U52=LV2-pin1 FMC_A0A1A2=011"
2661,7,J1_JA15,54,0x012,000010010,18,2,0,1,0,6,11,3,"PIX4051=U21_4051R7@X0, PIX4052=U68_4052Mux12@S1B, DG4051=U53_DAC_LV2@X2 nEN=L, U52=LV2-pin1 FMC_A0A1A2=011"
2662,7,J1_JA15,55,0x08E,010001110,142,6,1,0,2,6,11,3,"PIX4051=U45_4051L7@X2, PIX4052=U66_4052Mux11@S0A, DG4051=U54_DAC_LV2@X6 nEN=H, U52=LV2-pin1 FMC_A0A1A2=011"
2663,7,J1_JA15,56,0x092,010010010,146,2,0,1,2,6,11,3,"PIX4051=U21_4051R7@X2, PIX4052=U68_4052Mux12@S1B, DG4051=U53_DAC_LV2@X2 nEN=L, U52=LV2-pin1 FMC_A0A1A2=011"
2664,7,J1_JA15,57,0x04E,001001110,78,6,1,0,1,6,11,3,"PIX4051=U45_4051L7@X1, PIX4052=U66_4052Mux11@S0A, DG4051=U54_DAC_LV2@X6 nEN=H, U52=LV2-pin1 FMC_A0A1A2=011"
2665,7,J1_JA15,58,0x052,001010010,82,2,0,1,1,6,11,3,"PIX4051=U21_4051R7@X1, PIX4052=U68_4052Mux12@S1B, DG4051=U53_DAC_LV2@X2 nEN=L, U52=LV2-pin1 FMC_A0A1A2=011"
2666,7,J1_JA15,59,0x18E,110001110,398,6,1,0,6,6,11,3,"PIX4051=U45_4051L7@X6, PIX4052=U66_4052Mux11@S0A, DG4051=U54_DAC_LV2@X6 nEN=H, U52=LV2-pin1 FMC_A0A1A2=011"
2667,7,J1_JA15,60,0x192,110010010,402,2,0,1,6,6,11,3,"PIX4051=U21_4051R7@X6, PIX4052=U68_4052Mux12@S1B, DG4051=U53_DAC_LV2@X2 nEN=L, U52=LV2-pin1 FMC_A0A1A2=011"
2668,7,J1_JA15,61,0x10E,100001110,270,6,1,0,4,6,11,3,"PIX4051=U45_4051L7@X4, PIX4052=U66_4052Mux11@S0A, DG4051=U54_DAC_LV2@X6 nEN=H, U52=LV2-pin1 FMC_A0A1A2=011"
2669,7,J1_JA15,62,0x112,100010010,274,2,0,1,4,6,11,3,"PIX4051=U21_4051R7@X4, PIX4052=U68_4052Mux12@S1B, DG4051=U53_DAC_LV2@X2 nEN=L, U52=LV2-pin1 FMC_A0A1A2=011"
2670,7,J1_JA15,63,0x1CE,111001110,462,6,1,0,7,6,11,3,"PIX4051=U45_4051L7@X7, PIX4052=U66_4052Mux11@S0A, DG4051=U54_DAC_LV2@X6 nEN=H, U52=LV2-pin1 FMC_A0A1A2=011"
2671,7,J1_JA15,64,0x1D2,111010010,466,2,0,1,7,6,11,3,"PIX4051=U21_4051R7@X7, PIX4052=U68_4052Mux12@S1B, DG4051=U53_DAC_LV2@X2 nEN=L, U52=LV2-pin1 FMC_A0A1A2=011"
2672,7,J1_JA15,65,0x14E,101001110,334,6,1,0,5,6,11,3,"PIX4051=U45_4051L7@X5, PIX4052=U66_4052Mux11@S0A, DG4051=U54_DAC_LV2@X6 nEN=H, U52=LV2-pin1 FMC_A0A1A2=011"
2673,7,J1_JA15,66,0x152,101010010,338,2,0,1,5,6,11,3,"PIX4051=U21_4051R7@X5, PIX4052=U68_4052Mux12@S1B, DG4051=U53_DAC_LV2@X2 nEN=L, U52=LV2-pin1 FMC_A0A1A2=011"
2674,7,J1_JA15,67,0x0DF,011011111,223,7,1,1,3,6,11,3,"PIX4051=U44_4051L7@X3, PIX4052=U65_4052Mux11@S1B, DG4051=U54_DAC_LV2@X7 nEN=H, U52=LV2-pin1 FMC_A0A1A2=011"
2675,7,J1_JA15,68,0x0CD,011001101,205,5,1,0,3,6,11,3,"PIX4051=U20_4051R7@X3, PIX4052=U65_4052Mux11@S0A, DG4051=U54_DAC_LV2@X5 nEN=H, U52=LV2-pin1 FMC_A0A1A2=011"
2676,7,J1_JA15,69,0x01F,000011111,31,7,1,1,0,6,11,3,"PIX4051=U44_4051L7@X0, PIX4052=U65_4052Mux11@S1B, DG4051=U54_DAC_LV2@X7 nEN=H, U52=LV2-pin1 FMC_A0A1A2=011"
2677,7,J1_JA15,70,0x00D,000001101,13,5,1,0,0,6,11,3,"PIX4051=U20_4051R7@X0, PIX4052=U65_4052Mux11@S0A, DG4051=U54_DAC_LV2@X5 nEN=H, U52=LV2-pin1 FMC_A0A1A2=011"
2678,7,J1_JA15,71,0x09F,010011111,159,7,1,1,2,6,11,3,"PIX4051=U44_4051L7@X2, PIX4052=U65_4052Mux11@S1B, DG4051=U54_DAC_LV2@X7 nEN=H, U52=LV2-pin1 FMC_A0A1A2=011"
2679,7,J1_JA15,72,0x08D,010001101,141,5,1,0,2,6,11,3,"PIX4051=U20_4051R7@X2, PIX4052=U65_4052Mux11@S0A, DG4051=U54_DAC_LV2@X5 nEN=H, U52=LV2-pin1 FMC_A0A1A2=011"
2680,7,J1_JA15,73,0x05F,001011111,95,7,1,1,1,6,11,3,"PIX4051=U44_4051L7@X1, PIX4052=U65_4052Mux11@S1B, DG4051=U54_DAC_LV2@X7 nEN=H, U52=LV2-pin1 FMC_A0A1A2=011"
2681,7,J1_JA15,74,0x04D,001001101,77,5,1,0,1,6,11,3,"PIX4051=U20_4051R7@X1, PIX4052=U65_4052Mux11@S0A, DG4051=U54_DAC_LV2@X5 nEN=H, U52=LV2-pin1 FMC_A0A1A2=011"
2682,7,J1_JA15,75,0x19F,110011111,415,7,1,1,6,6,11,3,"PIX4051=U44_4051L7@X6, PIX4052=U65_4052Mux11@S1B, DG4051=U54_DAC_LV2@X7 nEN=H, U52=LV2-pin1 FMC_A0A1A2=011"
2683,7,J1_JA15,76,0x18D,110001101,397,5,1,0,6,6,11,3,"PIX4051=U20_4051R7@X6, PIX4052=U65_4052Mux11@S0A, DG4051=U54_DAC_LV2@X5 nEN=H, U52=LV2-pin1 FMC_A0A1A2=011"
2684,7,J1_JA15,77,0x11F,100011111,287,7,1,1,4,6,11,3,"PIX4051=U44_4051L7@X4, PIX4052=U65_4052Mux11@S1B, DG4051=U54_DAC_LV2@X7 nEN=H, U52=LV2-pin1 FMC_A0A1A2=011"
2685,7,J1_JA15,78,0x10D,100001101,269,5,1,0,4,6,11,3,"PIX4051=U20_4051R7@X4, PIX4052=U65_4052Mux11@S0A, DG4051=U54_DAC_LV2@X5 nEN=H, U52=LV2-pin1 FMC_A0A1A2=011"
2686,7,J1_JA15,79,0x1DF,111011111,479,7,1,1,7,6,11,3,"PIX4051=U44_4051L7@X7, PIX4052=U65_4052Mux11@S1B, DG4051=U54_DAC_LV2@X7 nEN=H, U52=LV2-pin1 FMC_A0A1A2=011"
2687,7,J1_JA15,80,0x1CD,111001101,461,5,1,0,7,6,11,3,"PIX4051=U20_4051R7@X7, PIX4052=U65_4052Mux11@S0A, DG4051=U54_DAC_LV2@X5 nEN=H, U52=LV2-pin1 FMC_A0A1A2=011"
2688,8,J1_JA8,3,0x17A,101111010,378,2,1,3,5,2,10,2,"PIX4051=U1_4051R8@X5, PIX4052=U68_4052Mux6@S3B, DG4051=U50_DAC_LV2@X2 nEN=H, U52=LV2-pin7 FMC_A0A1A2=010"
2689,8,J1_JA8,4,0x17E,101111110,382,6,1,3,5,2,10,2,"PIX4051=U25_4051L8@X5, PIX4052=U66_4052Mux6@S3A, DG4051=U50_DAC_LV2@X6 nEN=H, U52=LV2-pin7 FMC_A0A1A2=010"
2690,8,J1_JA8,5,0x1FA,111111010,506,2,1,3,7,2,10,2,"PIX4051=U1_4051R8@X7, PIX4052=U68_4052Mux6@S3B, DG4051=U50_DAC_LV2@X2 nEN=H, U52=LV2-pin7 FMC_A0A1A2=010"
2691,8,J1_JA8,6,0x1FE,111111110,510,6,1,3,7,2,10,2,"PIX4051=U25_4051L8@X7, PIX4052=U66_4052Mux6@S3A, DG4051=U50_DAC_LV2@X6 nEN=H, U52=LV2-pin7 FMC_A0A1A2=010"
2692,8,J1_JA8,7,0x13A,100111010,314,2,1,3,4,2,10,2,"PIX4051=U1_4051R8@X4, PIX4052=U68_4052Mux6@S3B, DG4051=U50_DAC_LV2@X2 nEN=H, U52=LV2-pin7 FMC_A0A1A2=010"
2693,8,J1_JA8,8,0x13E,100111110,318,6,1,3,4,2,10,2,"PIX4051=U25_4051L8@X4, PIX4052=U66_4052Mux6@S3A, DG4051=U50_DAC_LV2@X6 nEN=H, U52=LV2-pin7 FMC_A0A1A2=010"
2694,8,J1_JA8,9,0x1BA,110111010,442,2,1,3,6,2,10,2,"PIX4051=U1_4051R8@X6, PIX4052=U68_4052Mux6@S3B, DG4051=U50_DAC_LV2@X2 nEN=H, U52=LV2-pin7 FMC_A0A1A2=010"
2695,8,J1_JA8,10,0x1BE,110111110,446,6,1,3,6,2,10,2,"PIX4051=U25_4051L8@X6, PIX4052=U66_4052Mux6@S3A, DG4051=U50_DAC_LV2@X6 nEN=H, U52=LV2-pin7 FMC_A0A1A2=010"
2696,8,J1_JA8,11,0x07A,001111010,122,2,1,3,1,2,10,2,"PIX4051=U1_4051R8@X1, PIX4052=U68_4052Mux6@S3B, DG4051=U50_DAC_LV2@X2 nEN=H, U52=LV2-pin7 FMC_A0A1A2=010"
2697,8,J1_JA8,12,0x07E,001111110,126,6,1,3,1,2,10,2,"PIX4051=U25_4051L8@X1, PIX4052=U66_4052Mux6@S3A, DG4051=U50_DAC_LV2@X6 nEN=H, U52=LV2-pin7 FMC_A0A1A2=010"
2698,8,J1_JA8,13,0x0BA,010111010,186,2,1,3,2,2,10,2,"PIX4051=U1_4051R8@X2, PIX4052=U68_4052Mux6@S3B, DG4051=U50_DAC_LV2@X2 nEN=H, U52=LV2-pin7 FMC_A0A1A2=010"
2699,8,J1_JA8,14,0x0BE,010111110,190,6,1,3,2,2,10,2,"PIX4051=U25_4051L8@X2, PIX4052=U66_4052Mux6@S3A, DG4051=U50_DAC_LV2@X6 nEN=H, U52=LV2-pin7 FMC_A0A1A2=010"
2700,8,J1_JA8,15,0x03A,000111010,58,2,1,3,0,2,10,2,"PIX4051=U1_4051R8@X0, PIX4052=U68_4052Mux6@S3B, DG4051=U50_DAC_LV2@X2 nEN=H, U52=LV2-pin7 FMC_A0A1A2=010"
2701,8,J1_JA8,16,0x03E,000111110,62,6,1,3,0,2,10,2,"PIX4051=U25_4051L8@X0, PIX4052=U66_4052Mux6@S3A, DG4051=U50_DAC_LV2@X6 nEN=H, U52=LV2-pin7 FMC_A0A1A2=010"
2702,8,J1_JA8,17,0x0FA,011111010,250,2,1,3,3,2,10,2,"PIX4051=U1_4051R8@X3, PIX4052=U68_4052Mux6@S3B, DG4051=U50_DAC_LV2@X2 nEN=H, U52=LV2-pin7 FMC_A0A1A2=010"
2703,8,J1_JA8,18,0x0FE,011111110,254,6,1,3,3,2,10,2,"PIX4051=U25_4051L8@X3, PIX4052=U66_4052Mux6@S3A, DG4051=U50_DAC_LV2@X6 nEN=H, U52=LV2-pin7 FMC_A0A1A2=010"
2704,8,J1_JA8,19,0x16A,101101010,362,2,1,2,5,2,10,2,"PIX4051=U2_4051R8@X5, PIX4052=U68_4052Mux6@S2B, DG4051=U50_DAC_LV2@X2 nEN=H, U52=LV2-pin7 FMC_A0A1A2=010"
2705,8,J1_JA8,20,0x16E,101101110,366,6,1,2,5,2,10,2,"PIX4051=U26_4051L8@X5, PIX4052=U66_4052Mux6@S2A, DG4051=U50_DAC_LV2@X6 nEN=H, U52=LV2-pin7 FMC_A0A1A2=010"
2706,8,J1_JA8,21,0x1EA,111101010,490,2,1,2,7,2,10,2,"PIX4051=U2_4051R8@X7, PIX4052=U68_4052Mux6@S2B, DG4051=U50_DAC_LV2@X2 nEN=H, U52=LV2-pin7 FMC_A0A1A2=010"
2707,8,J1_JA8,22,0x1EE,111101110,494,6,1,2,7,2,10,2,"PIX4051=U26_4051L8@X7, PIX4052=U66_4052Mux6@S2A, DG4051=U50_DAC_LV2@X6 nEN=H, U52=LV2-pin7 FMC_A0A1A2=010"
2708,8,J1_JA8,23,0x12A,100101010,298,2,1,2,4,2,10,2,"PIX4051=U2_4051R8@X4, PIX4052=U68_4052Mux6@S2B, DG4051=U50_DAC_LV2@X2 nEN=H, U52=LV2-pin7 FMC_A0A1A2=010"
2709,8,J1_JA8,24,0x12E,100101110,302,6,1,2,4,2,10,2,"PIX4051=U26_4051L8@X4, PIX4052=U66_4052Mux6@S2A, DG4051=U50_DAC_LV2@X6 nEN=H, U52=LV2-pin7 FMC_A0A1A2=010"
2710,8,J1_JA8,25,0x1AA,110101010,426,2,1,2,6,2,10,2,"PIX4051=U2_4051R8@X6, PIX4052=U68_4052Mux6@S2B, DG4051=U50_DAC_LV2@X2 nEN=H, U52=LV2-pin7 FMC_A0A1A2=010"
2711,8,J1_JA8,26,0x1AE,110101110,430,6,1,2,6,2,10,2,"PIX4051=U26_4051L8@X6, PIX4052=U66_4052Mux6@S2A, DG4051=U50_DAC_LV2@X6 nEN=H, U52=LV2-pin7 FMC_A0A1A2=010"
2712,8,J1_JA8,27,0x06A,001101010,106,2,1,2,1,2,10,2,"PIX4051=U2_4051R8@X1, PIX4052=U68_4052Mux6@S2B, DG4051=U50_DAC_LV2@X2 nEN=H, U52=LV2-pin7 FMC_A0A1A2=010"
2713,8,J1_JA8,28,0x06E,001101110,110,6,1,2,1,2,10,2,"PIX4051=U26_4051L8@X1, PIX4052=U66_4052Mux6@S2A, DG4051=U50_DAC_LV2@X6 nEN=H, U52=LV2-pin7 FMC_A0A1A2=010"
2714,8,J1_JA8,29,0x0AA,010101010,170,2,1,2,2,2,10,2,"PIX4051=U2_4051R8@X2, PIX4052=U68_4052Mux6@S2B, DG4051=U50_DAC_LV2@X2 nEN=H, U52=LV2-pin7 FMC_A0A1A2=010"
2715,8,J1_JA8,30,0x0AE,010101110,174,6,1,2,2,2,10,2,"PIX4051=U26_4051L8@X2, PIX4052=U66_4052Mux6@S2A, DG4051=U50_DAC_LV2@X6 nEN=H, U52=LV2-pin7 FMC_A0A1A2=010"
2716,8,J1_JA8,31,0x02A,000101010,42,2,1,2,0,2,10,2,"PIX4051=U2_4051R8@X0, PIX4052=U68_4052Mux6@S2B, DG4051=U50_DAC_LV2@X2 nEN=H, U52=LV2-pin7 FMC_A0A1A2=010"
2717,8,J1_JA8,32,0x02E,000101110,46,6,1,2,0,2,10,2,"PIX4051=U26_4051L8@X0, PIX4052=U66_4052Mux6@S2A, DG4051=U50_DAC_LV2@X6 nEN=H, U52=LV2-pin7 FMC_A0A1A2=010"
2718,8,J1_JA8,33,0x0EA,011101010,234,2,1,2,3,2,10,2,"PIX4051=U2_4051R8@X3, PIX4052=U68_4052Mux6@S2B, DG4051=U50_DAC_LV2@X2 nEN=H, U52=LV2-pin7 FMC_A0A1A2=010"
2719,8,J1_JA8,34,0x0EE,011101110,238,6,1,2,3,2,10,2,"PIX4051=U26_4051L8@X3, PIX4052=U66_4052Mux6@S2A, DG4051=U50_DAC_LV2@X6 nEN=H, U52=LV2-pin7 FMC_A0A1A2=010"
2720,8,J1_JA8,35,0x169,101101001,361,1,1,2,5,2,10,2,"PIX4051=U3_4051R8@X5, PIX4052=U68_4052Mux6@S2A, DG4051=U50_DAC_LV2@X1 nEN=H, U52=LV2-pin7 FMC_A0A1A2=010"
2721,8,J1_JA8,36,0x16C,101101100,364,4,1,2,5,2,10,2,"PIX4051=U27_4051L8@X5, PIX4052=U66_4052Mux6@S2B, DG4051=U50_DAC_LV2@X4 nEN=H, U52=LV2-pin7 FMC_A0A1A2=010"
2722,8,J1_JA8,37,0x1E9,111101001,489,1,1,2,7,2,10,2,"PIX4051=U3_4051R8@X7, PIX4052=U68_4052Mux6@S2A, DG4051=U50_DAC_LV2@X1 nEN=H, U52=LV2-pin7 FMC_A0A1A2=010"
2723,8,J1_JA8,38,0x1EC,111101100,492,4,1,2,7,2,10,2,"PIX4051=U27_4051L8@X7, PIX4052=U66_4052Mux6@S2B, DG4051=U50_DAC_LV2@X4 nEN=H, U52=LV2-pin7 FMC_A0A1A2=010"
2724,8,J1_JA8,39,0x129,100101001,297,1,1,2,4,2,10,2,"PIX4051=U3_4051R8@X4, PIX4052=U68_4052Mux6@S2A, DG4051=U50_DAC_LV2@X1 nEN=H, U52=LV2-pin7 FMC_A0A1A2=010"
2725,8,J1_JA8,40,0x12C,100101100,300,4,1,2,4,2,10,2,"PIX4051=U27_4051L8@X4, PIX4052=U66_4052Mux6@S2B, DG4051=U50_DAC_LV2@X4 nEN=H, U52=LV2-pin7 FMC_A0A1A2=010"
2726,8,J1_JA8,41,0x1A9,110101001,425,1,1,2,6,2,10,2,"PIX4051=U3_4051R8@X6, PIX4052=U68_4052Mux6@S2A, DG4051=U50_DAC_LV2@X1 nEN=H, U52=LV2-pin7 FMC_A0A1A2=010"
2727,8,J1_JA8,42,0x1AC,110101100,428,4,1,2,6,2,10,2,"PIX4051=U27_4051L8@X6, PIX4052=U66_4052Mux6@S2B, DG4051=U50_DAC_LV2@X4 nEN=H, U52=LV2-pin7 FMC_A0A1A2=010"
2728,8,J1_JA8,43,0x069,001101001,105,1,1,2,1,2,10,2,"PIX4051=U3_4051R8@X1, PIX4052=U68_4052Mux6@S2A, DG4051=U50_DAC_LV2@X1 nEN=H, U52=LV2-pin7 FMC_A0A1A2=010"
2729,8,J1_JA8,44,0x06C,001101100,108,4,1,2,1,2,10,2,"PIX4051=U27_4051L8@X1, PIX4052=U66_4052Mux6@S2B, DG4051=U50_DAC_LV2@X4 nEN=H, U52=LV2-pin7 FMC_A0A1A2=010"
2730,8,J1_JA8,45,0x0A9,010101001,169,1,1,2,2,2,10,2,"PIX4051=U3_4051R8@X2, PIX4052=U68_4052Mux6@S2A, DG4051=U50_DAC_LV2@X1 nEN=H, U52=LV2-pin7 FMC_A0A1A2=010"
2731,8,J1_JA8,46,0x0AC,010101100,172,4,1,2,2,2,10,2,"PIX4051=U27_4051L8@X2, PIX4052=U66_4052Mux6@S2B, DG4051=U50_DAC_LV2@X4 nEN=H, U52=LV2-pin7 FMC_A0A1A2=010"
2732,8,J1_JA8,47,0x029,000101001,41,1,1,2,0,2,10,2,"PIX4051=U3_4051R8@X0, PIX4052=U68_4052Mux6@S2A, DG4051=U50_DAC_LV2@X1 nEN=H, U52=LV2-pin7 FMC_A0A1A2=010"
2733,8,J1_JA8,48,0x02C,000101100,44,4,1,2,0,2,10,2,"PIX4051=U27_4051L8@X0, PIX4052=U66_4052Mux6@S2B, DG4051=U50_DAC_LV2@X4 nEN=H, U52=LV2-pin7 FMC_A0A1A2=010"
2734,8,J1_JA8,49,0x0E9,011101001,233,1,1,2,3,2,10,2,"PIX4051=U3_4051R8@X3, PIX4052=U68_4052Mux6@S2A, DG4051=U50_DAC_LV2@X1 nEN=H, U52=LV2-pin7 FMC_A0A1A2=010"
2735,8,J1_JA8,50,0x0EC,011101100,236,4,1,2,3,2,10,2,"PIX4051=U27_4051L8@X3, PIX4052=U66_4052Mux6@S2B, DG4051=U50_DAC_LV2@X4 nEN=H, U52=LV2-pin7 FMC_A0A1A2=010"
2736,8,J1_JA8,51,0x179,101111001,377,1,1,3,5,2,10,2,"PIX4051=U4_4051R8@X5, PIX4052=U68_4052Mux6@S3A, DG4051=U50_DAC_LV2@X1 nEN=H, U52=LV2-pin7 FMC_A0A1A2=010"
2737,8,J1_JA8,52,0x17C,101111100,380,4,1,3,5,2,10,2,"PIX4051=U28_4051L8@X5, PIX4052=U66_4052Mux6@S3B, DG4051=U50_DAC_LV2@X4 nEN=H, U52=LV2-pin7 FMC_A0A1A2=010"
2738,8,J1_JA8,53,0x1F9,111111001,505,1,1,3,7,2,10,2,"PIX4051=U4_4051R8@X7, PIX4052=U68_4052Mux6@S3A, DG4051=U50_DAC_LV2@X1 nEN=H, U52=LV2-pin7 FMC_A0A1A2=010"
2739,8,J1_JA8,54,0x1FC,111111100,508,4,1,3,7,2,10,2,"PIX4051=U28_4051L8@X7, PIX4052=U66_4052Mux6@S3B, DG4051=U50_DAC_LV2@X4 nEN=H, U52=LV2-pin7 FMC_A0A1A2=010"
2740,8,J1_JA8,55,0x139,100111001,313,1,1,3,4,2,10,2,"PIX4051=U4_4051R8@X4, PIX4052=U68_4052Mux6@S3A, DG4051=U50_DAC_LV2@X1 nEN=H, U52=LV2-pin7 FMC_A0A1A2=010"
2741,8,J1_JA8,56,0x13C,100111100,316,4,1,3,4,2,10,2,"PIX4051=U28_4051L8@X4, PIX4052=U66_4052Mux6@S3B, DG4051=U50_DAC_LV2@X4 nEN=H, U52=LV2-pin7 FMC_A0A1A2=010"
2742,8,J1_JA8,57,0x1B9,110111001,441,1,1,3,6,2,10,2,"PIX4051=U4_4051R8@X6, PIX4052=U68_4052Mux6@S3A, DG4051=U50_DAC_LV2@X1 nEN=H, U52=LV2-pin7 FMC_A0A1A2=010"
2743,8,J1_JA8,58,0x1BC,110111100,444,4,1,3,6,2,10,2,"PIX4051=U28_4051L8@X6, PIX4052=U66_4052Mux6@S3B, DG4051=U50_DAC_LV2@X4 nEN=H, U52=LV2-pin7 FMC_A0A1A2=010"
2744,8,J1_JA8,59,0x079,001111001,121,1,1,3,1,2,10,2,"PIX4051=U4_4051R8@X1, PIX4052=U68_4052Mux6@S3A, DG4051=U50_DAC_LV2@X1 nEN=H, U52=LV2-pin7 FMC_A0A1A2=010"
2745,8,J1_JA8,60,0x07C,001111100,124,4,1,3,1,2,10,2,"PIX4051=U28_4051L8@X1, PIX4052=U66_4052Mux6@S3B, DG4051=U50_DAC_LV2@X4 nEN=H, U52=LV2-pin7 FMC_A0A1A2=010"
2746,8,J1_JA8,61,0x0B9,010111001,185,1,1,3,2,2,10,2,"PIX4051=U4_4051R8@X2, PIX4052=U68_4052Mux6@S3A, DG4051=U50_DAC_LV2@X1 nEN=H, U52=LV2-pin7 FMC_A0A1A2=010"
2747,8,J1_JA8,62,0x0BC,010111100,188,4,1,3,2,2,10,2,"PIX4051=U28_4051L8@X2, PIX4052=U66_4052Mux6@S3B, DG4051=U50_DAC_LV2@X4 nEN=H, U52=LV2-pin7 FMC_A0A1A2=010"
2748,8,J1_JA8,63,0x039,000111001,57,1,1,3,0,2,10,2,"PIX4051=U4_4051R8@X0, PIX4052=U68_4052Mux6@S3A, DG4051=U50_DAC_LV2@X1 nEN=H, U52=LV2-pin7 FMC_A0A1A2=010"
2749,8,J1_JA8,64,0x03C,000111100,60,4,1,3,0,2,10,2,"PIX4051=U28_4051L8@X0, PIX4052=U66_4052Mux6@S3B, DG4051=U50_DAC_LV2@X4 nEN=H, U52=LV2-pin7 FMC_A0A1A2=010"
2750,8,J1_JA8,65,0x0F9,011111001,249,1,1,3,3,2,10,2,"PIX4051=U4_4051R8@X3, PIX4052=U68_4052Mux6@S3A, DG4051=U50_DAC_LV2@X1 nEN=H, U52=LV2-pin7 FMC_A0A1A2=010"
2751,8,J1_JA8,66,0x0FC,011111100,252,4,1,3,3,2,10,2,"PIX4051=U28_4051L8@X3, PIX4052=U66_4052Mux6@S3B, DG4051=U50_DAC_LV2@X4 nEN=H, U52=LV2-pin7 FMC_A0A1A2=010"
2752,8,J1_JA8,67,0x178,101111000,376,0,1,3,5,2,10,2,"PIX4051=U5_4051R8@X5, PIX4052=U67_4052Mux6@S3B, DG4051=U50_DAC_LV2@X0 nEN=H, U52=LV2-pin7 FMC_A0A1A2=010"
2753,8,J1_JA8,68,0x17B,101111011,379,3,1,3,5,2,10,2,"PIX4051=U29_4051L8@X5, PIX4052=U67_4052Mux6@S3A, DG4051=U50_DAC_LV2@X3 nEN=H, U52=LV2-pin7 FMC_A0A1A2=010"
2754,8,J1_JA8,69,0x1F8,111111000,504,0,1,3,7,2,10,2,"PIX4051=U5_4051R8@X7, PIX4052=U67_4052Mux6@S3B, DG4051=U50_DAC_LV2@X0 nEN=H, U52=LV2-pin7 FMC_A0A1A2=010"
2755,8,J1_JA8,70,0x1FB,111111011,507,3,1,3,7,2,10,2,"PIX4051=U29_4051L8@X7, PIX4052=U67_4052Mux6@S3A, DG4051=U50_DAC_LV2@X3 nEN=H, U52=LV2-pin7 FMC_A0A1A2=010"
2756,8,J1_JA8,71,0x138,100111000,312,0,1,3,4,2,10,2,"PIX4051=U5_4051R8@X4, PIX4052=U67_4052Mux6@S3B, DG4051=U50_DAC_LV2@X0 nEN=H, U52=LV2-pin7 FMC_A0A1A2=010"
2757,8,J1_JA8,72,0x13B,100111011,315,3,1,3,4,2,10,2,"PIX4051=U29_4051L8@X4, PIX4052=U67_4052Mux6@S3A, DG4051=U50_DAC_LV2@X3 nEN=H, U52=LV2-pin7 FMC_A0A1A2=010"
2758,8,J1_JA8,73,0x1B8,110111000,440,0,1,3,6,2,10,2,"PIX4051=U5_4051R8@X6, PIX4052=U67_4052Mux6@S3B, DG4051=U50_DAC_LV2@X0 nEN=H, U52=LV2-pin7 FMC_A0A1A2=010"
2759,8,J1_JA8,74,0x1BB,110111011,443,3,1,3,6,2,10,2,"PIX4051=U29_4051L8@X6, PIX4052=U67_4052Mux6@S3A, DG4051=U50_DAC_LV2@X3 nEN=H, U52=LV2-pin7 FMC_A0A1A2=010"
2760,8,J1_JA8,75,0x078,001111000,120,0,1,3,1,2,10,2,"PIX4051=U5_4051R8@X1, PIX4052=U67_4052Mux6@S3B, DG4051=U50_DAC_LV2@X0 nEN=H, U52=LV2-pin7 FMC_A0A1A2=010"
2761,8,J1_JA8,76,0x07B,001111011,123,3,1,3,1,2,10,2,"PIX4051=U29_4051L8@X1, PIX4052=U67_4052Mux6@S3A, DG4051=U50_DAC_LV2@X3 nEN=H, U52=LV2-pin7 FMC_A0A1A2=010"
2762,8,J1_JA8,77,0x0B8,010111000,184,0,1,3,2,2,10,2,"PIX4051=U5_4051R8@X2, PIX4052=U67_4052Mux6@S3B, DG4051=U50_DAC_LV2@X0 nEN=H, U52=LV2-pin7 FMC_A0A1A2=010"
2763,8,J1_JA8,78,0x0BB,010111011,187,3,1,3,2,2,10,2,"PIX4051=U29_4051L8@X2, PIX4052=U67_4052Mux6@S3A, DG4051=U50_DAC_LV2@X3 nEN=H, U52=LV2-pin7 FMC_A0A1A2=010"
2764,8,J1_JA8,79,0x038,000111000,56,0,1,3,0,2,10,2,"PIX4051=U5_4051R8@X0, PIX4052=U67_4052Mux6@S3B, DG4051=U50_DAC_LV2@X0 nEN=H, U52=LV2-pin7 FMC_A0A1A2=010"
2765,8,J1_JA8,80,0x03B,000111011,59,3,1,3,0,2,10,2,"PIX4051=U29_4051L8@X0, PIX4052=U67_4052Mux6@S3A, DG4051=U50_DAC_LV2@X3 nEN=H, U52=LV2-pin7 FMC_A0A1A2=010"
2766,8,J2_JB8,1,0x0F8,011111000,248,0,1,3,3,2,10,2,"PIX4051=U5_4051R8@X3, PIX4052=U67_4052Mux6@S3B, DG4051=U50_DAC_LV2@X0 nEN=H, U52=LV2-pin7 FMC_A0A1A2=010"
2767,8,J2_JB8,2,0x0FB,011111011,251,3,1,3,3,2,10,2,"PIX4051=U29_4051L8@X3, PIX4052=U67_4052Mux6@S3A, DG4051=U50_DAC_LV2@X3 nEN=H, U52=LV2-pin7 FMC_A0A1A2=010"
2768,8,J2_JB8,3,0x168,101101000,360,0,1,2,5,2,10,2,"PIX4051=U6_4051R8@X5, PIX4052=U67_4052Mux6@S2B, DG4051=U50_DAC_LV2@X0 nEN=H, U52=LV2-pin7 FMC_A0A1A2=010"
2769,8,J2_JB8,4,0x16B,101101011,363,3,1,2,5,2,10,2,"PIX4051=U30_4051L8@X5, PIX4052=U67_4052Mux6@S2A, DG4051=U50_DAC_LV2@X3 nEN=H, U52=LV2-pin7 FMC_A0A1A2=010"
2770,8,J2_JB8,5,0x1E8,111101000,488,0,1,2,7,2,10,2,"PIX4051=U6_4051R8@X7, PIX4052=U67_4052Mux6@S2B, DG4051=U50_DAC_LV2@X0 nEN=H, U52=LV2-pin7 FMC_A0A1A2=010"
2771,8,J2_JB8,6,0x1EB,111101011,491,3,1,2,7,2,10,2,"PIX4051=U30_4051L8@X7, PIX4052=U67_4052Mux6@S2A, DG4051=U50_DAC_LV2@X3 nEN=H, U52=LV2-pin7 FMC_A0A1A2=010"
2772,8,J2_JB8,7,0x128,100101000,296,0,1,2,4,2,10,2,"PIX4051=U6_4051R8@X4, PIX4052=U67_4052Mux6@S2B, DG4051=U50_DAC_LV2@X0 nEN=H, U52=LV2-pin7 FMC_A0A1A2=010"
2773,8,J2_JB8,8,0x12B,100101011,299,3,1,2,4,2,10,2,"PIX4051=U30_4051L8@X4, PIX4052=U67_4052Mux6@S2A, DG4051=U50_DAC_LV2@X3 nEN=H, U52=LV2-pin7 FMC_A0A1A2=010"
2774,8,J2_JB8,9,0x1A8,110101000,424,0,1,2,6,2,10,2,"PIX4051=U6_4051R8@X6, PIX4052=U67_4052Mux6@S2B, DG4051=U50_DAC_LV2@X0 nEN=H, U52=LV2-pin7 FMC_A0A1A2=010"
2775,8,J2_JB8,10,0x1AB,110101011,427,3,1,2,6,2,10,2,"PIX4051=U30_4051L8@X6, PIX4052=U67_4052Mux6@S2A, DG4051=U50_DAC_LV2@X3 nEN=H, U52=LV2-pin7 FMC_A0A1A2=010"
2776,8,J2_JB8,11,0x068,001101000,104,0,1,2,1,2,10,2,"PIX4051=U6_4051R8@X1, PIX4052=U67_4052Mux6@S2B, DG4051=U50_DAC_LV2@X0 nEN=H, U52=LV2-pin7 FMC_A0A1A2=010"
2777,8,J2_JB8,12,0x06B,001101011,107,3,1,2,1,2,10,2,"PIX4051=U30_4051L8@X1, PIX4052=U67_4052Mux6@S2A, DG4051=U50_DAC_LV2@X3 nEN=H, U52=LV2-pin7 FMC_A0A1A2=010"
2778,8,J2_JB8,13,0x0A8,010101000,168,0,1,2,2,2,10,2,"PIX4051=U6_4051R8@X2, PIX4052=U67_4052Mux6@S2B, DG4051=U50_DAC_LV2@X0 nEN=H, U52=LV2-pin7 FMC_A0A1A2=010"
2779,8,J2_JB8,14,0x0AB,010101011,171,3,1,2,2,2,10,2,"PIX4051=U30_4051L8@X2, PIX4052=U67_4052Mux6@S2A, DG4051=U50_DAC_LV2@X3 nEN=H, U52=LV2-pin7 FMC_A0A1A2=010"
2780,8,J2_JB8,15,0x028,000101000,40,0,1,2,0,2,10,2,"PIX4051=U6_4051R8@X0, PIX4052=U67_4052Mux6@S2B, DG4051=U50_DAC_LV2@X0 nEN=H, U52=LV2-pin7 FMC_A0A1A2=010"
2781,8,J2_JB8,16,0x02B,000101011,43,3,1,2,0,2,10,2,"PIX4051=U30_4051L8@X0, PIX4052=U67_4052Mux6@S2A, DG4051=U50_DAC_LV2@X3 nEN=H, U52=LV2-pin7 FMC_A0A1A2=010"
2782,8,J2_JB8,17,0x0E8,011101000,232,0,1,2,3,2,10,2,"PIX4051=U6_4051R8@X3, PIX4052=U67_4052Mux6@S2B, DG4051=U50_DAC_LV2@X0 nEN=H, U52=LV2-pin7 FMC_A0A1A2=010"
2783,8,J2_JB8,18,0x0EB,011101011,235,3,1,2,3,2,10,2,"PIX4051=U30_4051L8@X3, PIX4052=U67_4052Mux6@S2A, DG4051=U50_DAC_LV2@X3 nEN=H, U52=LV2-pin7 FMC_A0A1A2=010"
2784,8,J2_JB8,19,0x15A,101011010,346,2,1,1,5,2,10,2,"PIX4051=U7_4051R8@X5, PIX4052=U68_4052Mux6@S1B, DG4051=U50_DAC_LV2@X2 nEN=H, U52=LV2-pin7 FMC_A0A1A2=010"
2785,8,J2_JB8,20,0x14E,101001110,334,6,1,0,5,2,10,2,"PIX4051=U31_4051L8@X5, PIX4052=U66_4052Mux6@S0A, DG4051=U50_DAC_LV2@X6 nEN=H, U52=LV2-pin7 FMC_A0A1A2=010"
2786,8,J2_JB8,21,0x1DA,111011010,474,2,1,1,7,2,10,2,"PIX4051=U7_4051R8@X7, PIX4052=U68_4052Mux6@S1B, DG4051=U50_DAC_LV2@X2 nEN=H, U52=LV2-pin7 FMC_A0A1A2=010"
2787,8,J2_JB8,22,0x1CE,111001110,462,6,1,0,7,2,10,2,"PIX4051=U31_4051L8@X7, PIX4052=U66_4052Mux6@S0A, DG4051=U50_DAC_LV2@X6 nEN=H, U52=LV2-pin7 FMC_A0A1A2=010"
2788,8,J2_JB8,23,0x11A,100011010,282,2,1,1,4,2,10,2,"PIX4051=U7_4051R8@X4, PIX4052=U68_4052Mux6@S1B, DG4051=U50_DAC_LV2@X2 nEN=H, U52=LV2-pin7 FMC_A0A1A2=010"
2789,8,J2_JB8,24,0x10E,100001110,270,6,1,0,4,2,10,2,"PIX4051=U31_4051L8@X4, PIX4052=U66_4052Mux6@S0A, DG4051=U50_DAC_LV2@X6 nEN=H, U52=LV2-pin7 FMC_A0A1A2=010"
2790,8,J2_JB8,25,0x19A,110011010,410,2,1,1,6,2,10,2,"PIX4051=U7_4051R8@X6, PIX4052=U68_4052Mux6@S1B, DG4051=U50_DAC_LV2@X2 nEN=H, U52=LV2-pin7 FMC_A0A1A2=010"
2791,8,J2_JB8,26,0x18E,110001110,398,6,1,0,6,2,10,2,"PIX4051=U31_4051L8@X6, PIX4052=U66_4052Mux6@S0A, DG4051=U50_DAC_LV2@X6 nEN=H, U52=LV2-pin7 FMC_A0A1A2=010"
2792,8,J2_JB8,27,0x05A,001011010,90,2,1,1,1,2,10,2,"PIX4051=U7_4051R8@X1, PIX4052=U68_4052Mux6@S1B, DG4051=U50_DAC_LV2@X2 nEN=H, U52=LV2-pin7 FMC_A0A1A2=010"
2793,8,J2_JB8,28,0x04E,001001110,78,6,1,0,1,2,10,2,"PIX4051=U31_4051L8@X1, PIX4052=U66_4052Mux6@S0A, DG4051=U50_DAC_LV2@X6 nEN=H, U52=LV2-pin7 FMC_A0A1A2=010"
2794,8,J2_JB8,29,0x09A,010011010,154,2,1,1,2,2,10,2,"PIX4051=U7_4051R8@X2, PIX4052=U68_4052Mux6@S1B, DG4051=U50_DAC_LV2@X2 nEN=H, U52=LV2-pin7 FMC_A0A1A2=010"
2795,8,J2_JB8,30,0x08E,010001110,142,6,1,0,2,2,10,2,"PIX4051=U31_4051L8@X2, PIX4052=U66_4052Mux6@S0A, DG4051=U50_DAC_LV2@X6 nEN=H, U52=LV2-pin7 FMC_A0A1A2=010"
2796,8,J2_JB8,31,0x01A,000011010,26,2,1,1,0,2,10,2,"PIX4051=U7_4051R8@X0, PIX4052=U68_4052Mux6@S1B, DG4051=U50_DAC_LV2@X2 nEN=H, U52=LV2-pin7 FMC_A0A1A2=010"
2797,8,J2_JB8,32,0x00E,000001110,14,6,1,0,0,2,10,2,"PIX4051=U31_4051L8@X0, PIX4052=U66_4052Mux6@S0A, DG4051=U50_DAC_LV2@X6 nEN=H, U52=LV2-pin7 FMC_A0A1A2=010"
2798,8,J2_JB8,33,0x0DA,011011010,218,2,1,1,3,2,10,2,"PIX4051=U7_4051R8@X3, PIX4052=U68_4052Mux6@S1B, DG4051=U50_DAC_LV2@X2 nEN=H, U52=LV2-pin7 FMC_A0A1A2=010"
2799,8,J2_JB8,34,0x0CE,011001110,206,6,1,0,3,2,10,2,"PIX4051=U31_4051L8@X3, PIX4052=U66_4052Mux6@S0A, DG4051=U50_DAC_LV2@X6 nEN=H, U52=LV2-pin7 FMC_A0A1A2=010"
2800,8,J2_JB8,35,0x14A,101001010,330,2,1,0,5,2,10,2,"PIX4051=U8_4051R8@X5, PIX4052=U68_4052Mux6@S0B, DG4051=U50_DAC_LV2@X2 nEN=H, U52=LV2-pin7 FMC_A0A1A2=010"
2801,8,J2_JB8,36,0x15E,101011110,350,6,1,1,5,2,10,2,"PIX4051=U32_4051L8@X5, PIX4052=U66_4052Mux6@S1A, DG4051=U50_DAC_LV2@X6 nEN=H, U52=LV2-pin7 FMC_A0A1A2=010"
2802,8,J2_JB8,37,0x1CA,111001010,458,2,1,0,7,2,10,2,"PIX4051=U8_4051R8@X7, PIX4052=U68_4052Mux6@S0B, DG4051=U50_DAC_LV2@X2 nEN=H, U52=LV2-pin7 FMC_A0A1A2=010"
2803,8,J2_JB8,38,0x1DE,111011110,478,6,1,1,7,2,10,2,"PIX4051=U32_4051L8@X7, PIX4052=U66_4052Mux6@S1A, DG4051=U50_DAC_LV2@X6 nEN=H, U52=LV2-pin7 FMC_A0A1A2=010"
2804,8,J2_JB8,39,0x10A,100001010,266,2,1,0,4,2,10,2,"PIX4051=U8_4051R8@X4, PIX4052=U68_4052Mux6@S0B, DG4051=U50_DAC_LV2@X2 nEN=H, U52=LV2-pin7 FMC_A0A1A2=010"
2805,8,J2_JB8,40,0x11E,100011110,286,6,1,1,4,2,10,2,"PIX4051=U32_4051L8@X4, PIX4052=U66_4052Mux6@S1A, DG4051=U50_DAC_LV2@X6 nEN=H, U52=LV2-pin7 FMC_A0A1A2=010"
2806,8,J2_JB8,41,0x18A,110001010,394,2,1,0,6,2,10,2,"PIX4051=U8_4051R8@X6, PIX4052=U68_4052Mux6@S0B, DG4051=U50_DAC_LV2@X2 nEN=H, U52=LV2-pin7 FMC_A0A1A2=010"
2807,8,J2_JB8,42,0x19E,110011110,414,6,1,1,6,2,10,2,"PIX4051=U32_4051L8@X6, PIX4052=U66_4052Mux6@S1A, DG4051=U50_DAC_LV2@X6 nEN=H, U52=LV2-pin7 FMC_A0A1A2=010"
2808,8,J2_JB8,43,0x04A,001001010,74,2,1,0,1,2,10,2,"PIX4051=U8_4051R8@X1, PIX4052=U68_4052Mux6@S0B, DG4051=U50_DAC_LV2@X2 nEN=H, U52=LV2-pin7 FMC_A0A1A2=010"
2809,8,J2_JB8,44,0x05E,001011110,94,6,1,1,1,2,10,2,"PIX4051=U32_4051L8@X1, PIX4052=U66_4052Mux6@S1A, DG4051=U50_DAC_LV2@X6 nEN=H, U52=LV2-pin7 FMC_A0A1A2=010"
2810,8,J2_JB8,45,0x08A,010001010,138,2,1,0,2,2,10,2,"PIX4051=U8_4051R8@X2, PIX4052=U68_4052Mux6@S0B, DG4051=U50_DAC_LV2@X2 nEN=H, U52=LV2-pin7 FMC_A0A1A2=010"
2811,8,J2_JB8,46,0x09E,010011110,158,6,1,1,2,2,10,2,"PIX4051=U32_4051L8@X2, PIX4052=U66_4052Mux6@S1A, DG4051=U50_DAC_LV2@X6 nEN=H, U52=LV2-pin7 FMC_A0A1A2=010"
2812,8,J2_JB8,47,0x00A,000001010,10,2,1,0,0,2,10,2,"PIX4051=U8_4051R8@X0, PIX4052=U68_4052Mux6@S0B, DG4051=U50_DAC_LV2@X2 nEN=H, U52=LV2-pin7 FMC_A0A1A2=010"
2813,8,J2_JB8,48,0x01E,000011110,30,6,1,1,0,2,10,2,"PIX4051=U32_4051L8@X0, PIX4052=U66_4052Mux6@S1A, DG4051=U50_DAC_LV2@X6 nEN=H, U52=LV2-pin7 FMC_A0A1A2=010"
2814,8,J2_JB8,49,0x0CA,011001010,202,2,1,0,3,2,10,2,"PIX4051=U8_4051R8@X3, PIX4052=U68_4052Mux6@S0B, DG4051=U50_DAC_LV2@X2 nEN=H, U52=LV2-pin7 FMC_A0A1A2=010"
2815,8,J2_JB8,50,0x0DE,011011110,222,6,1,1,3,2,10,2,"PIX4051=U32_4051L8@X3, PIX4052=U66_4052Mux6@S1A, DG4051=U50_DAC_LV2@X6 nEN=H, U52=LV2-pin7 FMC_A0A1A2=010"
2816,8,J2_JB8,51,0x159,101011001,345,1,1,1,5,2,10,2,"PIX4051=U9_4051R8@X5, PIX4052=U68_4052Mux6@S1A, DG4051=U50_DAC_LV2@X1 nEN=H, U52=LV2-pin7 FMC_A0A1A2=010"
2817,8,J2_JB8,52,0x14C,101001100,332,4,1,0,5,2,10,2,"PIX4051=U33_4051L8@X5, PIX4052=U66_4052Mux6@S0B, DG4051=U50_DAC_LV2@X4 nEN=H, U52=LV2-pin7 FMC_A0A1A2=010"
2818,8,J2_JB8,53,0x1D9,111011001,473,1,1,1,7,2,10,2,"PIX4051=U9_4051R8@X7, PIX4052=U68_4052Mux6@S1A, DG4051=U50_DAC_LV2@X1 nEN=H, U52=LV2-pin7 FMC_A0A1A2=010"
2819,8,J2_JB8,54,0x1CC,111001100,460,4,1,0,7,2,10,2,"PIX4051=U33_4051L8@X7, PIX4052=U66_4052Mux6@S0B, DG4051=U50_DAC_LV2@X4 nEN=H, U52=LV2-pin7 FMC_A0A1A2=010"
2820,8,J2_JB8,55,0x119,100011001,281,1,1,1,4,2,10,2,"PIX4051=U9_4051R8@X4, PIX4052=U68_4052Mux6@S1A, DG4051=U50_DAC_LV2@X1 nEN=H, U52=LV2-pin7 FMC_A0A1A2=010"
2821,8,J2_JB8,56,0x10C,100001100,268,4,1,0,4,2,10,2,"PIX4051=U33_4051L8@X4, PIX4052=U66_4052Mux6@S0B, DG4051=U50_DAC_LV2@X4 nEN=H, U52=LV2-pin7 FMC_A0A1A2=010"
2822,8,J2_JB8,57,0x199,110011001,409,1,1,1,6,2,10,2,"PIX4051=U9_4051R8@X6, PIX4052=U68_4052Mux6@S1A, DG4051=U50_DAC_LV2@X1 nEN=H, U52=LV2-pin7 FMC_A0A1A2=010"
2823,8,J2_JB8,58,0x18C,110001100,396,4,1,0,6,2,10,2,"PIX4051=U33_4051L8@X6, PIX4052=U66_4052Mux6@S0B, DG4051=U50_DAC_LV2@X4 nEN=H, U52=LV2-pin7 FMC_A0A1A2=010"
2824,8,J2_JB8,59,0x059,001011001,89,1,1,1,1,2,10,2,"PIX4051=U9_4051R8@X1, PIX4052=U68_4052Mux6@S1A, DG4051=U50_DAC_LV2@X1 nEN=H, U52=LV2-pin7 FMC_A0A1A2=010"
2825,8,J2_JB8,60,0x04C,001001100,76,4,1,0,1,2,10,2,"PIX4051=U33_4051L8@X1, PIX4052=U66_4052Mux6@S0B, DG4051=U50_DAC_LV2@X4 nEN=H, U52=LV2-pin7 FMC_A0A1A2=010"
2826,8,J2_JB8,61,0x099,010011001,153,1,1,1,2,2,10,2,"PIX4051=U9_4051R8@X2, PIX4052=U68_4052Mux6@S1A, DG4051=U50_DAC_LV2@X1 nEN=H, U52=LV2-pin7 FMC_A0A1A2=010"
2827,8,J2_JB8,62,0x08C,010001100,140,4,1,0,2,2,10,2,"PIX4051=U33_4051L8@X2, PIX4052=U66_4052Mux6@S0B, DG4051=U50_DAC_LV2@X4 nEN=H, U52=LV2-pin7 FMC_A0A1A2=010"
2828,8,J2_JB8,63,0x019,000011001,25,1,1,1,0,2,10,2,"PIX4051=U9_4051R8@X0, PIX4052=U68_4052Mux6@S1A, DG4051=U50_DAC_LV2@X1 nEN=H, U52=LV2-pin7 FMC_A0A1A2=010"
2829,8,J2_JB8,64,0x00C,000001100,12,4,1,0,0,2,10,2,"PIX4051=U33_4051L8@X0, PIX4052=U66_4052Mux6@S0B, DG4051=U50_DAC_LV2@X4 nEN=H, U52=LV2-pin7 FMC_A0A1A2=010"
2830,8,J2_JB8,65,0x0D9,011011001,217,1,1,1,3,2,10,2,"PIX4051=U9_4051R8@X3, PIX4052=U68_4052Mux6@S1A, DG4051=U50_DAC_LV2@X1 nEN=H, U52=LV2-pin7 FMC_A0A1A2=010"
2831,8,J2_JB8,66,0x0CC,011001100,204,4,1,0,3,2,10,2,"PIX4051=U33_4051L8@X3, PIX4052=U66_4052Mux6@S0B, DG4051=U50_DAC_LV2@X4 nEN=H, U52=LV2-pin7 FMC_A0A1A2=010"
2832,8,J2_JB8,67,0x149,101001001,329,1,1,0,5,2,10,2,"PIX4051=U10_4051R8@X5, PIX4052=U68_4052Mux6@S0A, DG4051=U50_DAC_LV2@X1 nEN=H, U52=LV2-pin7 FMC_A0A1A2=010"
2833,8,J2_JB8,68,0x15C,101011100,348,4,1,1,5,2,10,2,"PIX4051=U34_4051L8@X5, PIX4052=U66_4052Mux6@S1B, DG4051=U50_DAC_LV2@X4 nEN=H, U52=LV2-pin7 FMC_A0A1A2=010"
2834,8,J2_JB8,69,0x1C9,111001001,457,1,1,0,7,2,10,2,"PIX4051=U10_4051R8@X7, PIX4052=U68_4052Mux6@S0A, DG4051=U50_DAC_LV2@X1 nEN=H, U52=LV2-pin7 FMC_A0A1A2=010"
2835,8,J2_JB8,70,0x1DC,111011100,476,4,1,1,7,2,10,2,"PIX4051=U34_4051L8@X7, PIX4052=U66_4052Mux6@S1B, DG4051=U50_DAC_LV2@X4 nEN=H, U52=LV2-pin7 FMC_A0A1A2=010"
2836,8,J2_JB8,71,0x109,100001001,265,1,1,0,4,2,10,2,"PIX4051=U10_4051R8@X4, PIX4052=U68_4052Mux6@S0A, DG4051=U50_DAC_LV2@X1 nEN=H, U52=LV2-pin7 FMC_A0A1A2=010"
2837,8,J2_JB8,72,0x11C,100011100,284,4,1,1,4,2,10,2,"PIX4051=U34_4051L8@X4, PIX4052=U66_4052Mux6@S1B, DG4051=U50_DAC_LV2@X4 nEN=H, U52=LV2-pin7 FMC_A0A1A2=010"
2838,8,J2_JB8,73,0x189,110001001,393,1,1,0,6,2,10,2,"PIX4051=U10_4051R8@X6, PIX4052=U68_4052Mux6@S0A, DG4051=U50_DAC_LV2@X1 nEN=H, U52=LV2-pin7 FMC_A0A1A2=010"
2839,8,J2_JB8,74,0x19C,110011100,412,4,1,1,6,2,10,2,"PIX4051=U34_4051L8@X6, PIX4052=U66_4052Mux6@S1B, DG4051=U50_DAC_LV2@X4 nEN=H, U52=LV2-pin7 FMC_A0A1A2=010"
2840,8,J2_JB8,75,0x049,001001001,73,1,1,0,1,2,10,2,"PIX4051=U10_4051R8@X1, PIX4052=U68_4052Mux6@S0A, DG4051=U50_DAC_LV2@X1 nEN=H, U52=LV2-pin7 FMC_A0A1A2=010"
2841,8,J2_JB8,76,0x05C,001011100,92,4,1,1,1,2,10,2,"PIX4051=U34_4051L8@X1, PIX4052=U66_4052Mux6@S1B, DG4051=U50_DAC_LV2@X4 nEN=H, U52=LV2-pin7 FMC_A0A1A2=010"
2842,8,J2_JB16,1,0x089,010001001,137,1,1,0,2,2,10,2,"PIX4051=U10_4051R8@X2, PIX4052=U68_4052Mux6@S0A, DG4051=U50_DAC_LV2@X1 nEN=H, U52=LV2-pin7 FMC_A0A1A2=010"
2843,8,J2_JB16,2,0x09C,010011100,156,4,1,1,2,2,10,2,"PIX4051=U34_4051L8@X2, PIX4052=U66_4052Mux6@S1B, DG4051=U50_DAC_LV2@X4 nEN=H, U52=LV2-pin7 FMC_A0A1A2=010"
2844,8,J2_JB16,3,0x009,000001001,9,1,1,0,0,2,10,2,"PIX4051=U10_4051R8@X0, PIX4052=U68_4052Mux6@S0A, DG4051=U50_DAC_LV2@X1 nEN=H, U52=LV2-pin7 FMC_A0A1A2=010"
2845,8,J2_JB16,4,0x01C,000011100,28,4,1,1,0,2,10,2,"PIX4051=U34_4051L8@X0, PIX4052=U66_4052Mux6@S1B, DG4051=U50_DAC_LV2@X4 nEN=H, U52=LV2-pin7 FMC_A0A1A2=010"
2846,8,J2_JB16,5,0x0C9,011001001,201,1,1,0,3,2,10,2,"PIX4051=U10_4051R8@X3, PIX4052=U68_4052Mux6@S0A, DG4051=U50_DAC_LV2@X1 nEN=H, U52=LV2-pin7 FMC_A0A1A2=010"
2847,8,J2_JB16,6,0x0DC,011011100,220,4,1,1,3,2,10,2,"PIX4051=U34_4051L8@X3, PIX4052=U66_4052Mux6@S1B, DG4051=U50_DAC_LV2@X4 nEN=H, U52=LV2-pin7 FMC_A0A1A2=010"
2848,8,J2_JB16,7,0x158,101011000,344,0,1,1,5,2,10,2,"PIX4051=U11_4051R8@X5, PIX4052=U67_4052Mux6@S1B, DG4051=U50_DAC_LV2@X0 nEN=H, U52=LV2-pin7 FMC_A0A1A2=010"
2849,8,J2_JB16,8,0x14B,101001011,331,3,1,0,5,2,10,2,"PIX4051=U35_4051L8@X5, PIX4052=U67_4052Mux6@S0A, DG4051=U50_DAC_LV2@X3 nEN=H, U52=LV2-pin7 FMC_A0A1A2=010"
2850,8,J2_JB16,9,0x1D8,111011000,472,0,1,1,7,2,10,2,"PIX4051=U11_4051R8@X7, PIX4052=U67_4052Mux6@S1B, DG4051=U50_DAC_LV2@X0 nEN=H, U52=LV2-pin7 FMC_A0A1A2=010"
2851,8,J2_JB16,10,0x1CB,111001011,459,3,1,0,7,2,10,2,"PIX4051=U35_4051L8@X7, PIX4052=U67_4052Mux6@S0A, DG4051=U50_DAC_LV2@X3 nEN=H, U52=LV2-pin7 FMC_A0A1A2=010"
2852,8,J2_JB16,11,0x118,100011000,280,0,1,1,4,2,10,2,"PIX4051=U11_4051R8@X4, PIX4052=U67_4052Mux6@S1B, DG4051=U50_DAC_LV2@X0 nEN=H, U52=LV2-pin7 FMC_A0A1A2=010"
2853,8,J2_JB16,12,0x10B,100001011,267,3,1,0,4,2,10,2,"PIX4051=U35_4051L8@X4, PIX4052=U67_4052Mux6@S0A, DG4051=U50_DAC_LV2@X3 nEN=H, U52=LV2-pin7 FMC_A0A1A2=010"
2854,8,J2_JB16,13,0x198,110011000,408,0,1,1,6,2,10,2,"PIX4051=U11_4051R8@X6, PIX4052=U67_4052Mux6@S1B, DG4051=U50_DAC_LV2@X0 nEN=H, U52=LV2-pin7 FMC_A0A1A2=010"
2855,8,J2_JB16,14,0x18B,110001011,395,3,1,0,6,2,10,2,"PIX4051=U35_4051L8@X6, PIX4052=U67_4052Mux6@S0A, DG4051=U50_DAC_LV2@X3 nEN=H, U52=LV2-pin7 FMC_A0A1A2=010"
2856,8,J2_JB16,15,0x058,001011000,88,0,1,1,1,2,10,2,"PIX4051=U11_4051R8@X1, PIX4052=U67_4052Mux6@S1B, DG4051=U50_DAC_LV2@X0 nEN=H, U52=LV2-pin7 FMC_A0A1A2=010"
2857,8,J2_JB16,16,0x04B,001001011,75,3,1,0,1,2,10,2,"PIX4051=U35_4051L8@X1, PIX4052=U67_4052Mux6@S0A, DG4051=U50_DAC_LV2@X3 nEN=H, U52=LV2-pin7 FMC_A0A1A2=010"
2858,8,J2_JB16,17,0x098,010011000,152,0,1,1,2,2,10,2,"PIX4051=U11_4051R8@X2, PIX4052=U67_4052Mux6@S1B, DG4051=U50_DAC_LV2@X0 nEN=H, U52=LV2-pin7 FMC_A0A1A2=010"
2859,8,J2_JB16,18,0x08B,010001011,139,3,1,0,2,2,10,2,"PIX4051=U35_4051L8@X2, PIX4052=U67_4052Mux6@S0A, DG4051=U50_DAC_LV2@X3 nEN=H, U52=LV2-pin7 FMC_A0A1A2=010"
2860,8,J2_JB16,19,0x018,000011000,24,0,1,1,0,2,10,2,"PIX4051=U11_4051R8@X0, PIX4052=U67_4052Mux6@S1B, DG4051=U50_DAC_LV2@X0 nEN=H, U52=LV2-pin7 FMC_A0A1A2=010"
2861,8,J2_JB16,20,0x00B,000001011,11,3,1,0,0,2,10,2,"PIX4051=U35_4051L8@X0, PIX4052=U67_4052Mux6@S0A, DG4051=U50_DAC_LV2@X3 nEN=H, U52=LV2-pin7 FMC_A0A1A2=010"
2862,8,J2_JB16,21,0x0D8,011011000,216,0,1,1,3,2,10,2,"PIX4051=U11_4051R8@X3, PIX4052=U67_4052Mux6@S1B, DG4051=U50_DAC_LV2@X0 nEN=H, U52=LV2-pin7 FMC_A0A1A2=010"
2863,8,J2_JB16,22,0x0CB,011001011,203,3,1,0,3,2,10,2,"PIX4051=U35_4051L8@X3, PIX4052=U67_4052Mux6@S0A, DG4051=U50_DAC_LV2@X3 nEN=H, U52=LV2-pin7 FMC_A0A1A2=010"
2864,8,J2_JB16,23,0x148,101001000,328,0,1,0,5,2,10,2,"PIX4051=U12_4051R8@X5, PIX4052=U67_4052Mux6@S0B, DG4051=U50_DAC_LV2@X0 nEN=H, U52=LV2-pin7 FMC_A0A1A2=010"
2865,8,J2_JB16,24,0x15B,101011011,347,3,1,1,5,2,10,2,"PIX4051=U36_4051L8@X5, PIX4052=U67_4052Mux6@S1A, DG4051=U50_DAC_LV2@X3 nEN=H, U52=LV2-pin7 FMC_A0A1A2=010"
2866,8,J2_JB16,25,0x1C8,111001000,456,0,1,0,7,2,10,2,"PIX4051=U12_4051R8@X7, PIX4052=U67_4052Mux6@S0B, DG4051=U50_DAC_LV2@X0 nEN=H, U52=LV2-pin7 FMC_A0A1A2=010"
2867,8,J2_JB16,26,0x1DB,111011011,475,3,1,1,7,2,10,2,"PIX4051=U36_4051L8@X7, PIX4052=U67_4052Mux6@S1A, DG4051=U50_DAC_LV2@X3 nEN=H, U52=LV2-pin7 FMC_A0A1A2=010"
2868,8,J2_JB16,27,0x108,100001000,264,0,1,0,4,2,10,2,"PIX4051=U12_4051R8@X4, PIX4052=U67_4052Mux6@S0B, DG4051=U50_DAC_LV2@X0 nEN=H, U52=LV2-pin7 FMC_A0A1A2=010"
2869,8,J2_JB16,28,0x11B,100011011,283,3,1,1,4,2,10,2,"PIX4051=U36_4051L8@X4, PIX4052=U67_4052Mux6@S1A, DG4051=U50_DAC_LV2@X3 nEN=H, U52=LV2-pin7 FMC_A0A1A2=010"
2870,8,J2_JB16,29,0x188,110001000,392,0,1,0,6,2,10,2,"PIX4051=U12_4051R8@X6, PIX4052=U67_4052Mux6@S0B, DG4051=U50_DAC_LV2@X0 nEN=H, U52=LV2-pin7 FMC_A0A1A2=010"
2871,8,J2_JB16,30,0x19B,110011011,411,3,1,1,6,2,10,2,"PIX4051=U36_4051L8@X6, PIX4052=U67_4052Mux6@S1A, DG4051=U50_DAC_LV2@X3 nEN=H, U52=LV2-pin7 FMC_A0A1A2=010"
2872,8,J2_JB16,31,0x048,001001000,72,0,1,0,1,2,10,2,"PIX4051=U12_4051R8@X1, PIX4052=U67_4052Mux6@S0B, DG4051=U50_DAC_LV2@X0 nEN=H, U52=LV2-pin7 FMC_A0A1A2=010"
2873,8,J2_JB16,32,0x05B,001011011,91,3,1,1,1,2,10,2,"PIX4051=U36_4051L8@X1, PIX4052=U67_4052Mux6@S1A, DG4051=U50_DAC_LV2@X3 nEN=H, U52=LV2-pin7 FMC_A0A1A2=010"
2874,8,J2_JB16,33,0x088,010001000,136,0,1,0,2,2,10,2,"PIX4051=U12_4051R8@X2, PIX4052=U67_4052Mux6@S0B, DG4051=U50_DAC_LV2@X0 nEN=H, U52=LV2-pin7 FMC_A0A1A2=010"
2875,8,J2_JB16,34,0x09B,010011011,155,3,1,1,2,2,10,2,"PIX4051=U36_4051L8@X2, PIX4052=U67_4052Mux6@S1A, DG4051=U50_DAC_LV2@X3 nEN=H, U52=LV2-pin7 FMC_A0A1A2=010"
2876,8,J2_JB16,35,0x008,000001000,8,0,1,0,0,2,10,2,"PIX4051=U12_4051R8@X0, PIX4052=U67_4052Mux6@S0B, DG4051=U50_DAC_LV2@X0 nEN=H, U52=LV2-pin7 FMC_A0A1A2=010"
2877,8,J2_JB16,36,0x01B,000011011,27,3,1,1,0,2,10,2,"PIX4051=U36_4051L8@X0, PIX4052=U67_4052Mux6@S1A, DG4051=U50_DAC_LV2@X3 nEN=H, U52=LV2-pin7 FMC_A0A1A2=010"
2878,8,J2_JB16,37,0x0C8,011001000,200,0,1,0,3,2,10,2,"PIX4051=U12_4051R8@X3, PIX4052=U67_4052Mux6@S0B, DG4051=U50_DAC_LV2@X0 nEN=H, U52=LV2-pin7 FMC_A0A1A2=010"
2879,8,J2_JB16,38,0x0DB,011011011,219,3,1,1,3,2,10,2,"PIX4051=U36_4051L8@X3, PIX4052=U67_4052Mux6@S1A, DG4051=U50_DAC_LV2@X3 nEN=H, U52=LV2-pin7 FMC_A0A1A2=010"
2880,8,J2_JB16,39,0x166,101100110,358,6,0,2,5,6,11,3,"PIX4051=U13_4051R8@X5, PIX4052=U66_4052Mux12@S2A, DG4051=U53_DAC_LV2@X6 nEN=L, U52=LV2-pin1 FMC_A0A1A2=011"
2881,8,J2_JB16,40,0x164,101100100,356,4,0,2,5,6,11,3,"PIX4051=U37_4051L8@X5, PIX4052=U66_4052Mux12@S2B, DG4051=U53_DAC_LV2@X4 nEN=L, U52=LV2-pin1 FMC_A0A1A2=011"
2882,8,J2_JB16,41,0x1E6,111100110,486,6,0,2,7,6,11,3,"PIX4051=U13_4051R8@X7, PIX4052=U66_4052Mux12@S2A, DG4051=U53_DAC_LV2@X6 nEN=L, U52=LV2-pin1 FMC_A0A1A2=011"
2883,8,J2_JB16,42,0x1E4,111100100,484,4,0,2,7,6,11,3,"PIX4051=U37_4051L8@X7, PIX4052=U66_4052Mux12@S2B, DG4051=U53_DAC_LV2@X4 nEN=L, U52=LV2-pin1 FMC_A0A1A2=011"
2884,8,J2_JB16,43,0x126,100100110,294,6,0,2,4,6,11,3,"PIX4051=U13_4051R8@X4, PIX4052=U66_4052Mux12@S2A, DG4051=U53_DAC_LV2@X6 nEN=L, U52=LV2-pin1 FMC_A0A1A2=011"
2885,8,J2_JB16,44,0x124,100100100,292,4,0,2,4,6,11,3,"PIX4051=U37_4051L8@X4, PIX4052=U66_4052Mux12@S2B, DG4051=U53_DAC_LV2@X4 nEN=L, U52=LV2-pin1 FMC_A0A1A2=011"
2886,8,J2_JB16,45,0x1A6,110100110,422,6,0,2,6,6,11,3,"PIX4051=U13_4051R8@X6, PIX4052=U66_4052Mux12@S2A, DG4051=U53_DAC_LV2@X6 nEN=L, U52=LV2-pin1 FMC_A0A1A2=011"
2887,8,J2_JB16,46,0x1A4,110100100,420,4,0,2,6,6,11,3,"PIX4051=U37_4051L8@X6, PIX4052=U66_4052Mux12@S2B, DG4051=U53_DAC_LV2@X4 nEN=L, U52=LV2-pin1 FMC_A0A1A2=011"
2888,8,J2_JB16,47,0x066,001100110,102,6,0,2,1,6,11,3,"PIX4051=U13_4051R8@X1, PIX4052=U66_4052Mux12@S2A, DG4051=U53_DAC_LV2@X6 nEN=L, U52=LV2-pin1 FMC_A0A1A2=011"
2889,8,J2_JB16,48,0x064,001100100,100,4,0,2,1,6,11,3,"PIX4051=U37_4051L8@X1, PIX4052=U66_4052Mux12@S2B, DG4051=U53_DAC_LV2@X4 nEN=L, U52=LV2-pin1 FMC_A0A1A2=011"
2890,8,J2_JB16,49,0x0A6,010100110,166,6,0,2,2,6,11,3,"PIX4051=U13_4051R8@X2, PIX4052=U66_4052Mux12@S2A, DG4051=U53_DAC_LV2@X6 nEN=L, U52=LV2-pin1 FMC_A0A1A2=011"
2891,8,J2_JB16,50,0x0A4,010100100,164,4,0,2,2,6,11,3,"PIX4051=U37_4051L8@X2, PIX4052=U66_4052Mux12@S2B, DG4051=U53_DAC_LV2@X4 nEN=L, U52=LV2-pin1 FMC_A0A1A2=011"
2892,8,J2_JB16,51,0x026,000100110,38,6,0,2,0,6,11,3,"PIX4051=U13_4051R8@X0, PIX4052=U66_4052Mux12@S2A, DG4051=U53_DAC_LV2@X6 nEN=L, U52=LV2-pin1 FMC_A0A1A2=011"
2893,8,J2_JB16,52,0x024,000100100,36,4,0,2,0,6,11,3,"PIX4051=U37_4051L8@X0, PIX4052=U66_4052Mux12@S2B, DG4051=U53_DAC_LV2@X4 nEN=L, U52=LV2-pin1 FMC_A0A1A2=011"
2894,8,J2_JB16,53,0x0E6,011100110,230,6,0,2,3,6,11,3,"PIX4051=U13_4051R8@X3, PIX4052=U66_4052Mux12@S2A, DG4051=U53_DAC_LV2@X6 nEN=L, U52=LV2-pin1 FMC_A0A1A2=011"
2895,8,J2_JB16,54,0x0E4,011100100,228,4,0,2,3,6,11,3,"PIX4051=U37_4051L8@X3, PIX4052=U66_4052Mux12@S2B, DG4051=U53_DAC_LV2@X4 nEN=L, U52=LV2-pin1 FMC_A0A1A2=011"
2896,8,J2_JB16,55,0x176,101110110,374,6,0,3,5,6,11,3,"PIX4051=U14_4051R8@X5, PIX4052=U66_4052Mux12@S3A, DG4051=U53_DAC_LV2@X6 nEN=L, U52=LV2-pin1 FMC_A0A1A2=011"
2897,8,J2_JB16,56,0x174,101110100,372,4,0,3,5,6,11,3,"PIX4051=U38_4051L8@X5, PIX4052=U66_4052Mux12@S3B, DG4051=U53_DAC_LV2@X4 nEN=L, U52=LV2-pin1 FMC_A0A1A2=011"
2898,8,J2_JB16,57,0x1F6,111110110,502,6,0,3,7,6,11,3,"PIX4051=U14_4051R8@X7, PIX4052=U66_4052Mux12@S3A, DG4051=U53_DAC_LV2@X6 nEN=L, U52=LV2-pin1 FMC_A0A1A2=011"
2899,8,J2_JB16,58,0x1F4,111110100,500,4,0,3,7,6,11,3,"PIX4051=U38_4051L8@X7, PIX4052=U66_4052Mux12@S3B, DG4051=U53_DAC_LV2@X4 nEN=L, U52=LV2-pin1 FMC_A0A1A2=011"
2900,8,J2_JB16,59,0x136,100110110,310,6,0,3,4,6,11,3,"PIX4051=U14_4051R8@X4, PIX4052=U66_4052Mux12@S3A, DG4051=U53_DAC_LV2@X6 nEN=L, U52=LV2-pin1 FMC_A0A1A2=011"
2901,8,J2_JB16,60,0x134,100110100,308,4,0,3,4,6,11,3,"PIX4051=U38_4051L8@X4, PIX4052=U66_4052Mux12@S3B, DG4051=U53_DAC_LV2@X4 nEN=L, U52=LV2-pin1 FMC_A0A1A2=011"
2902,8,J2_JB16,61,0x1B6,110110110,438,6,0,3,6,6,11,3,"PIX4051=U14_4051R8@X6, PIX4052=U66_4052Mux12@S3A, DG4051=U53_DAC_LV2@X6 nEN=L, U52=LV2-pin1 FMC_A0A1A2=011"
2903,8,J2_JB16,62,0x1B4,110110100,436,4,0,3,6,6,11,3,"PIX4051=U38_4051L8@X6, PIX4052=U66_4052Mux12@S3B, DG4051=U53_DAC_LV2@X4 nEN=L, U52=LV2-pin1 FMC_A0A1A2=011"
2904,8,J2_JB16,63,0x076,001110110,118,6,0,3,1,6,11,3,"PIX4051=U14_4051R8@X1, PIX4052=U66_4052Mux12@S3A, DG4051=U53_DAC_LV2@X6 nEN=L, U52=LV2-pin1 FMC_A0A1A2=011"
2905,8,J2_JB16,64,0x074,001110100,116,4,0,3,1,6,11,3,"PIX4051=U38_4051L8@X1, PIX4052=U66_4052Mux12@S3B, DG4051=U53_DAC_LV2@X4 nEN=L, U52=LV2-pin1 FMC_A0A1A2=011"
2906,8,J2_JB16,65,0x0B6,010110110,182,6,0,3,2,6,11,3,"PIX4051=U14_4051R8@X2, PIX4052=U66_4052Mux12@S3A, DG4051=U53_DAC_LV2@X6 nEN=L, U52=LV2-pin1 FMC_A0A1A2=011"
2907,8,J2_JB16,66,0x0B4,010110100,180,4,0,3,2,6,11,3,"PIX4051=U38_4051L8@X2, PIX4052=U66_4052Mux12@S3B, DG4051=U53_DAC_LV2@X4 nEN=L, U52=LV2-pin1 FMC_A0A1A2=011"
2908,8,J2_JB16,67,0x036,000110110,54,6,0,3,0,6,11,3,"PIX4051=U14_4051R8@X0, PIX4052=U66_4052Mux12@S3A, DG4051=U53_DAC_LV2@X6 nEN=L, U52=LV2-pin1 FMC_A0A1A2=011"
2909,8,J2_JB16,68,0x034,000110100,52,4,0,3,0,6,11,3,"PIX4051=U38_4051L8@X0, PIX4052=U66_4052Mux12@S3B, DG4051=U53_DAC_LV2@X4 nEN=L, U52=LV2-pin1 FMC_A0A1A2=011"
2910,8,J2_JB16,69,0x0F6,011110110,246,6,0,3,3,6,11,3,"PIX4051=U14_4051R8@X3, PIX4052=U66_4052Mux12@S3A, DG4051=U53_DAC_LV2@X6 nEN=L, U52=LV2-pin1 FMC_A0A1A2=011"
2911,8,J2_JB16,70,0x0F4,011110100,244,4,0,3,3,6,11,3,"PIX4051=U38_4051L8@X3, PIX4052=U66_4052Mux12@S3B, DG4051=U53_DAC_LV2@X4 nEN=L, U52=LV2-pin1 FMC_A0A1A2=011"
2912,8,J2_JB16,71,0x177,101110111,375,7,0,3,5,6,11,3,"PIX4051=U15_4051R8@X5, PIX4052=U65_4052Mux12@S3B, DG4051=U53_DAC_LV2@X7 nEN=L, U52=LV2-pin1 FMC_A0A1A2=011"
2913,8,J2_JB16,72,0x173,101110011,371,3,0,3,5,6,11,3,"PIX4051=U39_4051L8@X5, PIX4052=U67_4052Mux12@S3A, DG4051=U53_DAC_LV2@X3 nEN=L, U52=LV2-pin1 FMC_A0A1A2=011"
2914,8,J2_JB16,73,0x1F7,111110111,503,7,0,3,7,6,11,3,"PIX4051=U15_4051R8@X7, PIX4052=U65_4052Mux12@S3B, DG4051=U53_DAC_LV2@X7 nEN=L, U52=LV2-pin1 FMC_A0A1A2=011"
2915,8,J2_JB16,74,0x1F3,111110011,499,3,0,3,7,6,11,3,"PIX4051=U39_4051L8@X7, PIX4052=U67_4052Mux12@S3A, DG4051=U53_DAC_LV2@X3 nEN=L, U52=LV2-pin1 FMC_A0A1A2=011"
2916,8,J2_JB16,75,0x137,100110111,311,7,0,3,4,6,11,3,"PIX4051=U15_4051R8@X4, PIX4052=U65_4052Mux12@S3B, DG4051=U53_DAC_LV2@X7 nEN=L, U52=LV2-pin1 FMC_A0A1A2=011"
2917,8,J2_JB16,76,0x133,100110011,307,3,0,3,4,6,11,3,"PIX4051=U39_4051L8@X4, PIX4052=U67_4052Mux12@S3A, DG4051=U53_DAC_LV2@X3 nEN=L, U52=LV2-pin1 FMC_A0A1A2=011"
2918,8,J2_JB24,1,0x1B7,110110111,439,7,0,3,6,6,11,3,"PIX4051=U15_4051R8@X6, PIX4052=U65_4052Mux12@S3B, DG4051=U53_DAC_LV2@X7 nEN=L, U52=LV2-pin1 FMC_A0A1A2=011"
2919,8,J2_JB24,2,0x1B3,110110011,435,3,0,3,6,6,11,3,"PIX4051=U39_4051L8@X6, PIX4052=U67_4052Mux12@S3A, DG4051=U53_DAC_LV2@X3 nEN=L, U52=LV2-pin1 FMC_A0A1A2=011"
2920,8,J2_JB24,3,0x077,001110111,119,7,0,3,1,6,11,3,"PIX4051=U15_4051R8@X1, PIX4052=U65_4052Mux12@S3B, DG4051=U53_DAC_LV2@X7 nEN=L, U52=LV2-pin1 FMC_A0A1A2=011"
2921,8,J2_JB24,4,0x073,001110011,115,3,0,3,1,6,11,3,"PIX4051=U39_4051L8@X1, PIX4052=U67_4052Mux12@S3A, DG4051=U53_DAC_LV2@X3 nEN=L, U52=LV2-pin1 FMC_A0A1A2=011"
2922,8,J2_JB24,5,0x0B7,010110111,183,7,0,3,2,6,11,3,"PIX4051=U15_4051R8@X2, PIX4052=U65_4052Mux12@S3B, DG4051=U53_DAC_LV2@X7 nEN=L, U52=LV2-pin1 FMC_A0A1A2=011"
2923,8,J2_JB24,6,0x0B3,010110011,179,3,0,3,2,6,11,3,"PIX4051=U39_4051L8@X2, PIX4052=U67_4052Mux12@S3A, DG4051=U53_DAC_LV2@X3 nEN=L, U52=LV2-pin1 FMC_A0A1A2=011"
2924,8,J2_JB24,7,0x037,000110111,55,7,0,3,0,6,11,3,"PIX4051=U15_4051R8@X0, PIX4052=U65_4052Mux12@S3B, DG4051=U53_DAC_LV2@X7 nEN=L, U52=LV2-pin1 FMC_A0A1A2=011"
2925,8,J2_JB24,8,0x033,000110011,51,3,0,3,0,6,11,3,"PIX4051=U39_4051L8@X0, PIX4052=U67_4052Mux12@S3A, DG4051=U53_DAC_LV2@X3 nEN=L, U52=LV2-pin1 FMC_A0A1A2=011"
2926,8,J2_JB24,9,0x0F7,011110111,247,7,0,3,3,6,11,3,"PIX4051=U15_4051R8@X3, PIX4052=U65_4052Mux12@S3B, DG4051=U53_DAC_LV2@X7 nEN=L, U52=LV2-pin1 FMC_A0A1A2=011"
2927,8,J2_JB24,10,0x0F3,011110011,243,3,0,3,3,6,11,3,"PIX4051=U39_4051L8@X3, PIX4052=U67_4052Mux12@S3A, DG4051=U53_DAC_LV2@X3 nEN=L, U52=LV2-pin1 FMC_A0A1A2=011"
2928,8,J2_JB24,11,0x167,101100111,359,7,0,2,5,6,11,3,"PIX4051=U16_4051R8@X5, PIX4052=U65_4052Mux12@S2B, DG4051=U53_DAC_LV2@X7 nEN=L, U52=LV2-pin1 FMC_A0A1A2=011"
2929,8,J2_JB24,12,0x163,101100011,355,3,0,2,5,6,11,3,"PIX4051=U40_4051L8@X5, PIX4052=U67_4052Mux12@S2A, DG4051=U53_DAC_LV2@X3 nEN=L, U52=LV2-pin1 FMC_A0A1A2=011"
2930,8,J2_JB24,13,0x1E7,111100111,487,7,0,2,7,6,11,3,"PIX4051=U16_4051R8@X7, PIX4052=U65_4052Mux12@S2B, DG4051=U53_DAC_LV2@X7 nEN=L, U52=LV2-pin1 FMC_A0A1A2=011"
2931,8,J2_JB24,14,0x1E3,111100011,483,3,0,2,7,6,11,3,"PIX4051=U40_4051L8@X7, PIX4052=U67_4052Mux12@S2A, DG4051=U53_DAC_LV2@X3 nEN=L, U52=LV2-pin1 FMC_A0A1A2=011"
2932,8,J2_JB24,15,0x127,100100111,295,7,0,2,4,6,11,3,"PIX4051=U16_4051R8@X4, PIX4052=U65_4052Mux12@S2B, DG4051=U53_DAC_LV2@X7 nEN=L, U52=LV2-pin1 FMC_A0A1A2=011"
2933,8,J2_JB24,16,0x123,100100011,291,3,0,2,4,6,11,3,"PIX4051=U40_4051L8@X4, PIX4052=U67_4052Mux12@S2A, DG4051=U53_DAC_LV2@X3 nEN=L, U52=LV2-pin1 FMC_A0A1A2=011"
2934,8,J2_JB24,17,0x1A7,110100111,423,7,0,2,6,6,11,3,"PIX4051=U16_4051R8@X6, PIX4052=U65_4052Mux12@S2B, DG4051=U53_DAC_LV2@X7 nEN=L, U52=LV2-pin1 FMC_A0A1A2=011"
2935,8,J2_JB24,18,0x1A3,110100011,419,3,0,2,6,6,11,3,"PIX4051=U40_4051L8@X6, PIX4052=U67_4052Mux12@S2A, DG4051=U53_DAC_LV2@X3 nEN=L, U52=LV2-pin1 FMC_A0A1A2=011"
2936,8,J2_JB24,19,0x067,001100111,103,7,0,2,1,6,11,3,"PIX4051=U16_4051R8@X1, PIX4052=U65_4052Mux12@S2B, DG4051=U53_DAC_LV2@X7 nEN=L, U52=LV2-pin1 FMC_A0A1A2=011"
2937,8,J2_JB24,20,0x063,001100011,99,3,0,2,1,6,11,3,"PIX4051=U40_4051L8@X1, PIX4052=U67_4052Mux12@S2A, DG4051=U53_DAC_LV2@X3 nEN=L, U52=LV2-pin1 FMC_A0A1A2=011"
2938,8,J2_JB24,21,0x0A7,010100111,167,7,0,2,2,6,11,3,"PIX4051=U16_4051R8@X2, PIX4052=U65_4052Mux12@S2B, DG4051=U53_DAC_LV2@X7 nEN=L, U52=LV2-pin1 FMC_A0A1A2=011"
2939,8,J2_JB24,22,0x0A3,010100011,163,3,0,2,2,6,11,3,"PIX4051=U40_4051L8@X2, PIX4052=U67_4052Mux12@S2A, DG4051=U53_DAC_LV2@X3 nEN=L, U52=LV2-pin1 FMC_A0A1A2=011"
2940,8,J2_JB24,23,0x027,000100111,39,7,0,2,0,6,11,3,"PIX4051=U16_4051R8@X0, PIX4052=U65_4052Mux12@S2B, DG4051=U53_DAC_LV2@X7 nEN=L, U52=LV2-pin1 FMC_A0A1A2=011"
2941,8,J2_JB24,24,0x023,000100011,35,3,0,2,0,6,11,3,"PIX4051=U40_4051L8@X0, PIX4052=U67_4052Mux12@S2A, DG4051=U53_DAC_LV2@X3 nEN=L, U52=LV2-pin1 FMC_A0A1A2=011"
2942,8,J2_JB24,25,0x0E7,011100111,231,7,0,2,3,6,11,3,"PIX4051=U16_4051R8@X3, PIX4052=U65_4052Mux12@S2B, DG4051=U53_DAC_LV2@X7 nEN=L, U52=LV2-pin1 FMC_A0A1A2=011"
2943,8,J2_JB24,26,0x0E3,011100011,227,3,0,2,3,6,11,3,"PIX4051=U40_4051L8@X3, PIX4052=U67_4052Mux12@S2A, DG4051=U53_DAC_LV2@X3 nEN=L, U52=LV2-pin1 FMC_A0A1A2=011"
2944,8,J2_JB24,27,0x165,101100101,357,5,0,2,5,6,11,3,"PIX4051=U17_4051R8@X5, PIX4052=U65_4052Mux12@S2A, DG4051=U53_DAC_LV2@X5 nEN=L, U52=LV2-pin1 FMC_A0A1A2=011"
2945,8,J2_JB24,28,0x160,101100000,352,0,0,2,5,6,11,3,"PIX4051=U41_4051L8@X5, PIX4052=U67_4052Mux12@S2B, DG4051=U53_DAC_LV2@X0 nEN=L, U52=LV2-pin1 FMC_A0A1A2=011"
2946,8,J2_JB24,29,0x1E5,111100101,485,5,0,2,7,6,11,3,"PIX4051=U17_4051R8@X7, PIX4052=U65_4052Mux12@S2A, DG4051=U53_DAC_LV2@X5 nEN=L, U52=LV2-pin1 FMC_A0A1A2=011"
2947,8,J2_JB24,30,0x1E0,111100000,480,0,0,2,7,6,11,3,"PIX4051=U41_4051L8@X7, PIX4052=U67_4052Mux12@S2B, DG4051=U53_DAC_LV2@X0 nEN=L, U52=LV2-pin1 FMC_A0A1A2=011"
2948,8,J2_JB24,31,0x125,100100101,293,5,0,2,4,6,11,3,"PIX4051=U17_4051R8@X4, PIX4052=U65_4052Mux12@S2A, DG4051=U53_DAC_LV2@X5 nEN=L, U52=LV2-pin1 FMC_A0A1A2=011"
2949,8,J2_JB24,32,0x120,100100000,288,0,0,2,4,6,11,3,"PIX4051=U41_4051L8@X4, PIX4052=U67_4052Mux12@S2B, DG4051=U53_DAC_LV2@X0 nEN=L, U52=LV2-pin1 FMC_A0A1A2=011"
2950,8,J2_JB24,33,0x1A5,110100101,421,5,0,2,6,6,11,3,"PIX4051=U17_4051R8@X6, PIX4052=U65_4052Mux12@S2A, DG4051=U53_DAC_LV2@X5 nEN=L, U52=LV2-pin1 FMC_A0A1A2=011"
2951,8,J2_JB24,34,0x1A0,110100000,416,0,0,2,6,6,11,3,"PIX4051=U41_4051L8@X6, PIX4052=U67_4052Mux12@S2B, DG4051=U53_DAC_LV2@X0 nEN=L, U52=LV2-pin1 FMC_A0A1A2=011"
2952,8,J2_JB24,35,0x065,001100101,101,5,0,2,1,6,11,3,"PIX4051=U17_4051R8@X1, PIX4052=U65_4052Mux12@S2A, DG4051=U53_DAC_LV2@X5 nEN=L, U52=LV2-pin1 FMC_A0A1A2=011"
2953,8,J2_JB24,36,0x060,001100000,96,0,0,2,1,6,11,3,"PIX4051=U41_4051L8@X1, PIX4052=U67_4052Mux12@S2B, DG4051=U53_DAC_LV2@X0 nEN=L, U52=LV2-pin1 FMC_A0A1A2=011"
2954,8,J2_JB24,37,0x0A5,010100101,165,5,0,2,2,6,11,3,"PIX4051=U17_4051R8@X2, PIX4052=U65_4052Mux12@S2A, DG4051=U53_DAC_LV2@X5 nEN=L, U52=LV2-pin1 FMC_A0A1A2=011"
2955,8,J2_JB24,38,0x0A0,010100000,160,0,0,2,2,6,11,3,"PIX4051=U41_4051L8@X2, PIX4052=U67_4052Mux12@S2B, DG4051=U53_DAC_LV2@X0 nEN=L, U52=LV2-pin1 FMC_A0A1A2=011"
2956,8,J2_JB24,39,0x025,000100101,37,5,0,2,0,6,11,3,"PIX4051=U17_4051R8@X0, PIX4052=U65_4052Mux12@S2A, DG4051=U53_DAC_LV2@X5 nEN=L, U52=LV2-pin1 FMC_A0A1A2=011"
2957,8,J2_JB24,40,0x020,000100000,32,0,0,2,0,6,11,3,"PIX4051=U41_4051L8@X0, PIX4052=U67_4052Mux12@S2B, DG4051=U53_DAC_LV2@X0 nEN=L, U52=LV2-pin1 FMC_A0A1A2=011"
2958,8,J2_JB24,41,0x0E5,011100101,229,5,0,2,3,6,11,3,"PIX4051=U17_4051R8@X3, PIX4052=U65_4052Mux12@S2A, DG4051=U53_DAC_LV2@X5 nEN=L, U52=LV2-pin1 FMC_A0A1A2=011"
2959,8,J2_JB24,42,0x0E0,011100000,224,0,0,2,3,6,11,3,"PIX4051=U41_4051L8@X3, PIX4052=U67_4052Mux12@S2B, DG4051=U53_DAC_LV2@X0 nEN=L, U52=LV2-pin1 FMC_A0A1A2=011"
2960,8,J2_JB24,43,0x175,101110101,373,5,0,3,5,6,11,3,"PIX4051=U18_4051R8@X5, PIX4052=U65_4052Mux12@S3A, DG4051=U53_DAC_LV2@X5 nEN=L, U52=LV2-pin1 FMC_A0A1A2=011"
2961,8,J2_JB24,44,0x170,101110000,368,0,0,3,5,6,11,3,"PIX4051=U42_4051L8@X5, PIX4052=U67_4052Mux12@S3B, DG4051=U53_DAC_LV2@X0 nEN=L, U52=LV2-pin1 FMC_A0A1A2=011"
2962,8,J2_JB24,45,0x1F5,111110101,501,5,0,3,7,6,11,3,"PIX4051=U18_4051R8@X7, PIX4052=U65_4052Mux12@S3A, DG4051=U53_DAC_LV2@X5 nEN=L, U52=LV2-pin1 FMC_A0A1A2=011"
2963,8,J2_JB24,46,0x1F0,111110000,496,0,0,3,7,6,11,3,"PIX4051=U42_4051L8@X7, PIX4052=U67_4052Mux12@S3B, DG4051=U53_DAC_LV2@X0 nEN=L, U52=LV2-pin1 FMC_A0A1A2=011"
2964,8,J2_JB24,47,0x135,100110101,309,5,0,3,4,6,11,3,"PIX4051=U18_4051R8@X4, PIX4052=U65_4052Mux12@S3A, DG4051=U53_DAC_LV2@X5 nEN=L, U52=LV2-pin1 FMC_A0A1A2=011"
2965,8,J2_JB24,48,0x130,100110000,304,0,0,3,4,6,11,3,"PIX4051=U42_4051L8@X4, PIX4052=U67_4052Mux12@S3B, DG4051=U53_DAC_LV2@X0 nEN=L, U52=LV2-pin1 FMC_A0A1A2=011"
2966,8,J2_JB24,49,0x1B5,110110101,437,5,0,3,6,6,11,3,"PIX4051=U18_4051R8@X6, PIX4052=U65_4052Mux12@S3A, DG4051=U53_DAC_LV2@X5 nEN=L, U52=LV2-pin1 FMC_A0A1A2=011"
2967,8,J2_JB24,50,0x1B0,110110000,432,0,0,3,6,6,11,3,"PIX4051=U42_4051L8@X6, PIX4052=U67_4052Mux12@S3B, DG4051=U53_DAC_LV2@X0 nEN=L, U52=LV2-pin1 FMC_A0A1A2=011"
2968,8,J2_JB24,51,0x075,001110101,117,5,0,3,1,6,11,3,"PIX4051=U18_4051R8@X1, PIX4052=U65_4052Mux12@S3A, DG4051=U53_DAC_LV2@X5 nEN=L, U52=LV2-pin1 FMC_A0A1A2=011"
2969,8,J2_JB24,52,0x070,001110000,112,0,0,3,1,6,11,3,"PIX4051=U42_4051L8@X1, PIX4052=U67_4052Mux12@S3B, DG4051=U53_DAC_LV2@X0 nEN=L, U52=LV2-pin1 FMC_A0A1A2=011"
2970,8,J2_JB24,53,0x0B5,010110101,181,5,0,3,2,6,11,3,"PIX4051=U18_4051R8@X2, PIX4052=U65_4052Mux12@S3A, DG4051=U53_DAC_LV2@X5 nEN=L, U52=LV2-pin1 FMC_A0A1A2=011"
2971,8,J2_JB24,54,0x0B0,010110000,176,0,0,3,2,6,11,3,"PIX4051=U42_4051L8@X2, PIX4052=U67_4052Mux12@S3B, DG4051=U53_DAC_LV2@X0 nEN=L, U52=LV2-pin1 FMC_A0A1A2=011"
2972,8,J2_JB24,55,0x035,000110101,53,5,0,3,0,6,11,3,"PIX4051=U18_4051R8@X0, PIX4052=U65_4052Mux12@S3A, DG4051=U53_DAC_LV2@X5 nEN=L, U52=LV2-pin1 FMC_A0A1A2=011"
2973,8,J2_JB24,56,0x030,000110000,48,0,0,3,0,6,11,3,"PIX4051=U42_4051L8@X0, PIX4052=U67_4052Mux12@S3B, DG4051=U53_DAC_LV2@X0 nEN=L, U52=LV2-pin1 FMC_A0A1A2=011"
2974,8,J2_JB24,57,0x0F5,011110101,245,5,0,3,3,6,11,3,"PIX4051=U18_4051R8@X3, PIX4052=U65_4052Mux12@S3A, DG4051=U53_DAC_LV2@X5 nEN=L, U52=LV2-pin1 FMC_A0A1A2=011"
2975,8,J2_JB24,58,0x0F0,011110000,240,0,0,3,3,6,11,3,"PIX4051=U42_4051L8@X3, PIX4052=U67_4052Mux12@S3B, DG4051=U53_DAC_LV2@X0 nEN=L, U52=LV2-pin1 FMC_A0A1A2=011"
2976,8,J2_JB24,59,0x156,101010110,342,6,0,1,5,6,11,3,"PIX4051=U19_4051R8@X5, PIX4052=U66_4052Mux12@S1A, DG4051=U53_DAC_LV2@X6 nEN=L, U52=LV2-pin1 FMC_A0A1A2=011"
2977,8,J2_JB24,60,0x144,101000100,324,4,0,0,5,6,11,3,"PIX4051=U43_4051L8@X5, PIX4052=U66_4052Mux12@S0B, DG4051=U53_DAC_LV2@X4 nEN=L, U52=LV2-pin1 FMC_A0A1A2=011"
2978,8,J2_JB24,61,0x1D6,111010110,470,6,0,1,7,6,11,3,"PIX4051=U19_4051R8@X7, PIX4052=U66_4052Mux12@S1A, DG4051=U53_DAC_LV2@X6 nEN=L, U52=LV2-pin1 FMC_A0A1A2=011"
2979,8,J2_JB24,62,0x1C4,111000100,452,4,0,0,7,6,11,3,"PIX4051=U43_4051L8@X7, PIX4052=U66_4052Mux12@S0B, DG4051=U53_DAC_LV2@X4 nEN=L, U52=LV2-pin1 FMC_A0A1A2=011"
2980,8,J2_JB24,63,0x116,100010110,278,6,0,1,4,6,11,3,"PIX4051=U19_4051R8@X4, PIX4052=U66_4052Mux12@S1A, DG4051=U53_DAC_LV2@X6 nEN=L, U52=LV2-pin1 FMC_A0A1A2=011"
2981,8,J2_JB24,64,0x104,100000100,260,4,0,0,4,6,11,3,"PIX4051=U43_4051L8@X4, PIX4052=U66_4052Mux12@S0B, DG4051=U53_DAC_LV2@X4 nEN=L, U52=LV2-pin1 FMC_A0A1A2=011"
2982,8,J2_JB24,65,0x196,110010110,406,6,0,1,6,6,11,3,"PIX4051=U19_4051R8@X6, PIX4052=U66_4052Mux12@S1A, DG4051=U53_DAC_LV2@X6 nEN=L, U52=LV2-pin1 FMC_A0A1A2=011"
2983,8,J2_JB24,66,0x184,110000100,388,4,0,0,6,6,11,3,"PIX4051=U43_4051L8@X6, PIX4052=U66_4052Mux12@S0B, DG4051=U53_DAC_LV2@X4 nEN=L, U52=LV2-pin1 FMC_A0A1A2=011"
2984,8,J2_JB24,67,0x056,001010110,86,6,0,1,1,6,11,3,"PIX4051=U19_4051R8@X1, PIX4052=U66_4052Mux12@S1A, DG4051=U53_DAC_LV2@X6 nEN=L, U52=LV2-pin1 FMC_A0A1A2=011"
2985,8,J2_JB24,68,0x044,001000100,68,4,0,0,1,6,11,3,"PIX4051=U43_4051L8@X1, PIX4052=U66_4052Mux12@S0B, DG4051=U53_DAC_LV2@X4 nEN=L, U52=LV2-pin1 FMC_A0A1A2=011"
2986,8,J2_JB24,69,0x096,010010110,150,6,0,1,2,6,11,3,"PIX4051=U19_4051R8@X2, PIX4052=U66_4052Mux12@S1A, DG4051=U53_DAC_LV2@X6 nEN=L, U52=LV2-pin1 FMC_A0A1A2=011"
2987,8,J2_JB24,70,0x084,010000100,132,4,0,0,2,6,11,3,"PIX4051=U43_4051L8@X2, PIX4052=U66_4052Mux12@S0B, DG4051=U53_DAC_LV2@X4 nEN=L, U52=LV2-pin1 FMC_A0A1A2=011"
2988,8,J2_JB24,71,0x016,000010110,22,6,0,1,0,6,11,3,"PIX4051=U19_4051R8@X0, PIX4052=U66_4052Mux12@S1A, DG4051=U53_DAC_LV2@X6 nEN=L, U52=LV2-pin1 FMC_A0A1A2=011"
2989,8,J2_JB24,72,0x004,000000100,4,4,0,0,0,6,11,3,"PIX4051=U43_4051L8@X0, PIX4052=U66_4052Mux12@S0B, DG4051=U53_DAC_LV2@X4 nEN=L, U52=LV2-pin1 FMC_A0A1A2=011"
2990,8,J2_JB24,73,0x0D6,011010110,214,6,0,1,3,6,11,3,"PIX4051=U19_4051R8@X3, PIX4052=U66_4052Mux12@S1A, DG4051=U53_DAC_LV2@X6 nEN=L, U52=LV2-pin1 FMC_A0A1A2=011"
2991,8,J2_JB24,74,0x0C4,011000100,196,4,0,0,3,6,11,3,"PIX4051=U43_4051L8@X3, PIX4052=U66_4052Mux12@S0B, DG4051=U53_DAC_LV2@X4 nEN=L, U52=LV2-pin1 FMC_A0A1A2=011"
2992,8,J2_JB24,75,0x146,101000110,326,6,0,0,5,6,11,3,"PIX4051=U20_4051R8@X5, PIX4052=U66_4052Mux12@S0A, DG4051=U53_DAC_LV2@X6 nEN=L, U52=LV2-pin1 FMC_A0A1A2=011"
2993,8,J2_JB24,76,0x154,101010100,340,4,0,1,5,6,11,3,"PIX4051=U44_4051L8@X5, PIX4052=U66_4052Mux12@S1B, DG4051=U53_DAC_LV2@X4 nEN=L, U52=LV2-pin1 FMC_A0A1A2=011"
2994,8,J1_JA16,3,0x0D0,011010000,208,0,0,1,3,6,11,3,"PIX4051=U48_4051L8@X3, PIX4052=U67_4052Mux12@S1B, DG4051=U53_DAC_LV2@X0 nEN=L, U52=LV2-pin1 FMC_A0A1A2=011"
2995,8,J1_JA16,4,0x0C5,011000101,197,5,0,0,3,6,11,3,"PIX4051=U24_4051R8@X3, PIX4052=U65_4052Mux12@S0A, DG4051=U53_DAC_LV2@X5 nEN=L, U52=LV2-pin1 FMC_A0A1A2=011"
2996,8,J1_JA16,5,0x010,000010000,16,0,0,1,0,6,11,3,"PIX4051=U48_4051L8@X0, PIX4052=U67_4052Mux12@S1B, DG4051=U53_DAC_LV2@X0 nEN=L, U52=LV2-pin1 FMC_A0A1A2=011"
2997,8,J1_JA16,6,0x005,000000101,5,5,0,0,0,6,11,3,"PIX4051=U24_4051R8@X0, PIX4052=U65_4052Mux12@S0A, DG4051=U53_DAC_LV2@X5 nEN=L, U52=LV2-pin1 FMC_A0A1A2=011"
2998,8,J1_JA16,7,0x090,010010000,144,0,0,1,2,6,11,3,"PIX4051=U48_4051L8@X2, PIX4052=U67_4052Mux12@S1B, DG4051=U53_DAC_LV2@X0 nEN=L, U52=LV2-pin1 FMC_A0A1A2=011"
2999,8,J1_JA16,8,0x085,010000101,133,5,0,0,2,6,11,3,"PIX4051=U24_4051R8@X2, PIX4052=U65_4052Mux12@S0A, DG4051=U53_DAC_LV2@X5 nEN=L, U52=LV2-pin1 FMC_A0A1A2=011"
3000,8,J1_JA16,9,0x050,001010000,80,0,0,1,1,6,11,3,"PIX4051=U48_4051L8@X1, PIX4052=U67_4052Mux12@S1B, DG4051=U53_DAC_LV2@X0 nEN=L, U52=LV2-pin1 FMC_A0A1A2=011"
3001,8,J1_JA16,10,0x045,001000101,69,5,0,0,1,6,11,3,"PIX4051=U24_4051R8@X1, PIX4052=U65_4052Mux12@S0A, DG4051=U53_DAC_LV2@X5 nEN=L, U52=LV2-pin1 FMC_A0A1A2=011"
3002,8,J1_JA16,11,0x190,110010000,400,0,0,1,6,6,11,3,"PIX4051=U48_4051L8@X6, PIX4052=U67_4052Mux12@S1B, DG4051=U53_DAC_LV2@X0 nEN=L, U52=LV2-pin1 FMC_A0A1A2=011"
3003,8,J1_JA16,12,0x185,110000101,389,5,0,0,6,6,11,3,"PIX4051=U24_4051R8@X6, PIX4052=U65_4052Mux12@S0A, DG4051=U53_DAC_LV2@X5 nEN=L, U52=LV2-pin1 FMC_A0A1A2=011"
3004,8,J1_JA16,13,0x110,100010000,272,0,0,1,4,6,11,3,"PIX4051=U48_4051L8@X4, PIX4052=U67_4052Mux12@S1B, DG4051=U53_DAC_LV2@X0 nEN=L, U52=LV2-pin1 FMC_A0A1A2=011"
3005,8,J1_JA16,14,0x105,100000101,261,5,0,0,4,6,11,3,"PIX4051=U24_4051R8@X4, PIX4052=U65_4052Mux12@S0A, DG4051=U53_DAC_LV2@X5 nEN=L, U52=LV2-pin1 FMC_A0A1A2=011"
3006,8,J1_JA16,15,0x1D0,111010000,464,0,0,1,7,6,11,3,"PIX4051=U48_4051L8@X7, PIX4052=U67_4052Mux12@S1B, DG4051=U53_DAC_LV2@X0 nEN=L, U52=LV2-pin1 FMC_A0A1A2=011"
3007,8,J1_JA16,16,0x1C5,111000101,453,5,0,0,7,6,11,3,"PIX4051=U24_4051R8@X7, PIX4052=U65_4052Mux12@S0A, DG4051=U53_DAC_LV2@X5 nEN=L, U52=LV2-pin1 FMC_A0A1A2=011"
3008,8,J1_JA16,17,0x150,101010000,336,0,0,1,5,6,11,3,"PIX4051=U48_4051L8@X5, PIX4052=U67_4052Mux12@S1B, DG4051=U53_DAC_LV2@X0 nEN=L, U52=LV2-pin1 FMC_A0A1A2=011"
3009,8,J1_JA16,18,0x145,101000101,325,5,0,0,5,6,11,3,"PIX4051=U24_4051R8@X5, PIX4052=U65_4052Mux12@S0A, DG4051=U53_DAC_LV2@X5 nEN=L, U52=LV2-pin1 FMC_A0A1A2=011"
3010,8,J1_JA16,19,0x0C0,011000000,192,0,0,0,3,6,11,3,"PIX4051=U47_4051L8@X3, PIX4052=U67_4052Mux12@S0B, DG4051=U53_DAC_LV2@X0 nEN=L, U52=LV2-pin1 FMC_A0A1A2=011"
3011,8,J1_JA16,20,0x0D5,011010101,213,5,0,1,3,6,11,3,"PIX4051=U23_4051R8@X3, PIX4052=U65_4052Mux12@S1A, DG4051=U53_DAC_LV2@X5 nEN=L, U52=LV2-pin1 FMC_A0A1A2=011"
3012,8,J1_JA16,21,0x000,000000000,0,0,0,0,0,6,11,3,"PIX4051=U47_4051L8@X0, PIX4052=U67_4052Mux12@S0B, DG4051=U53_DAC_LV2@X0 nEN=L, U52=LV2-pin1 FMC_A0A1A2=011"
3013,8,J1_JA16,22,0x015,000010101,21,5,0,1,0,6,11,3,"PIX4051=U23_4051R8@X0, PIX4052=U65_4052Mux12@S1A, DG4051=U53_DAC_LV2@X5 nEN=L, U52=LV2-pin1 FMC_A0A1A2=011"
3014,8,J1_JA16,23,0x080,010000000,128,0,0,0,2,6,11,3,"PIX4051=U47_4051L8@X2, PIX4052=U67_4052Mux12@S0B, DG4051=U53_DAC_LV2@X0 nEN=L, U52=LV2-pin1 FMC_A0A1A2=011"
3015,8,J1_JA16,24,0x095,010010101,149,5,0,1,2,6,11,3,"PIX4051=U23_4051R8@X2, PIX4052=U65_4052Mux12@S1A, DG4051=U53_DAC_LV2@X5 nEN=L, U52=LV2-pin1 FMC_A0A1A2=011"
3016,8,J1_JA16,25,0x040,001000000,64,0,0,0,1,6,11,3,"PIX4051=U47_4051L8@X1, PIX4052=U67_4052Mux12@S0B, DG4051=U53_DAC_LV2@X0 nEN=L, U52=LV2-pin1 FMC_A0A1A2=011"
3017,8,J1_JA16,26,0x055,001010101,85,5,0,1,1,6,11,3,"PIX4051=U23_4051R8@X1, PIX4052=U65_4052Mux12@S1A, DG4051=U53_DAC_LV2@X5 nEN=L, U52=LV2-pin1 FMC_A0A1A2=011"
3018,8,J1_JA16,27,0x180,110000000,384,0,0,0,6,6,11,3,"PIX4051=U47_4051L8@X6, PIX4052=U67_4052Mux12@S0B, DG4051=U53_DAC_LV2@X0 nEN=L, U52=LV2-pin1 FMC_A0A1A2=011"
3019,8,J1_JA16,28,0x195,110010101,405,5,0,1,6,6,11,3,"PIX4051=U23_4051R8@X6, PIX4052=U65_4052Mux12@S1A, DG4051=U53_DAC_LV2@X5 nEN=L, U52=LV2-pin1 FMC_A0A1A2=011"
3020,8,J1_JA16,29,0x100,100000000,256,0,0,0,4,6,11,3,"PIX4051=U47_4051L8@X4, PIX4052=U67_4052Mux12@S0B, DG4051=U53_DAC_LV2@X0 nEN=L, U52=LV2-pin1 FMC_A0A1A2=011"
3021,8,J1_JA16,30,0x115,100010101,277,5,0,1,4,6,11,3,"PIX4051=U23_4051R8@X4, PIX4052=U65_4052Mux12@S1A, DG4051=U53_DAC_LV2@X5 nEN=L, U52=LV2-pin1 FMC_A0A1A2=011"
3022,8,J1_JA16,31,0x1C0,111000000,448,0,0,0,7,6,11,3,"PIX4051=U47_4051L8@X7, PIX4052=U67_4052Mux12@S0B, DG4051=U53_DAC_LV2@X0 nEN=L, U52=LV2-pin1 FMC_A0A1A2=011"
3023,8,J1_JA16,32,0x1D5,111010101,469,5,0,1,7,6,11,3,"PIX4051=U23_4051R8@X7, PIX4052=U65_4052Mux12@S1A, DG4051=U53_DAC_LV2@X5 nEN=L, U52=LV2-pin1 FMC_A0A1A2=011"
3024,8,J1_JA16,33,0x140,101000000,320,0,0,0,5,6,11,3,"PIX4051=U47_4051L8@X5, PIX4052=U67_4052Mux12@S0B, DG4051=U53_DAC_LV2@X0 nEN=L, U52=LV2-pin1 FMC_A0A1A2=011"
3025,8,J1_JA16,34,0x155,101010101,341,5,0,1,5,6,11,3,"PIX4051=U23_4051R8@X5, PIX4052=U65_4052Mux12@S1A, DG4051=U53_DAC_LV2@X5 nEN=L, U52=LV2-pin1 FMC_A0A1A2=011"
3026,8,J1_JA16,35,0x0D3,011010011,211,3,0,1,3,6,11,3,"PIX4051=U46_4051L8@X3, PIX4052=U67_4052Mux12@S1A, DG4051=U53_DAC_LV2@X3 nEN=L, U52=LV2-pin1 FMC_A0A1A2=011"
3027,8,J1_JA16,36,0x0C7,011000111,199,7,0,0,3,6,11,3,"PIX4051=U22_4051R8@X3, PIX4052=U65_4052Mux12@S0B, DG4051=U53_DAC_LV2@X7 nEN=L, U52=LV2-pin1 FMC_A0A1A2=011"
3028,8,J1_JA16,37,0x013,000010011,19,3,0,1,0,6,11,3,"PIX4051=U46_4051L8@X0, PIX4052=U67_4052Mux12@S1A, DG4051=U53_DAC_LV2@X3 nEN=L, U52=LV2-pin1 FMC_A0A1A2=011"
3029,8,J1_JA16,38,0x007,000000111,7,7,0,0,0,6,11,3,"PIX4051=U22_4051R8@X0, PIX4052=U65_4052Mux12@S0B, DG4051=U53_DAC_LV2@X7 nEN=L, U52=LV2-pin1 FMC_A0A1A2=011"
3030,8,J1_JA16,39,0x093,010010011,147,3,0,1,2,6,11,3,"PIX4051=U46_4051L8@X2, PIX4052=U67_4052Mux12@S1A, DG4051=U53_DAC_LV2@X3 nEN=L, U52=LV2-pin1 FMC_A0A1A2=011"
3031,8,J1_JA16,40,0x087,010000111,135,7,0,0,2,6,11,3,"PIX4051=U22_4051R8@X2, PIX4052=U65_4052Mux12@S0B, DG4051=U53_DAC_LV2@X7 nEN=L, U52=LV2-pin1 FMC_A0A1A2=011"
3032,8,J1_JA16,41,0x053,001010011,83,3,0,1,1,6,11,3,"PIX4051=U46_4051L8@X1, PIX4052=U67_4052Mux12@S1A, DG4051=U53_DAC_LV2@X3 nEN=L, U52=LV2-pin1 FMC_A0A1A2=011"
3033,8,J1_JA16,42,0x047,001000111,71,7,0,0,1,6,11,3,"PIX4051=U22_4051R8@X1, PIX4052=U65_4052Mux12@S0B, DG4051=U53_DAC_LV2@X7 nEN=L, U52=LV2-pin1 FMC_A0A1A2=011"
3034,8,J1_JA16,43,0x193,110010011,403,3,0,1,6,6,11,3,"PIX4051=U46_4051L8@X6, PIX4052=U67_4052Mux12@S1A, DG4051=U53_DAC_LV2@X3 nEN=L, U52=LV2-pin1 FMC_A0A1A2=011"
3035,8,J1_JA16,44,0x187,110000111,391,7,0,0,6,6,11,3,"PIX4051=U22_4051R8@X6, PIX4052=U65_4052Mux12@S0B, DG4051=U53_DAC_LV2@X7 nEN=L, U52=LV2-pin1 FMC_A0A1A2=011"
3036,8,J1_JA16,45,0x113,100010011,275,3,0,1,4,6,11,3,"PIX4051=U46_4051L8@X4, PIX4052=U67_4052Mux12@S1A, DG4051=U53_DAC_LV2@X3 nEN=L, U52=LV2-pin1 FMC_A0A1A2=011"
3037,8,J1_JA16,46,0x107,100000111,263,7,0,0,4,6,11,3,"PIX4051=U22_4051R8@X4, PIX4052=U65_4052Mux12@S0B, DG4051=U53_DAC_LV2@X7 nEN=L, U52=LV2-pin1 FMC_A0A1A2=011"
3038,8,J1_JA16,47,0x1D3,111010011,467,3,0,1,7,6,11,3,"PIX4051=U46_4051L8@X7, PIX4052=U67_4052Mux12@S1A, DG4051=U53_DAC_LV2@X3 nEN=L, U52=LV2-pin1 FMC_A0A1A2=011"
3039,8,J1_JA16,48,0x1C7,111000111,455,7,0,0,7,6,11,3,"PIX4051=U22_4051R8@X7, PIX4052=U65_4052Mux12@S0B, DG4051=U53_DAC_LV2@X7 nEN=L, U52=LV2-pin1 FMC_A0A1A2=011"
3040,8,J1_JA16,49,0x153,101010011,339,3,0,1,5,6,11,3,"PIX4051=U46_4051L8@X5, PIX4052=U67_4052Mux12@S1A, DG4051=U53_DAC_LV2@X3 nEN=L, U52=LV2-pin1 FMC_A0A1A2=011"
3041,8,J1_JA16,50,0x147,101000111,327,7,0,0,5,6,11,3,"PIX4051=U22_4051R8@X5, PIX4052=U65_4052Mux12@S0B, DG4051=U53_DAC_LV2@X7 nEN=L, U52=LV2-pin1 FMC_A0A1A2=011"
3042,8,J1_JA16,51,0x0C3,011000011,195,3,0,0,3,6,11,3,"PIX4051=U45_4051L8@X3, PIX4052=U67_4052Mux12@S0A, DG4051=U53_DAC_LV2@X3 nEN=L, U52=LV2-pin1 FMC_A0A1A2=011"
3043,8,J1_JA16,52,0x0D7,011010111,215,7,0,1,3,6,11,3,"PIX4051=U21_4051R8@X3, PIX4052=U65_4052Mux12@S1B, DG4051=U53_DAC_LV2@X7 nEN=L, U52=LV2-pin1 FMC_A0A1A2=011"
3044,8,J1_JA16,53,0x003,000000011,3,3,0,0,0,6,11,3,"PIX4051=U45_4051L8@X0, PIX4052=U67_4052Mux12@S0A, DG4051=U53_DAC_LV2@X3 nEN=L, U52=LV2-pin1 FMC_A0A1A2=011"
3045,8,J1_JA16,54,0x017,000010111,23,7,0,1,0,6,11,3,"PIX4051=U21_4051R8@X0, PIX4052=U65_4052Mux12@S1B, DG4051=U53_DAC_LV2@X7 nEN=L, U52=LV2-pin1 FMC_A0A1A2=011"
3046,8,J1_JA16,55,0x083,010000011,131,3,0,0,2,6,11,3,"PIX4051=U45_4051L8@X2, PIX4052=U67_4052Mux12@S0A, DG4051=U53_DAC_LV2@X3 nEN=L, U52=LV2-pin1 FMC_A0A1A2=011"
3047,8,J1_JA16,56,0x097,010010111,151,7,0,1,2,6,11,3,"PIX4051=U21_4051R8@X2, PIX4052=U65_4052Mux12@S1B, DG4051=U53_DAC_LV2@X7 nEN=L, U52=LV2-pin1 FMC_A0A1A2=011"
3048,8,J1_JA16,57,0x043,001000011,67,3,0,0,1,6,11,3,"PIX4051=U45_4051L8@X1, PIX4052=U67_4052Mux12@S0A, DG4051=U53_DAC_LV2@X3 nEN=L, U52=LV2-pin1 FMC_A0A1A2=011"
3049,8,J1_JA16,58,0x057,001010111,87,7,0,1,1,6,11,3,"PIX4051=U21_4051R8@X1, PIX4052=U65_4052Mux12@S1B, DG4051=U53_DAC_LV2@X7 nEN=L, U52=LV2-pin1 FMC_A0A1A2=011"
3050,8,J1_JA16,59,0x183,110000011,387,3,0,0,6,6,11,3,"PIX4051=U45_4051L8@X6, PIX4052=U67_4052Mux12@S0A, DG4051=U53_DAC_LV2@X3 nEN=L, U52=LV2-pin1 FMC_A0A1A2=011"
3051,8,J1_JA16,60,0x197,110010111,407,7,0,1,6,6,11,3,"PIX4051=U21_4051R8@X6, PIX4052=U65_4052Mux12@S1B, DG4051=U53_DAC_LV2@X7 nEN=L, U52=LV2-pin1 FMC_A0A1A2=011"
3052,8,J1_JA16,61,0x103,100000011,259,3,0,0,4,6,11,3,"PIX4051=U45_4051L8@X4, PIX4052=U67_4052Mux12@S0A, DG4051=U53_DAC_LV2@X3 nEN=L, U52=LV2-pin1 FMC_A0A1A2=011"
3053,8,J1_JA16,62,0x117,100010111,279,7,0,1,4,6,11,3,"PIX4051=U21_4051R8@X4, PIX4052=U65_4052Mux12@S1B, DG4051=U53_DAC_LV2@X7 nEN=L, U52=LV2-pin1 FMC_A0A1A2=011"
3054,8,J1_JA16,63,0x1C3,111000011,451,3,0,0,7,6,11,3,"PIX4051=U45_4051L8@X7, PIX4052=U67_4052Mux12@S0A, DG4051=U53_DAC_LV2@X3 nEN=L, U52=LV2-pin1 FMC_A0A1A2=011"
3055,8,J1_JA16,64,0x1D7,111010111,471,7,0,1,7,6,11,3,"PIX4051=U21_4051R8@X7, PIX4052=U65_4052Mux12@S1B, DG4051=U53_DAC_LV2@X7 nEN=L, U52=LV2-pin1 FMC_A0A1A2=011"
3056,8,J1_JA16,65,0x143,101000011,323,3,0,0,5,6,11,3,"PIX4051=U45_4051L8@X5, PIX4052=U67_4052Mux12@S0A, DG4051=U53_DAC_LV2@X3 nEN=L, U52=LV2-pin1 FMC_A0A1A2=011"
3057,8,J1_JA16,66,0x157,101010111,343,7,0,1,5,6,11,3,"PIX4051=U21_4051R8@X5, PIX4052=U65_4052Mux12@S1B, DG4051=U53_DAC_LV2@X7 nEN=L, U52=LV2-pin1 FMC_A0A1A2=011"
3058,8,J1_JA16,67,0x0D4,011010100,212,4,0,1,3,6,11,3,"PIX4051=U44_4051L8@X3, PIX4052=U66_4052Mux12@S1B, DG4051=U53_DAC_LV2@X4 nEN=L, U52=LV2-pin1 FMC_A0A1A2=011"
3059,8,J1_JA16,68,0x0C6,011000110,198,6,0,0,3,6,11,3,"PIX4051=U20_4051R8@X3, PIX4052=U66_4052Mux12@S0A, DG4051=U53_DAC_LV2@X6 nEN=L, U52=LV2-pin1 FMC_A0A1A2=011"
3060,8,J1_JA16,69,0x014,000010100,20,4,0,1,0,6,11,3,"PIX4051=U44_4051L8@X0, PIX4052=U66_4052Mux12@S1B, DG4051=U53_DAC_LV2@X4 nEN=L, U52=LV2-pin1 FMC_A0A1A2=011"
3061,8,J1_JA16,70,0x006,000000110,6,6,0,0,0,6,11,3,"PIX4051=U20_4051R8@X0, PIX4052=U66_4052Mux12@S0A, DG4051=U53_DAC_LV2@X6 nEN=L, U52=LV2-pin1 FMC_A0A1A2=011"
3062,8,J1_JA16,71,0x094,010010100,148,4,0,1,2,6,11,3,"PIX4051=U44_4051L8@X2, PIX4052=U66_4052Mux12@S1B, DG4051=U53_DAC_LV2@X4 nEN=L, U52=LV2-pin1 FMC_A0A1A2=011"
3063,8,J1_JA16,72,0x086,010000110,134,6,0,0,2,6,11,3,"PIX4051=U20_4051R8@X2, PIX4052=U66_4052Mux12@S0A, DG4051=U53_DAC_LV2@X6 nEN=L, U52=LV2-pin1 FMC_A0A1A2=011"
3064,8,J1_JA16,73,0x054,001010100,84,4,0,1,1,6,11,3,"PIX4051=U44_4051L8@X1, PIX4052=U66_4052Mux12@S1B, DG4051=U53_DAC_LV2@X4 nEN=L, U52=LV2-pin1 FMC_A0A1A2=011"
3065,8,J1_JA16,74,0x046,001000110,70,6,0,0,1,6,11,3,"PIX4051=U20_4051R8@X1, PIX4052=U66_4052Mux12@S0A, DG4051=U53_DAC_LV2@X6 nEN=L, U52=LV2-pin1 FMC_A0A1A2=011"
3066,8,J1_JA16,75,0x194,110010100,404,4,0,1,6,6,11,3,"PIX4051=U44_4051L8@X6, PIX4052=U66_4052Mux12@S1B, DG4051=U53_DAC_LV2@X4 nEN=L, U52=LV2-pin1 FMC_A0A1A2=011"
3067,8,J1_JA16,76,0x186,110000110,390,6,0,0,6,6,11,3,"PIX4051=U20_4051R8@X6, PIX4052=U66_4052Mux12@S0A, DG4051=U53_DAC_LV2@X6 nEN=L, U52=LV2-pin1 FMC_A0A1A2=011"
3068,8,J1_JA16,77,0x114,100010100,276,4,0,1,4,6,11,3,"PIX4051=U44_4051L8@X4, PIX4052=U66_4052Mux12@S1B, DG4051=U53_DAC_LV2@X4 nEN=L, U52=LV2-pin1 FMC_A0A1A2=011"
3069,8,J1_JA16,78,0x106,100000110,262,6,0,0,4,6,11,3,"PIX4051=U20_4051R8@X4, PIX4052=U66_4052Mux12@S0A, DG4051=U53_DAC_LV2@X6 nEN=L, U52=LV2-pin1 FMC_A0A1A2=011"
3070,8,J1_JA16,79,0x1D4,111010100,468,4,0,1,7,6,11,3,"PIX4051=U44_4051L8@X7, PIX4052=U66_4052Mux12@S1B, DG4051=U53_DAC_LV2@X4 nEN=L, U52=LV2-pin1 FMC_A0A1A2=011"
3071,8,J1_JA16,80,0x1C6,111000110,454,6,0,0,7,6,11,3,"PIX4051=U20_4051R8@X7, PIX4052=U66_4052Mux12@S0A, DG4051=U53_DAC_LV2@X6 nEN=L, U52=LV2-pin1 FMC_A0A1A2=011"
